pathway_A,pathway_B,n_A,n_B,n_shared,jaccard,shared_genes,n_shared_detected,n_shared_DEG_any_key,shared_DEG_genes,shared_DEG_genes_signed,shared_DEG_BM C0,shared_DEG_Spleen C3,shared_DEG_BM C4,shared_DEG_BM C5-2,shared_DEG_Spleen C5-2,shared_DEG_Thymus C6,n_shared_DEG_all20_units,interpretation
GO AP-1 complex,KEGG MAPK,6,294,3,0.0101,Fos;Jun;Jund,3,3,Fos;Jun;Jund,Fos(+);Jun(+);Jund(+),Fos(+0.93);Jun(+0.61),Fos(+1.78);Jun(+1.24);Jund(+0.31),Fos(+1.13),,,Fos(+0.50),3,"3 shared annotated gene(s), 3 of them DEG in BM C0, Spleen C3, BM C4, Thymus C6: Fos(+), Jun(+), Jund(+) (+ = higher in T2). The DE-supported part of the overlap is this small set (3/3); the remaining shared genes are annotation overlap only."
GO AP-1 complex,KEGG IL-17,6,91,3,0.0319,Fos;Jun;Jund,3,3,Fos;Jun;Jund,Fos(+);Jun(+);Jund(+),Fos(+0.93);Jun(+0.61),Fos(+1.78);Jun(+1.24);Jund(+0.31),Fos(+1.13),,,Fos(+0.50),3,"3 shared annotated gene(s), 3 of them DEG in BM C0, Spleen C3, BM C4, Thymus C6: Fos(+), Jun(+), Jund(+) (+ = higher in T2). The DE-supported part of the overlap is this small set (3/3); the remaining shared genes are annotation overlap only."
GO AP-1 complex,KEGG TCR,6,101,3,0.0288,Fos;Jun;Nfatc2,3,2,Fos;Jun,Fos(+);Jun(+),Fos(+0.93);Jun(+0.61),Fos(+1.78);Jun(+1.24),Fos(+1.13),,,Fos(+0.50),2,"3 shared annotated gene(s), 2 of them DEG in BM C0, Spleen C3, BM C4, Thymus C6: Fos(+), Jun(+) (+ = higher in T2). The DE-supported part of the overlap is this small set (2/3); the remaining shared genes are annotation overlap only."
GO AP-1 complex,KEGG Th17,6,102,3,0.0286,Fos;Jun;Nfatc2,3,2,Fos;Jun,Fos(+);Jun(+),Fos(+0.93);Jun(+0.61),Fos(+1.78);Jun(+1.24),Fos(+1.13),,,Fos(+0.50),2,"3 shared annotated gene(s), 2 of them DEG in BM C0, Spleen C3, BM C4, Thymus C6: Fos(+), Jun(+) (+ = higher in T2). The DE-supported part of the overlap is this small set (2/3); the remaining shared genes are annotation overlap only."
GO AP-1 complex,KEGG TNF,6,110,3,0.0265,Fos;Jun;Junb,3,3,Fos;Jun;Junb,Fos(+);Jun(+);Junb(+),Fos(+0.93);Jun(+0.61);Junb(+0.69),Fos(+1.78);Jun(+1.24);Junb(+0.78),Fos(+1.13);Junb(+0.79),,,Fos(+0.50),3,"3 shared annotated gene(s), 3 of them DEG in BM C0, Spleen C3, BM C4, Thymus C6: Fos(+), Jun(+), Junb(+) (+ = higher in T2). The DE-supported part of the overlap is this small set (3/3); the remaining shared genes are annotation overlap only."
KEGG MAPK,KEGG IL-17,294,91,26,0.0724,Casp3;Chuk;Fos;IL1B;Ikbkb;Ikbkg;Jun;Jund;MAPK10;MAPK12;MAPK13;Map3k7;Mapk1;Mapk11;Mapk14;Mapk3;Mapk7;Mapk8;Mapk9;Nfkb1;Rela;Tab2;Tnf;Tradd;Traf2;Traf6,22,5,Chuk;Fos;Jun;Jund;Traf2,Chuk(-);Fos(+);Jun(+);Jund(+);Traf2(-),Fos(+0.93);Jun(+0.61),Chuk(-0.44);Fos(+1.78);Jun(+1.24);Jund(+0.31);Traf2(-0.34),Fos(+1.13),,,Fos(+0.50),5,"26 shared annotated gene(s), 5 of them DEG in BM C0, Spleen C3, BM C4, Thymus C6: Chuk(-), Fos(+), Jun(+), Jund(+), Traf2(-) (+ = higher in T2). The DE-supported part of the overlap is this small set (5/26); the remaining shared genes are annotation overlap only."
KEGG MAPK,KEGG TCR,294,101,42,0.119,Akt1;Akt2;Akt3;Cdc42;Chuk;Fos;Grb2;Hras;Ikbkb;Ikbkg;Jun;Kras;MAPK12;MAPK13;Map2k1;Map2k2;Map2k7;Map3k14;Map3k7;Map3k8;Mapk1;Mapk11;Mapk14;Mapk3;Mapk9;Nfatc1;Nfatc3;Nfkb1;Nras;PPP3R2;Pak1;Pak2;Ppp3ca;Ppp3cb;Ppp3cc;Ppp3r1;Raf1;Rasgrp1;Rela;Sos1;Sos2;Tnf,39,6,Akt2;Chuk;Fos;Grb2;Jun;Map2k7,Akt2(-);Chuk(-);Fos(+);Grb2(-);Jun(+);Map2k7(-),Fos(+0.93);Grb2(-0.28);Jun(+0.61),Akt2(-0.34);Chuk(-0.44);Fos(+1.78);Jun(+1.24);Map2k7(-0.36),Fos(+1.13),,,Fos(+0.50);Grb2(-0.28),7,"42 shared annotated gene(s), 6 of them DEG in BM C0, Spleen C3, BM C4, Thymus C6: Akt2(-), Chuk(-), Fos(+), Grb2(-), Jun(+), Map2k7(-) (+ = higher in T2). The DE-supported part of the overlap is this small set (6/42); the remaining shared genes are annotation overlap only."
KEGG MAPK,KEGG Th17,294,102,29,0.079,Chuk;Fos;IL1B;Ikbkb;Ikbkg;Il1r1;Il1rap;Jun;MAPK10;MAPK12;MAPK13;Mapk1;Mapk11;Mapk14;Mapk3;Mapk8;Mapk9;Nfatc1;Nfatc3;Nfkb1;PPP3R2;Ppp3ca;Ppp3cb;Ppp3cc;Ppp3r1;Rela;Tgfb1;Tgfbr1;Tgfbr2,24,3,Chuk;Fos;Jun,Chuk(-);Fos(+);Jun(+),Fos(+0.93);Jun(+0.61),Chuk(-0.44);Fos(+1.78);Jun(+1.24),Fos(+1.13),,,Fos(+0.50),3,"29 shared annotated gene(s), 3 of them DEG in BM C0, Spleen C3, BM C4, Thymus C6: Chuk(-), Fos(+), Jun(+) (+ = higher in T2). The DE-supported part of the overlap is this small set (3/29); the remaining shared genes are annotation overlap only."
KEGG MAPK,KEGG TNF,294,110,42,0.116,Akt1;Akt2;Akt3;Atf2;Atf4;Casp3;Chuk;Csf1;Fas;Fos;IL1B;Ikbkb;Ikbkg;Jun;MAPK10;MAPK12;MAPK13;Map2k1;Map2k3;Map2k4;Map2k6;Map2k7;Map3k14;Map3k5;Map3k7;Map3k8;Mapk1;Mapk11;Mapk14;Mapk3;Mapk8;Mapk9;Nfkb1;RPS6KA4;Rela;Rps6ka5;Tab1;Tab2;Tnf;Tnfrsf1a;Tradd;Traf2,37,6,Akt2;Chuk;Fos;Jun;Map2k7;Traf2,Akt2(-);Chuk(-);Fos(+);Jun(+);Map2k7(-);Traf2(-),Fos(+0.93);Jun(+0.61),Akt2(-0.34);Chuk(-0.44);Fos(+1.78);Jun(+1.24);Map2k7(-0.36);Traf2(-0.34),Fos(+1.13),,,Fos(+0.50),7,"42 shared annotated gene(s), 6 of them DEG in BM C0, Spleen C3, BM C4, Thymus C6: Akt2(-), Chuk(-), Fos(+), Jun(+), Map2k7(-), Traf2(-) (+ = higher in T2). The DE-supported part of the overlap is this small set (6/42); the remaining shared genes are annotation overlap only."
KEGG IL-17,KEGG TCR,91,101,22,0.1294,Chuk;Csf2;Fos;Gsk3b;IL5;Ifng;Ikbkb;Ikbkg;Il4;Jun;MAPK12;MAPK13;Map3k7;Mapk1;Mapk11;Mapk14;Mapk3;Mapk9;Nfkb1;Nfkbia;Rela;Tnf,19,3,Chuk;Fos;Jun,Chuk(-);Fos(+);Jun(+),Fos(+0.93);Jun(+0.61),Chuk(-0.44);Fos(+1.78);Jun(+1.24),Fos(+1.13),,,Fos(+0.50),3,"22 shared annotated gene(s), 3 of them DEG in BM C0, Spleen C3, BM C4, Thymus C6: Chuk(-), Fos(+), Jun(+) (+ = higher in T2). The DE-supported part of the overlap is this small set (3/22); the remaining shared genes are annotation overlap only."
KEGG IL-17,KEGG Th17,91,102,26,0.1557,Chuk;Fos;Hsp90aa1;Hsp90ab1;IL17A;IL17D;IL17F;IL1B;IL6;Ifng;Ikbkb;Ikbkg;Il4;Jun;MAPK10;MAPK12;MAPK13;Mapk1;Mapk11;Mapk14;Mapk3;Mapk8;Mapk9;Nfkb1;Nfkbia;Rela,18,5,Chuk;Fos;Hsp90aa1;Hsp90ab1;Jun,Chuk(-);Fos(+);Hsp90aa1(-);Hsp90ab1(-);Jun(+),Fos(+0.93);Jun(+0.61),Chuk(-0.44);Fos(+1.78);Hsp90aa1(-0.28);Hsp90ab1(-0.32);Jun(+1.24),Fos(+1.13),,,Fos(+0.50),5,"26 shared annotated gene(s), 5 of them DEG in BM C0, Spleen C3, BM C4, Thymus C6: Chuk(-), Fos(+), Hsp90aa1(-), Hsp90ab1(-), Jun(+) (+ = higher in T2). The DE-supported part of the overlap is this small set (5/26); the remaining shared genes are annotation overlap only."
KEGG IL-17,KEGG TNF,91,110,43,0.2722,CCL12;CCL2;CCL20;CXCL1;CXCL2;CXCL3;Casp3;Casp8;Cebpb;Chuk;Csf2;Cxcl10;Fadd;Fos;IL1B;IL6;Ikbkb;Ikbkg;Jun;MAPK10;MAPK12;MAPK13;MMP3;Map3k7;Mapk1;Mapk11;Mapk14;Mapk3;Mapk8;Mapk9;Mmp9;Nfkb1;Nfkbia;PTGS2;Rela;Tab2;Tab3;Tnf;Tnfaip3;Tradd;Traf2;Traf3;Traf5,30,6,Chuk;Fos;Jun;Mmp9;Tnfaip3;Traf2,Chuk(-);Fos(+);Jun(+);Mmp9(+);Tnfaip3(+);Traf2(-),Fos(+0.93);Jun(+0.61);Tnfaip3(+0.49),Chuk(-0.44);Fos(+1.78);Jun(+1.24);Mmp9(+0.53);Traf2(-0.34),Fos(+1.13),,,Fos(+0.50),6,"43 shared annotated gene(s), 6 of them DEG in BM C0, Spleen C3, BM C4, Thymus C6: Chuk(-), Fos(+), Jun(+), Mmp9(+), Tnfaip3(+), Traf2(-) (+ = higher in T2). The DE-supported part of the overlap is this small set (6/43); the remaining shared genes are annotation overlap only."
KEGG TCR,KEGG Th17,101,102,38,0.2303,Cd247;Cd3d;Cd3e;Cd3g;Cd4;Chuk;Fos;Ifng;Ikbkb;Ikbkg;Il2;Il4;Jun;Lat;Lck;MAPK12;MAPK13;Mapk1;Mapk11;Mapk14;Mapk3;Mapk9;Nfatc1;Nfatc2;Nfatc3;Nfkb1;Nfkbia;Nfkbib;Nfkbie;PPP3R2;Plcg1;Ppp3ca;Ppp3cb;Ppp3cc;Ppp3r1;Prkcq;Rela;Zap70,35,3,Chuk;Fos;Jun,Chuk(-);Fos(+);Jun(+),Fos(+0.93);Jun(+0.61),Chuk(-0.44);Fos(+1.78);Jun(+1.24),Fos(+1.13),,,Fos(+0.50),4,"38 shared annotated gene(s), 3 of them DEG in BM C0, Spleen C3, BM C4, Thymus C6: Chuk(-), Fos(+), Jun(+) (+ = higher in T2). The DE-supported part of the overlap is this small set (3/38); the remaining shared genes are annotation overlap only."
KEGG TCR,KEGG TNF,101,110,31,0.1722,Akt1;Akt2;Akt3;Chuk;Csf2;Fos;Ikbkb;Ikbkg;Jun;MAPK12;MAPK13;Map2k1;Map2k7;Map3k14;Map3k7;Map3k8;Mapk1;Mapk11;Mapk14;Mapk3;Mapk9;Nfkb1;Nfkbia;PIK3R3;Pik3ca;Pik3cb;Pik3cd;Pik3r1;Pik3r2;Rela;Tnf,28,5,Akt2;Chuk;Fos;Jun;Map2k7,Akt2(-);Chuk(-);Fos(+);Jun(+);Map2k7(-),Fos(+0.93);Jun(+0.61),Akt2(-0.34);Chuk(-0.44);Fos(+1.78);Jun(+1.24);Map2k7(-0.36),Fos(+1.13),,,Fos(+0.50),5,"31 shared annotated gene(s), 5 of them DEG in BM C0, Spleen C3, BM C4, Thymus C6: Akt2(-), Chuk(-), Fos(+), Jun(+), Map2k7(-) (+ = higher in T2). The DE-supported part of the overlap is this small set (5/31); the remaining shared genes are annotation overlap only."
KEGG Th17,KEGG TNF,102,110,19,0.0984,Chuk;Fos;IL1B;IL6;Ikbkb;Ikbkg;Jun;MAPK10;MAPK12;MAPK13;Mapk1;Mapk11;Mapk14;Mapk3;Mapk8;Mapk9;Nfkb1;Nfkbia;Rela,14,3,Chuk;Fos;Jun,Chuk(-);Fos(+);Jun(+),Fos(+0.93);Jun(+0.61),Chuk(-0.44);Fos(+1.78);Jun(+1.24),Fos(+1.13),,,Fos(+0.50),3,"19 shared annotated gene(s), 3 of them DEG in BM C0, Spleen C3, BM C4, Thymus C6: Chuk(-), Fos(+), Jun(+) (+ = higher in T2). The DE-supported part of the overlap is this small set (3/19); the remaining shared genes are annotation overlap only."
Energy module (G01),GO AP-1 complex,181,6,0,0.0,,0,0,,,,,,,,,0,No shared annotated genes: neither annotation overlap nor a DE-driven core.
Energy module (G01),KEGG MAPK,181,294,3,0.0064,Casp3;Prkaca;Prkacb,3,0,,,,,,,,,0,"3 shared annotated gene(s), none a DEG in the six key comparisons: annotation overlap only, no DE-driven core."
Energy module (G01),KEGG IL-17,181,91,3,0.0112,Casp3;Casp8;Gsk3b,3,0,,,,,,,,,0,"3 shared annotated gene(s), none a DEG in the six key comparisons: annotation overlap only, no DE-driven core."
Energy module (G01),KEGG TCR,181,101,1,0.0036,Gsk3b,1,0,,,,,,,,,0,"1 shared annotated gene(s), none a DEG in the six key comparisons: annotation overlap only, no DE-driven core."
Energy module (G01),KEGG Th17,181,102,0,0.0,,0,0,,,,,,,,,0,No shared annotated genes: neither annotation overlap nor a DE-driven core.
Energy module (G01),KEGG TNF,181,110,2,0.0069,Casp3;Casp8,2,0,,,,,,,,,0,"2 shared annotated gene(s), none a DEG in the six key comparisons: annotation overlap only, no DE-driven core."
