version,method,k,silhouette,largest_group,n_groups_containing_anchors,AP1_with_MAPK,AP1_with_IL17Th17,AP1_with_TCR,MAPK_with_IL17Th17,MAPK_with_TCR,IL17Th17_with_TCR,grp_transcription factor AP-1 complex,grp_MAPK signaling pathway,grp_IL-17 signaling pathway,grp_TNF signaling pathway,grp_MAPK cascade,grp_JNK cascade,grp_p38MAPK cascade,grp_ERK1 and ERK2 cascade,grp_T-helper 17 type immune response,grp_T cell receptor signaling pathway,grp_Th17 cell differentiation,grp_interleukin-17 production
all,semantic_only,2,0.043474938720464706,87,1,True,True,True,True,True,True,2,2,2,2,2,2,2,2,2,2,2,2
all,semantic_only,3,0.05913607403635979,57,1,True,True,True,True,True,True,3,3,3,3,3,3,3,3,3,3,3,3
all,semantic_only,4,0.06614608317613602,38,1,True,True,True,True,True,True,4,4,4,4,4,4,4,4,4,4,4,4
all,semantic_only,5,0.06878738850355148,30,1,True,True,True,True,True,True,4,4,4,4,4,4,4,4,4,4,4,4
all,semantic_only,6,0.07591230422258377,29,2,False,True,True,False,False,True,4,6,4,4,6,6,6,6,4,4,4,4
all,semantic_only,7,0.0783383846282959,29,2,False,True,True,False,False,True,4,7,4,4,7,7,7,7,4,4,4,4
all,semantic_only,8,0.08804582059383392,29,2,False,True,True,False,False,True,4,8,4,4,8,8,8,8,4,4,4,4
all,semantic_only,9,0.09858017414808273,22,2,False,True,True,False,False,True,5,9,5,5,9,9,9,9,5,5,5,5
all,semantic_only,10,0.10707356035709381,22,2,False,True,True,False,False,True,7,10,7,7,10,10,10,10,7,7,7,7
all,semantic_only,11,0.11308719962835312,19,2,False,True,True,False,False,True,8,11,8,8,11,11,11,11,8,8,8,8
all,semantic_only,12,0.11782365292310715,16,2,False,True,True,False,False,True,8,12,8,8,12,12,12,12,8,8,8,8
all,semantic_only,13,0.12394670397043228,16,2,False,True,True,False,False,True,9,13,9,9,13,13,13,13,9,9,9,9
all,semantic_only,14,0.13060781359672546,16,2,False,True,True,False,False,True,9,14,9,9,14,14,14,14,9,9,9,9
all,semantic_only,15,0.13643872737884521,16,2,False,True,True,False,False,True,10,15,10,10,15,15,15,15,10,10,10,10
all,golden_fusion,2,0.2196484361348534,89,1,True,True,True,True,True,True,2,2,2,2,2,2,2,2,2,2,2,2
all,golden_fusion,3,0.1364776591420502,77,1,True,True,True,True,True,True,2,2,2,2,2,2,2,2,2,2,2,2
all,golden_fusion,4,0.1417252023310374,77,1,True,True,True,True,True,True,2,2,2,2,2,2,2,2,2,2,2,2
all,golden_fusion,5,0.14428584103542214,77,1,True,True,True,True,True,True,2,2,2,2,2,2,2,2,2,2,2,2
all,golden_fusion,6,0.14848764527312852,77,1,True,True,True,True,True,True,2,2,2,2,2,2,2,2,2,2,2,2
all,golden_fusion,7,0.14218217876383712,72,1,True,True,True,True,True,True,2,2,2,2,2,2,2,2,2,2,2,2
all,golden_fusion,8,0.12787505886201536,68,1,True,True,True,True,True,True,2,2,2,2,2,2,2,2,2,2,2,2
all,golden_fusion,9,0.11377500702169775,59,1,True,True,True,True,True,True,2,2,2,2,2,2,2,2,2,2,2,2
all,golden_fusion,10,0.07011364629287771,49,2,False,True,True,False,False,True,2,10,2,2,10,10,10,10,2,2,2,2
all,golden_fusion,11,0.07821952580470108,49,2,False,True,True,False,False,True,2,10,2,2,10,10,10,10,2,2,2,2
all,golden_fusion,12,0.08317352812234405,32,2,False,True,True,False,False,True,2,11,2,2,11,11,11,11,2,2,2,2
all,golden_fusion,13,0.08540827700345117,32,2,False,True,True,False,False,True,2,12,2,2,12,12,12,12,2,2,2,2
all,golden_fusion,14,0.08928431660583744,32,2,False,True,True,False,False,True,2,14,2,2,14,14,14,14,2,2,2,2
all,golden_fusion,15,0.08751700237185588,32,2,False,True,True,False,False,True,3,15,3,3,15,15,15,15,3,3,3,3
all,gnn_semantic,2,0.16898925602436066,74,1,True,True,True,True,True,True,2,2,2,2,2,2,2,2,2,2,2,2
all,gnn_semantic,3,0.15686921775341034,47,1,True,True,True,True,True,True,3,3,3,3,3,3,3,3,3,3,3,3
all,gnn_semantic,4,0.17709459364414215,47,1,True,True,True,True,True,True,4,4,4,4,4,4,4,4,4,4,4,4
all,gnn_semantic,5,0.1702856570482254,33,1,True,True,True,True,True,True,5,5,5,5,5,5,5,5,5,5,5,5
all,gnn_semantic,6,0.17603357136249542,33,2,False,False,False,True,True,True,5,6,6,6,6,6,6,6,6,6,6,6
all,gnn_semantic,7,0.17921027541160583,24,2,False,False,False,True,True,True,6,7,7,7,7,7,7,7,7,7,7,7
all,gnn_semantic,8,0.16617393493652344,24,2,False,False,False,True,True,True,7,8,8,8,8,8,8,8,8,8,8,8
all,gnn_semantic,9,0.17713423073291779,24,2,False,False,False,True,True,True,7,9,9,9,9,9,9,9,9,9,9,9
all,gnn_semantic,10,0.17937107384204865,24,3,False,False,False,False,False,True,7,10,9,9,10,10,10,10,9,9,9,9
all,gnn_semantic,11,0.18410518765449524,16,3,False,False,False,False,False,True,7,11,10,10,11,11,11,11,10,10,10,10
all,gnn_semantic,12,0.1852763444185257,15,3,False,False,False,False,False,True,8,12,11,11,12,12,12,12,11,11,11,11
all,gnn_semantic,13,0.19114950299263,15,3,False,False,False,False,False,True,8,13,12,12,13,13,13,13,12,12,12,12
all,gnn_semantic,14,0.19938263297080994,15,3,False,False,False,False,False,True,8,14,13,13,14,14,14,14,13,13,13,13
all,gnn_semantic,15,0.20134128630161285,13,3,False,False,False,False,False,True,8,15,14,14,15,15,15,15,14,14,14,14
