version,method,group,n_terms,representative_term,representative_id,representative_q,top_terms,anchors_in_group,n_sources
excl,overlap_louvain,L01,14,Oxidative phosphorylation,KEGG:Oxidative phosphorylation,1.6842626406637003e-26,Oxidative phosphorylation (q=1.7e-26) | oxidative phosphorylation (q=1.3e-24) | Thermogenesis (q=2.8e-23) | aerobic respiration (q=1.1e-20) | Parkinson disease (q=3.9e-20),,KEGG:7;GO BP:6;GO MF:1
excl,overlap_louvain,L02,10,purine nucleoside triphosphate biosynthetic process,GO:0009145,1.9783203394692531e-13,purine nucleoside triphosphate biosynthetic process (q=2e-13) | ATP metabolic process (q=9.9e-12) | ribonucleotide biosynthetic process (q=1.3e-11) | purine-containing compound biosynthetic process (q=7.7e-09) | purine ribonucleotide metabolic process (q=3e-08),,GO BP:10
excl,overlap_louvain,L03,3,Cardiac muscle contraction,KEGG:Cardiac muscle contraction,3.592884207817882e-09,"Cardiac muscle contraction (q=3.6e-09) | mitochondrial electron transport, cytochrome c to oxygen (q=4.2e-05) | mitochondrial electron transport, ubiquinol to cytochrome c (q=0.0061)",,GO BP:2;KEGG:1
excl,overlap_louvain,L04,4,mitochondrial respiratory chain complex assembly,GO:0033108,1.1152853834201234e-06,mitochondrial respiratory chain complex assembly (q=1.1e-06) | respiratory chain complex IV assembly (q=5e-06) | cytochrome complex assembly (q=8.2e-05) | mitochondrion organization (q=0.0034),,GO BP:4
excl,overlap_louvain,L05,1,transcription factor AP-1 complex,GO:0035976,0.0001698621700488,transcription factor AP-1 complex (q=0.00017),transcription factor AP-1 complex,GO CC anchor:1
excl,overlap_louvain,L06,1,scaffold protein binding,GO:0097110,0.000861866494411,scaffold protein binding (q=0.00086),,GO MF:1
excl,overlap_louvain,L07,1,"proton-transporting ATP synthase activity, rotational mechanism",GO:0046933,0.0014851282912621,"proton-transporting ATP synthase activity, rotational mechanism (q=0.0015)",,GO MF:1
excl,overlap_louvain,L08,3,acetylcholine receptor regulator activity,GO:0030548,0.0020723766687957,acetylcholine receptor regulator activity (q=0.0021) | acetylcholine receptor binding (q=0.0029) | signaling receptor inhibitor activity (q=0.004),,GO MF:3
excl,overlap_louvain,L09,1,Fluid shear stress and atherosclerosis,KEGG:Fluid shear stress and atherosclerosis,0.0027638732941614,Fluid shear stress and atherosclerosis (q=0.0028),,KEGG:1
excl,overlap_louvain,L10,1,GTP binding,GO:0005525,0.0057464626737017,GTP binding (q=0.0057),,GO MF:1
excl,overlap_louvain,L11,1,chromatin binding,GO:0003682,0.0108062871367468,chromatin binding (q=0.011),,GO MF:1
excl,overlap_louvain,L12,1,Spliceosome,KEGG:Spliceosome,0.0140191905358731,Spliceosome (q=0.014),,KEGG:1
excl,overlap_louvain,L13,1,Prion diseases,KEGG:Prion diseases,0.0155057106885658,Prion diseases (q=0.016),,KEGG:1
excl,overlap_louvain,L14,1,snRNP binding,GO:0070990,0.0182945587189913,snRNP binding (q=0.018),,GO MF:1
excl,overlap_louvain,L15,2,regulation of chromosome organization,GO:0033044,0.0183676785108172,regulation of chromosome organization (q=0.018) | positive regulation of chromosome organization (q=0.024),,GO BP:2
excl,overlap_louvain,L16,2,protein folding chaperone,GO:0044183,0.0220230285376383,protein folding chaperone (q=0.022) | protein folding (q=0.024),,GO MF:1;GO BP:1
excl,overlap_louvain,L17,3,Natural killer cell mediated cytotoxicity,KEGG:Natural killer cell mediated cytotoxicity,0.0258287710594202,Natural killer cell mediated cytotoxicity (q=0.026) | T cell receptor signaling pathway (q=1) | Th17 cell differentiation (q=1),T cell receptor signaling pathway | Th17 cell differentiation,KEGG:3
excl,overlap_louvain,L18,1,Oxytocin signaling pathway,KEGG:Oxytocin signaling pathway,0.0316626373603905,Oxytocin signaling pathway (q=0.032),,KEGG:1
excl,overlap_louvain,L19,1,Systemic lupus erythematosus,KEGG:Systemic lupus erythematosus,0.0319639119178002,Systemic lupus erythematosus (q=0.032),,KEGG:1
excl,overlap_louvain,L20,1,B-1 B cell homeostasis,GO:0001922,0.0335923104506605,B-1 B cell homeostasis (q=0.034),,GO BP:1
excl,overlap_louvain,L21,1,peptide receptor activity,GO:0001653,0.0336562679054817,peptide receptor activity (q=0.034),,GO MF:1
excl,overlap_louvain,L22,1,Viral myocarditis,KEGG:Viral myocarditis,0.0429724424432823,Viral myocarditis (q=0.043),,KEGG:1
excl,overlap_louvain,L23,1,transcription by RNA polymerase II,GO:0006366,0.0430498020276755,transcription by RNA polymerase II (q=0.043),,GO BP:1
excl,overlap_louvain,L24,1,male sex differentiation,GO:0046661,0.0464425022587655,male sex differentiation (q=0.046),,GO BP:1
excl,overlap_louvain,L25,2,IL-17 signaling pathway,KEGG:IL-17 signaling pathway,0.0711618686209891,IL-17 signaling pathway (q=0.071) | TNF signaling pathway (q=0.56),IL-17 signaling pathway | TNF signaling pathway,KEGG:2
excl,overlap_louvain,L26,1,MAPK signaling pathway,KEGG:MAPK signaling pathway,0.6357748197511948,MAPK signaling pathway (q=0.64),MAPK signaling pathway,KEGG:1
excl,overlap_louvain,L27,2,MAPK cascade,GO:0000165,1.0,MAPK cascade (q=1) | JNK cascade (q=1),MAPK cascade | JNK cascade,GO BP:2
excl,overlap_louvain,L28,1,p38MAPK cascade,GO:0038066,1.0,p38MAPK cascade (q=1),p38MAPK cascade,GO BP:1
excl,overlap_louvain,L29,1,ERK1 and ERK2 cascade,GO:0070371,1.0,ERK1 and ERK2 cascade (q=1),ERK1 and ERK2 cascade,GO BP:1
excl,overlap_louvain,L30,1,T-helper 17 type immune response,GO:0072538,1.0,T-helper 17 type immune response (q=1),T-helper 17 type immune response,GO BP:1
excl,overlap_louvain,L31,1,interleukin-17 production,GO:0032620,,"interleukin-17 production (anchor, ns)",interleukin-17 production,GO BP:1
excl,semantic_only,S01,3,Oxidative phosphorylation,KEGG:Oxidative phosphorylation,1.6842626406637003e-26,Oxidative phosphorylation (q=1.7e-26) | oxidative phosphorylation (q=1.3e-24) | Oxytocin signaling pathway (q=0.032),,KEGG:2;GO BP:1
excl,semantic_only,S02,2,Thermogenesis,KEGG:Thermogenesis,2.849608841131444e-23,Thermogenesis (q=2.8e-23) | male sex differentiation (q=0.046),,KEGG:1;GO BP:1
excl,semantic_only,S03,5,aerobic respiration,GO:0009060,1.0944618754267604e-20,"aerobic respiration (q=1.1e-20) | energy derivation by oxidation of organic compounds (q=6.8e-19) | electron transport chain (q=3.2e-08) | mitochondrial electron transport, cytochrome c to oxygen (q=4.2e-05) | mitochondrial electron transport, ubiquinol to cytochrome c (q=0.0061)",,GO BP:5
excl,semantic_only,S04,3,Parkinson disease,KEGG:Parkinson disease,3.942322836493675e-20,Parkinson disease (q=3.9e-20) | Huntington disease (q=2e-18) | Alzheimer disease (q=1.7e-17),,KEGG:3
excl,semantic_only,S05,4,Non-alcoholic fatty liver disease (NAFLD),KEGG:Non-alcoholic fatty liver disease (NAFLD),1.7590336709412898e-17,Non-alcoholic fatty liver disease (NAFLD) (q=1.8e-17) | Fluid shear stress and atherosclerosis (q=0.0028) | Prion diseases (q=0.016) | Systemic lupus erythematosus (q=0.032),,KEGG:4
excl,semantic_only,S06,5,proton motive force-driven ATP synthesis,GO:0015986,6.504308191466254e-16,"proton motive force-driven ATP synthesis (q=6.5e-16) | ATP metabolic process (q=9.9e-12) | ATP synthesis coupled electron transport (q=3.5e-08) | proton-transporting ATP synthase activity, rotational mechanism (q=0.0015) | proton transmembrane transporter activity (q=0.043)",,GO BP:3;GO MF:2
excl,semantic_only,S07,9,purine nucleoside triphosphate biosynthetic process,GO:0009145,1.9783203394692531e-13,purine nucleoside triphosphate biosynthetic process (q=2e-13) | ribonucleotide biosynthetic process (q=1.3e-11) | purine-containing compound biosynthetic process (q=7.7e-09) | purine ribonucleotide metabolic process (q=3e-08) | nucleoside phosphate biosynthetic process (q=7.3e-08),,GO BP:9
excl,semantic_only,S08,2,Cardiac muscle contraction,KEGG:Cardiac muscle contraction,3.592884207817882e-09,Cardiac muscle contraction (q=3.6e-09) | Viral myocarditis (q=0.043),,KEGG:2
excl,semantic_only,S09,5,Retrograde endocannabinoid signaling,KEGG:Retrograde endocannabinoid signaling,2.0722189847602656e-08,Retrograde endocannabinoid signaling (q=2.1e-08) | Natural killer cell mediated cytotoxicity (q=0.026) | B-1 B cell homeostasis (q=0.034) | TNF signaling pathway (q=0.56) | T cell receptor signaling pathway (q=1),TNF signaling pathway | T cell receptor signaling pathway,KEGG:4;GO BP:1
excl,semantic_only,S10,4,mitochondrial respiratory chain complex assembly,GO:0033108,1.1152853834201234e-06,mitochondrial respiratory chain complex assembly (q=1.1e-06) | respiratory chain complex IV assembly (q=5e-06) | cytochrome complex assembly (q=8.2e-05) | mitochondrion organization (q=0.0034),,GO BP:4
excl,semantic_only,S11,9,transcription factor AP-1 complex,GO:0035976,0.0001698621700488,transcription factor AP-1 complex (q=0.00017) | scaffold protein binding (q=0.00086) | GTP binding (q=0.0057) | chromatin binding (q=0.011) | Spliceosome (q=0.014),transcription factor AP-1 complex,GO MF:5;GO BP:2;GO CC anchor:1;KEGG:1
excl,semantic_only,S12,4,acetylcholine receptor regulator activity,GO:0030548,0.0020723766687957,acetylcholine receptor regulator activity (q=0.0021) | acetylcholine receptor binding (q=0.0029) | signaling receptor inhibitor activity (q=0.004) | peptide receptor activity (q=0.034),,GO MF:4
excl,semantic_only,S13,2,regulation of chromosome organization,GO:0033044,0.0183676785108172,regulation of chromosome organization (q=0.018) | positive regulation of chromosome organization (q=0.024),,GO BP:2
excl,semantic_only,S14,4,IL-17 signaling pathway,KEGG:IL-17 signaling pathway,0.0711618686209891,"IL-17 signaling pathway (q=0.071) | T-helper 17 type immune response (q=1) | Th17 cell differentiation (q=1) | interleukin-17 production (anchor, ns)",IL-17 signaling pathway | T-helper 17 type immune response | Th17 cell differentiation | interleukin-17 production,KEGG:2;GO BP:2
excl,semantic_only,S15,5,MAPK signaling pathway,KEGG:MAPK signaling pathway,0.6357748197511948,MAPK signaling pathway (q=0.64) | MAPK cascade (q=1) | JNK cascade (q=1) | p38MAPK cascade (q=1) | ERK1 and ERK2 cascade (q=1),MAPK signaling pathway | MAPK cascade | JNK cascade | p38MAPK cascade | ERK1 and ERK2 cascade,GO BP:4;KEGG:1
excl,golden_fusion,F01,12,Oxidative phosphorylation,KEGG:Oxidative phosphorylation,1.6842626406637003e-26,Oxidative phosphorylation (q=1.7e-26) | oxidative phosphorylation (q=1.3e-24) | Thermogenesis (q=2.8e-23) | aerobic respiration (q=1.1e-20) | Parkinson disease (q=3.9e-20),,KEGG:7;GO BP:5
excl,golden_fusion,F02,11,proton motive force-driven ATP synthesis,GO:0015986,6.504308191466254e-16,proton motive force-driven ATP synthesis (q=6.5e-16) | purine nucleoside triphosphate biosynthetic process (q=2e-13) | ATP metabolic process (q=9.9e-12) | ribonucleotide biosynthetic process (q=1.3e-11) | purine-containing compound biosynthetic process (q=7.7e-09),,GO BP:11
excl,golden_fusion,F03,43,Cardiac muscle contraction,KEGG:Cardiac muscle contraction,3.592884207817882e-09,"Cardiac muscle contraction (q=3.6e-09) | mitochondrial respiratory chain complex assembly (q=1.1e-06) | respiratory chain complex IV assembly (q=5e-06) | mitochondrial electron transport, cytochrome c to oxygen (q=4.2e-05) | cytochrome complex assembly (q=8.2e-05)",transcription factor AP-1 complex | IL-17 signaling pathway | TNF signaling pathway | MAPK signaling pathway | MAPK cascade | JNK cascade | p38MAPK cascade | ERK1 and ERK2 cascade | T-helper 17 type immune response | T cell receptor signaling pathway | Th17 cell differentiation | interleukin-17 production,GO BP:18;KEGG:13;GO MF:11;GO CC anchor:1
excl,gnn_semantic,G01,15,Oxidative phosphorylation,KEGG:Oxidative phosphorylation,1.6842626406637003e-26,Oxidative phosphorylation (q=1.7e-26) | oxidative phosphorylation (q=1.3e-24) | Thermogenesis (q=2.8e-23) | aerobic respiration (q=1.1e-20) | Parkinson disease (q=3.9e-20),,KEGG:7;GO BP:7;GO MF:1
excl,gnn_semantic,G02,9,purine nucleoside triphosphate biosynthetic process,GO:0009145,1.9783203394692531e-13,purine nucleoside triphosphate biosynthetic process (q=2e-13) | ribonucleotide biosynthetic process (q=1.3e-11) | purine-containing compound biosynthetic process (q=7.7e-09) | purine ribonucleotide metabolic process (q=3e-08) | nucleoside phosphate biosynthetic process (q=7.3e-08),,GO BP:9
excl,gnn_semantic,G03,36,Cardiac muscle contraction,KEGG:Cardiac muscle contraction,3.592884207817882e-09,"Cardiac muscle contraction (q=3.6e-09) | transcription factor AP-1 complex (q=0.00017) | scaffold protein binding (q=0.00086) | proton-transporting ATP synthase activity, rotational mechanism (q=0.0015) | acetylcholine receptor regulator activity (q=0.0021)",transcription factor AP-1 complex | IL-17 signaling pathway | TNF signaling pathway | MAPK signaling pathway | MAPK cascade | JNK cascade | p38MAPK cascade | ERK1 and ERK2 cascade | T-helper 17 type immune response | T cell receptor signaling pathway | Th17 cell differentiation | interleukin-17 production,KEGG:13;GO BP:12;GO MF:10;GO CC anchor:1
excl,gnn_semantic,G04,6,mitochondrial respiratory chain complex assembly,GO:0033108,1.1152853834201234e-06,"mitochondrial respiratory chain complex assembly (q=1.1e-06) | respiratory chain complex IV assembly (q=5e-06) | mitochondrial electron transport, cytochrome c to oxygen (q=4.2e-05) | cytochrome complex assembly (q=8.2e-05) | mitochondrion organization (q=0.0034)",,GO BP:6
excl,gnn_only_seed42,Z01,14,Oxidative phosphorylation,KEGG:Oxidative phosphorylation,1.6842626406637003e-26,Oxidative phosphorylation (q=1.7e-26) | oxidative phosphorylation (q=1.3e-24) | Thermogenesis (q=2.8e-23) | aerobic respiration (q=1.1e-20) | Parkinson disease (q=3.9e-20),,KEGG:7;GO BP:6;GO MF:1
excl,gnn_only_seed42,Z02,10,purine nucleoside triphosphate biosynthetic process,GO:0009145,1.9783203394692531e-13,purine nucleoside triphosphate biosynthetic process (q=2e-13) | ATP metabolic process (q=9.9e-12) | ribonucleotide biosynthetic process (q=1.3e-11) | purine-containing compound biosynthetic process (q=7.7e-09) | purine ribonucleotide metabolic process (q=3e-08),,GO BP:10
excl,gnn_only_seed42,Z03,42,Cardiac muscle contraction,KEGG:Cardiac muscle contraction,3.592884207817882e-09,"Cardiac muscle contraction (q=3.6e-09) | mitochondrial respiratory chain complex assembly (q=1.1e-06) | respiratory chain complex IV assembly (q=5e-06) | mitochondrial electron transport, cytochrome c to oxygen (q=4.2e-05) | cytochrome complex assembly (q=8.2e-05)",transcription factor AP-1 complex | IL-17 signaling pathway | TNF signaling pathway | MAPK signaling pathway | MAPK cascade | JNK cascade | p38MAPK cascade | ERK1 and ERK2 cascade | T-helper 17 type immune response | T cell receptor signaling pathway | Th17 cell differentiation | interleukin-17 production,GO BP:18;KEGG:13;GO MF:10;GO CC anchor:1
