version,method,group,unit_id,direction,n_driver_genes,n_terms,driver_genes
all,overlap_louvain,L01,cluster_tissue__C0__bone_marrow,T2_up,38,22,Atp5e;Atp5j;Atp5j2;Atp5l;Coq10b;Cox10;Cox17;Cox20;Cox5b;Cox6b1;Cox6c;Cox7a2;Cox7b;Cox7c;Cox8a;Jun;Mtln;Ndufa1;Ndufa13;Ndufa2;Ndufa3;Ndufa5;Ndufa7;Ndufb1-ps;Ndufb2;Ndufb4;Ndufc1;Ndufs5;Ndufs6;Ndufv3;Nr4a3;Socs3;Uqcr10;Uqcr11;Uqcrq;mt-Nd1;mt-Nd2;mt-Nd3
all,overlap_louvain,L01,cluster_tissue__C3__spleen,T2_up,48,22,Actg1;Atp5e;Atp5j;Atp5j2;Atp5k;Atp5l;Coq10b;Cox10;Cox14;Cox17;Cox20;Cox5b;Cox6b1;Cox6c;Cox7a2;Cox7b;Cox7c;Cox8a;Galk1;Jun;Mtln;Mttp;Ndufa1;Ndufa13;Ndufa2;Ndufa3;Ndufa4;Ndufa5;Ndufa7;Ndufb1-ps;Ndufb2;Ndufb3;Ndufb4;Ndufb7;Ndufc1;Ndufs6;Ndufv3;Polr2i;Polr2l;Slc37a4;Uqcr10;Uqcr11;Uqcrb;Uqcrq;mt-Cytb;mt-Nd1;mt-Nd2;mt-Nd3
all,overlap_louvain,L01,cluster_tissue__C4__bone_marrow,T2_up,16,20,Actb;Actg1;Atp5e;Atp5l;Cox17;Cox5b;Cox6b1;Cox6c;Cox7c;Cox8a;Ndufa4;mt-Co3;mt-Cytb;mt-Nd1;mt-Nd2;mt-Nd3
all,overlap_louvain,L01,cluster_tissue__C5-1__bone_marrow,T2_up,3,6,mt-Co3;mt-Cytb;mt-Nd2
all,overlap_louvain,L01,cluster_tissue__C5-1__spleen,T2_up,10,15,Atp5e;Cox6c;Ndufa13;Ndufb1-ps;Ndufv3;mt-Co3;mt-Cytb;mt-Nd1;mt-Nd2;mt-Nd3
all,overlap_louvain,L01,cluster_tissue__C6__thymus,T2_up,22,22,Atp5e;Atp5k;Cox17;Cox5b;Cox6c;Cox8a;Gnpda1;Mttp;Ndufa1;Ndufa13;Ndufa2;Ndufa3;Ndufa4;Ndufa7;Ndufb3;Ndufb4;Ndufc1;Ndufs6;Ndufv3;Uqcr10;Uqcrq;mt-Nd3
all,overlap_louvain,L01,tissue__bone_marrow,T2_up,39,22,Atp5e;Atp5j;Atp5j2;Atp5l;Coa7;Coq10b;Cox10;Cox17;Cox20;Cox5b;Cox6b1;Cox6c;Cox7a2;Cox7b;Cox7c;Cox8a;Jun;Mtln;Ndufa1;Ndufa13;Ndufa2;Ndufa3;Ndufa4;Ndufa5;Ndufa7;Ndufb1-ps;Ndufb2;Ndufb4;Ndufc1;Ndufs5;Ndufs6;Ndufv3;Nr4a3;Uqcr10;Uqcr11;Uqcrq;mt-Nd1;mt-Nd2;mt-Nd3
all,overlap_louvain,L01,tissue__spleen,T2_up,47,22,Actg1;Atp5e;Atp5j;Atp5j2;Atp5k;Atp5l;Coa7;Coq10b;Cox10;Cox14;Cox16;Cox17;Cox20;Cox5b;Cox6b1;Cox6c;Cox7a2;Cox7b;Cox7c;Cox8a;Galk1;Il6ra;Jun;Mtln;Ndufa1;Ndufa13;Ndufa2;Ndufa3;Ndufa4;Ndufa7;Ndufb1-ps;Ndufb2;Ndufb3;Ndufb4;Ndufb7;Ndufc1;Ndufs6;Ndufv3;Polr2l;Uqcr10;Uqcr11;Uqcrb;Uqcrq;mt-Cytb;mt-Nd1;mt-Nd2;mt-Nd3
all,overlap_louvain,L01,tissue__thymus,T2_up,30,22,Atp5e;Atp5j2;Atp5k;Atp5l;Cox17;Cox5b;Cox6b1;Cox6c;Cox7a2;Cox7b;Cox7c;Cox8a;Gng5;Gnpda1;Ndufa1;Ndufa13;Ndufa2;Ndufa3;Ndufa4;Ndufa7;Ndufb3;Ndufb4;Ndufb7;Ndufc1;Ndufc2;Ndufs6;Ndufv3;Uqcr10;Uqcrq;mt-Nd3
all,overlap_louvain,L02,cluster_tissue__C0__bone_marrow,T2_up,22,12,Flt3l;H1f0;H2afj;Hist1h1c;Krt83;Mrpl33;Mrpl52;Mrpl57;Mrps18c;Ndufs6;Rpl35;Rpl35a;Rpl36;Rpl36a;Rpl36al;Rpl37;Rpl37a;Rpl39;Rpl41;Rps21;Rps27;Uba52
all,overlap_louvain,L02,cluster_tissue__C0__spleen,T2_up,4,6,Rpl35;Rpl37a;Rps21;Rps27
all,overlap_louvain,L02,cluster_tissue__C3__bone_marrow,T2_up,6,16,Rpl37a;Rpl38;Rpl41;Rplp2;Rps21;Rps27
all,overlap_louvain,L02,cluster_tissue__C3__spleen,T2_up,27,16,Actg1;Actn2;H1f0;H2afj;Hist2h4;Isg15;Mrpl10;Mrpl23;Mrpl52;Mrpl57;Mrps21;Ndufs6;Rpl30;Rpl34;Rpl35;Rpl35a;Rpl36;Rpl36a;Rpl37;Rpl37a;Rpl39;Rpl41;Rps15a;Rps21;Rps26;Rps27;Uba52
all,overlap_louvain,L02,cluster_tissue__C4__bone_marrow,T2_up,4,3,Rpl35;Rpl36;Rpl37a;Rpl41
all,overlap_louvain,L02,cluster_tissue__C4__spleen,T2_up,19,16,Myl6;Rpl22;Rpl27;Rpl35a;Rpl36;Rpl37;Rpl37a;Rpl38;Rpl39;Rpl41;Rplp1;Rplp2;Rps12;Rps15a;Rps19;Rps21;Rps26;Rps27;Uba52
all,overlap_louvain,L02,cluster_tissue__C5-1__spleen,T2_up,13,16,Rpl22;Rpl35;Rpl35a;Rpl36;Rpl36a;Rpl37a;Rpl38;Rpl39;Rpl41;Rps15a;Rps21;Rps26;Rps27
all,overlap_louvain,L02,cluster_tissue__C5-2__bone_marrow,T2_up,13,16,Rpl22;Rpl26;Rpl34;Rpl35a;Rpl36;Rpl37;Rpl37a;Rpl38;Rpl39;Rpl41;Rplp2;Rps15a;Rps28
all,overlap_louvain,L02,cluster_tissue__C6__thymus,T2_up,26,16,Cdk5rap3;H1f0;H2afj;Lars;Mrpl52;Ndufs6;Rpl22;Rpl22l1;Rpl30;Rpl34;Rpl35;Rpl35a;Rpl36;Rpl36a;Rpl37;Rpl37a;Rpl38;Rpl39;Rpl41;Rplp2;Rps15a;Rps21;Rps26;Rps27;Rps28;Uba52
all,overlap_louvain,L02,tissue__bone_marrow,T2_up,18,9,Flt3l;Mrpl33;Mrpl52;Mrpl54;Mrpl57;Rpl35;Rpl35a;Rpl36;Rpl36a;Rpl36al;Rpl37;Rpl37a;Rpl39;Rpl41;Rps15a;Rps21;Rps26;Rps27
all,overlap_louvain,L02,tissue__spleen,T2_up,35,16,Actg1;Actn2;Csrp1;Eefsec;H1f0;H2afj;Hist1h2ac;Hist2h4;Isg15;Kcnn4;Mrpl10;Mrpl23;Mrpl33;Mrpl52;Mrpl57;Mrps18c;Mrps21;Ndufs6;Rpl22;Rpl30;Rpl34;Rpl35;Rpl35a;Rpl36;Rpl36a;Rpl37;Rpl37a;Rpl39;Rpl41;Rps15a;Rps21;Rps26;Rps27;Rps28;Uba52
all,overlap_louvain,L02,tissue__thymus,T2_up,32,16,Cdk5rap3;Eif2s2;Fbxo32;Gucy1a1;H1f0;H2afj;Krt83;Lamb3;Lars;Mrpl52;Ndufs6;Rpl22;Rpl22l1;Rpl27;Rpl30;Rpl34;Rpl35;Rpl35a;Rpl36;Rpl36a;Rpl37;Rpl37a;Rpl38;Rpl39;Rpl41;Rplp2;Rps15a;Rps21;Rps26;Rps27;Rps28;Uba52
all,overlap_louvain,L03,cluster_tissue__C0__bone_marrow,T2_up,34,23,Atp5e;Atp5j;Atp5j2;Atp5l;Dpm1;Dpm3;Dtymk;Galnt11;Hddc2;Hspa1a;Hspa1b;Itpkb;Krtcap2;Ndufa1;Ndufa13;Ndufa2;Ndufa3;Ndufa5;Ndufa7;Ndufb1-ps;Ndufb2;Ndufb4;Ndufc1;Ndufs5;Ndufs6;Ndufv3;Nmnat3;Ost4;Phlda1;Tmem258;Tpk1;mt-Nd1;mt-Nd2;mt-Nd3
all,overlap_louvain,L03,cluster_tissue__C3__spleen,T2_up,36,23,Acot2;Atp5e;Atp5j;Atp5j2;Atp5k;Atp5l;Dpm3;Galk1;Galnt11;Hddc2;Hspa1a;Hspa1b;Krtcap2;Mttp;Ndufa1;Ndufa13;Ndufa2;Ndufa3;Ndufa5;Ndufa7;Ndufb1-ps;Ndufb2;Ndufb3;Ndufb4;Ndufb7;Ndufc1;Ndufs6;Ndufv3;Ost4;Phlda1;Pxylp1;Tk2;Tmem258;mt-Nd1;mt-Nd2;mt-Nd3
all,overlap_louvain,L03,cluster_tissue__C4__bone_marrow,T2_up,7,9,Atp5e;Atp5l;Hspa1a;Hspa1b;mt-Nd1;mt-Nd2;mt-Nd3
all,overlap_louvain,L03,cluster_tissue__C5-1__spleen,T2_up,8,20,Atp5e;Hspa1b;Ndufa13;Ndufb1-ps;Ndufv3;mt-Nd1;mt-Nd2;mt-Nd3
all,overlap_louvain,L03,cluster_tissue__C6__thymus,T2_up,22,23,Atp5e;Atp5k;Chka;Dpm3;Gnpda1;Hspa1a;Hspa1b;Mttp;Ndufa1;Ndufa13;Ndufa2;Ndufa3;Ndufa7;Ndufb3;Ndufb4;Ndufc1;Ndufs6;Ndufv3;Ost4;Phlda1;Tmem258;mt-Nd3
all,overlap_louvain,L03,tissue__bone_marrow,T2_up,36,22,Atp5e;Atp5j;Atp5j2;Atp5l;Dbt;Dpm3;Dse;Dtymk;Galnt11;Hddc2;Hspa1a;Hspa1b;Ndufa1;Ndufa13;Ndufa2;Ndufa3;Ndufa5;Ndufa7;Ndufb1-ps;Ndufb2;Ndufb4;Ndufc1;Ndufs5;Ndufs6;Ndufv3;Nmnat2;Ost4;Pde4a;Phlda1;Pxylp1;Rxylt1;Stt3a;Tmem258;mt-Nd1;mt-Nd2;mt-Nd3
all,overlap_louvain,L03,tissue__spleen,T2_up,37,23,Acot2;Atp5e;Atp5j;Atp5j2;Atp5k;Atp5l;Dpm3;Galk1;Galnt11;Hddc2;Hspa1a;Hspa1b;Krtcap2;Ndufa1;Ndufa13;Ndufa2;Ndufa3;Ndufa7;Ndufb1-ps;Ndufb2;Ndufb3;Ndufb4;Ndufb7;Ndufc1;Ndufs6;Ndufv3;Nudt7;Oasl2;Ost4;Phlda1;Pigyl;Pxylp1;St8sia6;Tmem258;mt-Nd1;mt-Nd2;mt-Nd3
all,overlap_louvain,L03,tissue__thymus,T2_up,30,23,Ada;Adss;Atp5e;Atp5j2;Atp5k;Atp5l;Chka;Dctpp1;Dpm3;Gnpda1;Gucy1a1;Hspa1a;Hspa1b;Lclat1;Ndufa1;Ndufa13;Ndufa2;Ndufa3;Ndufa7;Ndufb3;Ndufb4;Ndufb7;Ndufc1;Ndufc2;Ndufs6;Ndufv3;Ost4;Phlda1;Tmem258;mt-Nd3
all,overlap_louvain,L04,cluster_tissue__C0__bone_marrow,T2_up,10,2,Cox5b;Cox6b1;Cox6c;Cox7a2;Cox7b;Cox7c;Cox8a;Uqcr10;Uqcr11;Uqcrq
all,overlap_louvain,L04,cluster_tissue__C3__spleen,T2_up,12,3,Cox5b;Cox6b1;Cox6c;Cox7a2;Cox7b;Cox7c;Cox8a;Uqcr10;Uqcr11;Uqcrb;Uqcrq;mt-Cytb
all,overlap_louvain,L04,cluster_tissue__C4__bone_marrow,T2_up,6,2,Cox5b;Cox6b1;Cox6c;Cox7c;Cox8a;mt-Co3
all,overlap_louvain,L04,cluster_tissue__C6__thymus,T2_up,5,1,Cox5b;Cox6c;Cox8a;Uqcr10;Uqcrq
all,overlap_louvain,L04,tissue__bone_marrow,T2_up,10,2,Cox5b;Cox6b1;Cox6c;Cox7a2;Cox7b;Cox7c;Cox8a;Uqcr10;Uqcr11;Uqcrq
all,overlap_louvain,L04,tissue__spleen,T2_up,12,3,Cox5b;Cox6b1;Cox6c;Cox7a2;Cox7b;Cox7c;Cox8a;Uqcr10;Uqcr11;Uqcrb;Uqcrq;mt-Cytb
all,overlap_louvain,L04,tissue__thymus,T2_up,9,2,Cox5b;Cox6b1;Cox6c;Cox7a2;Cox7b;Cox7c;Cox8a;Uqcr10;Uqcrq
all,overlap_louvain,L05,cluster_tissue__C0__bone_marrow,T2_up,13,3,Cox17;Cox20;Lyrm2;Mtln;Ndufa13;Ndufaf8;Ndufs5;Ndufs6;Sdhaf1;Smim4;Uqcc2;mt-Nd1;mt-Nd2
all,overlap_louvain,L05,cluster_tissue__C3__spleen,T2_up,20,7,Cmc1;Cox10;Cox14;Cox17;Cox20;Fmc1;Jun;Lyrm2;Mtln;Ndufa13;Ndufaf8;Ndufs6;Nipsnap2;Pet100;Romo1;Sdhaf1;Slirp;Smim4;mt-Nd1;mt-Nd2
all,overlap_louvain,L05,tissue__bone_marrow,T2_up,22,6,Afg3l1;Coa7;Cox10;Cox17;Cox20;Jun;Letm2;Lyrm2;Mtln;Ndufa13;Ndufaf8;Ndufs5;Ndufs6;Nipsnap2;Pet100;Romo1;Sdhaf1;Slirp;Smim4;Uqcc2;mt-Nd1;mt-Nd2
all,overlap_louvain,L05,tissue__spleen,T2_up,22,5,Cmc1;Coa7;Cox10;Cox14;Cox16;Cox17;Cox20;Fmc1;Jun;Lyrm2;Mtln;Ndufa13;Ndufaf8;Ndufs6;Nipsnap2;Pet100;Romo1;Sdhaf1;Slirp;Smim4;mt-Nd1;mt-Nd2
all,overlap_louvain,L06,cluster_tissue__C4__spleen,T2_up,10,4,Rpl27;Rpl35a;Rpl36;Rpl37;Rpl37a;Rpl38;Rpl41;Rplp1;Rplp2;Uba52
all,overlap_louvain,L06,cluster_tissue__C5-2__bone_marrow,T2_up,9,5,Rpl26;Rpl34;Rpl35a;Rpl36;Rpl37;Rpl37a;Rpl38;Rpl41;Rplp2
all,overlap_louvain,L06,cluster_tissue__C6__thymus,T2_up,13,1,Dazap1;Rpl30;Rpl34;Rpl35;Rpl35a;Rpl36;Rpl36a;Rpl37;Rpl37a;Rpl38;Rpl41;Rplp2;Uba52
all,overlap_louvain,L06,tissue__thymus,T2_up,16,1,Dazap1;Eif2s2;Rpl27;Rpl30;Rpl34;Rpl35;Rpl35a;Rpl36;Rpl36a;Rpl37;Rpl37a;Rpl38;Rpl41;Rplp2;Sirt1;Uba52
all,overlap_louvain,L07,cluster_tissue__C0__bone_marrow,T2_up,5,1,Ndufa7;Ndufs6;mt-Nd1;mt-Nd2;mt-Nd3
all,overlap_louvain,L07,cluster_tissue__C3__spleen,T2_up,16,10,Atp5e;Atp5j;Atp5j2;Atp5k;Atp5l;Ndufa2;Ndufa7;Ndufb7;Ndufs6;Romo1;Slc41a3;Slc9a8;mt-Cytb;mt-Nd1;mt-Nd2;mt-Nd3
all,overlap_louvain,L07,cluster_tissue__C4__bone_marrow,T2_up,9,15,Atox1;Atp5e;Atp5l;S100a6;mt-Co3;mt-Cytb;mt-Nd1;mt-Nd2;mt-Nd3
all,overlap_louvain,L07,cluster_tissue__C4__spleen,T2_up,4,2,Atp5e;mt-Co2;mt-Cytb;mt-Nd1
all,overlap_louvain,L07,cluster_tissue__C5-1__bone_marrow,T2_up,3,6,mt-Co3;mt-Cytb;mt-Nd2
all,overlap_louvain,L07,cluster_tissue__C5-1__spleen,T2_up,6,12,Atp5e;mt-Co3;mt-Cytb;mt-Nd1;mt-Nd2;mt-Nd3
all,overlap_louvain,L07,tissue__spleen,T2_up,15,7,Anxa5;Atp5e;Atp5j;Atp5j2;Atp5k;Atp5l;Ndufa2;Ndufa7;Ndufb7;Ndufs6;Slc9a8;mt-Cytb;mt-Nd1;mt-Nd2;mt-Nd3
all,overlap_louvain,L08,cluster_tissue__C4__spleen,T2_up,9,5,Rpl27;Rpl35a;Rpl37;Rpl38;Rps12;Rps15a;Rps19;Rps21;Rps27
all,overlap_louvain,L08,cluster_tissue__C5-1__spleen,T2_up,7,1,Nop10;Rpl35;Rpl35a;Rpl38;Rps15a;Rps21;Rps27
all,overlap_louvain,L08,cluster_tissue__C5-2__bone_marrow,T2_up,5,1,Rpl35a;Rpl37;Rpl38;Rps15a;Rps28
all,overlap_louvain,L09,cluster_tissue__C3__spleen,Ctrl_up,25,3,Ahsa1;Ahsa2;Ccdc47;Cct2;Cct3;Cct4;Cct6a;Cct8;Chordc1;Cox19;Cybc1;Dnaja1;Dnaja4;Fkbp4;Grpel1;Hsp90aa1;Hsp90ab1;Hspa8;Hspd1;Hsph1;Pdcl3;Ptges3;Sdf2;St13;Tuba1a
all,overlap_louvain,L09,tissue__spleen,Ctrl_up,25,3,Ahsa1;Ahsa2;Ccdc47;Cct3;Cct4;Cct6a;Chordc1;Cybc1;Dnaja1;Dnaja2;Dnaja4;Dnajc3;Ero1l;Fkbp4;Hsp90aa1;Hsp90ab1;Hspa8;Hspd1;Hsph1;Khsrp;Pdcl3;Ptges3;Sdf2;St13;Tuba1a
all,overlap_louvain,L09,tissue__thymus,Ctrl_up,13,1,Ahsa2;Cct6a;Chordc1;Dnaja1;Dnajc2;Ero1lb;Hspa5;Hspa8;Hspd1;Pdrg1;Ptges3;Sdf2l1;Sgta
all,overlap_louvain,L10,cluster_tissue__C0__bone_marrow,T2_up,4,1,Fos;Fosl2;Jun;Junb
all,overlap_louvain,L10,cluster_tissue__C3__spleen,T2_up,4,1,Fos;Jun;Junb;Jund
all,overlap_louvain,L10,tissue__bone_marrow,T2_up,4,1,Fos;Fosl2;Jun;Junb
all,overlap_louvain,L10,tissue__spleen,T2_up,4,1,Fos;Jun;Junb;Jund
all,overlap_louvain,L11,cluster_tissue__C6__thymus,Ctrl_up,5,1,Bax;Ccl5;Fyn;Hspa5;Stip1
all,overlap_louvain,L11,tissue__thymus,Ctrl_up,5,1,Bax;Ccl5;Fyn;Hspa5;Stip1
all,overlap_louvain,L12,cluster_tissue__C4__bone_marrow,T2_up,3,4,Ly6a;Ly6c2;Ly6e
all,overlap_louvain,L13,cluster_tissue__C6__thymus,Ctrl_up,8,1,Dynll1;Dynll2;Fyn;Kif1b;P2rx7;Ubtf;Vim;Ywhae
all,overlap_louvain,L13,tissue__thymus,Ctrl_up,6,1,Dynll1;Dynll2;Fyn;Kif1b;Vim;Ywhae
all,overlap_louvain,L14,cluster_tissue__C0__bone_marrow,T2_up,4,1,Atp5e;Atp5j;Atp5j2;Atp5l
all,overlap_louvain,L14,cluster_tissue__C3__spleen,T2_up,5,2,Atp5e;Atp5j;Atp5j2;Atp5k;Atp5l
all,overlap_louvain,L14,tissue__spleen,T2_up,5,2,Atp5e;Atp5j;Atp5j2;Atp5k;Atp5l
all,overlap_louvain,L14,tissue__thymus,T2_up,4,1,Atp5e;Atp5j2;Atp5k;Atp5l
all,overlap_louvain,L15,cluster_tissue__C0__bone_marrow,T2_up,13,1,Hspa1a;Hspa1b;Lsm5;Lsm6;Lsm7;Magohb;Snrpa;Snrpb2;Snrpe;Snrpf;Snrpg;Srsf5;Zmat2
all,overlap_louvain,L16,cluster_tissue__C0__bone_marrow,T2_up,15,1,Ddx3x;Eefsec;Impact;Mpv17l2;Rpl35;Rpl35a;Rps21;Sec61b;Sec61g;Smim4;Snrpa;Snrpb2;Snrpe;Snrpg;Zfp593
all,overlap_louvain,L17,cluster_tissue__C3__spleen,Ctrl_up,44,1,Atad2b;Cdk9;Chd1;Cks2;Ctnnb1;Dhx9;Dnmt1;Hnrnpu;Kmt2a;Med1;Mllt10;Msl1;Mta3;Mtf2;Ncoa3;Ncor1;Nfat5;Nr1h2;Nr3c1;Nsd1;Polg;Prdm15;Psip1;Rcor1;Rnf168;Rnf20;Safb;Sbno1;Sfpq;Smarcc1;Smc1a;Smc2;Smc3;Smc4;Suz12;Top2b;Trim28;Trim33;Ube2t;Ubtf;Wac;Wdr82;Wrn;Yy1
all,overlap_louvain,L17,tissue__spleen,Ctrl_up,45,1,Atad2b;Atrx;Chd1;Cramp1l;Ctnnb1;Dhx9;Dnmt1;Eed;Hdac2;Hnrnpu;Kat2b;Kmt2a;Med1;Msl1;Mta3;Mtf2;Nap1l4;Ncor1;Nr1h2;Nr3c1;Nsd1;Polg;Prdm15;Psip1;Rcor1;Rnf168;Rnf20;Safb;Sbno1;Setdb1;Sfpq;Smarcc1;Smc1a;Smc2;Smc3;Smc4;Stag2;Top2b;Trim28;Trim33;Ubtf;Wac;Wdr82;Wrn;Yy1
all,overlap_louvain,L18,cluster_tissue__C3__spleen,T2_up,6,2,Hmgn2;Jchain;Romo1;Rpl30;Rpl39;Xcl1
all,overlap_louvain,L19,cluster_tissue__C3__spleen,Ctrl_up,16,1,Cct2;Cct3;Cct4;Cct6a;Cct8;Ctnnb1;Map2k7;Ptges3;Rad50;Sfpq;Slx4;Smc2;Smc4;Smc5;Terf2ip;Yy1
all,overlap_louvain,L19,tissue__spleen,Ctrl_up,28,2,Atrx;Baz1b;Birc5;Cct3;Cct4;Cct6a;Cdk5rap2;Ctnnb1;Dpf2;Hnrnpu;Kat2b;Lcmt1;Nvl;Prpf4b;Ptges3;Rad50;Ruvbl1;Sfpq;Slx4;Smarcc1;Smc2;Smc4;Smc5;Smg6;Terf2ip;Wapl;Yy1;Zw10
all,overlap_louvain,L20,cluster_tissue__C0__bone_marrow,Ctrl_up,22,3,Arf3;Dnm2;Fkbp4;Gbp4;Gbp6;Gbp7;Gbp8;Gbp9;Gimap7;Gnai3;Gspt1;Ifi47;Igtp;Nme3;Ola1;Rab35;Rab6b;Rala;Rragc;Srprb;Tuba1a;Tubb4b
all,overlap_louvain,L21,cluster_tissue__C4__bone_marrow,T2_up,5,1,Actb;Actg1;Dusp1;Fos;Rac2
all,overlap_louvain,L22,cluster_tissue__C0__bone_marrow,T2_up,4,1,Snrpa;Snrpb2;Snrpe;Snrpg
all,overlap_louvain,L22,cluster_tissue__C3__spleen,T2_up,4,1,Snrpa;Snrpb2;Snrpe;Snrpg
all,overlap_louvain,L22,tissue__spleen,T2_up,4,1,Snrpa;Snrpb2;Snrpe;Snrpg
all,overlap_louvain,L23,cluster_tissue__C3__spleen,T2_up,8,1,Dusp1;Fos;Fosb;Jun;Junb;Jund;Mttp;mt-Cytb
all,overlap_louvain,L23,cluster_tissue__C4__bone_marrow,T2_up,5,1,Dusp1;Fos;Fosb;Junb;mt-Cytb
all,overlap_louvain,L24,cluster_tissue__C4__spleen,T2_up,5,2,Fosb;Jun;Rpl27;mt-Co2;mt-Cytb
all,overlap_louvain,L25,tissue__spleen,Ctrl_up,22,2,Ahsa1;Ahsa2;Birc5;Cdkn1b;Chordc1;Dnaja1;Dnaja2;Dnaja4;Dnajc3;Fkbp4;Hdac2;Hikeshi;Hsp90ab1;Hspa8;Hspd1;Nr3c1;Ptges3;St13;Stau2;Stip1;Sugt1;Tuba1a
all,overlap_louvain,L25,tissue__thymus,Ctrl_up,12,2,Ahsa2;Bax;Chordc1;Dnaja1;Dnajc2;Hspa5;Hspa8;Hspd1;Ptges3;Sdf2l1;Stip1;Tpr
all,overlap_louvain,L26,cluster_tissue__C6__thymus,Ctrl_up,3,1,Dnaja1;Hspa8;Pink1
all,overlap_louvain,L26,tissue__thymus,Ctrl_up,3,1,Dnaja1;Hspa8;Pink1
all,overlap_louvain,L27,cluster_tissue__C4__spleen,Ctrl_up,4,1,Dnaja1;Hsp90aa1;Hspa8;Hsph1
all,overlap_louvain,L28,cluster_tissue__C6__thymus,Ctrl_up,7,1,Cd48;Fcer1g;Fyn;Grb2;Klrc1;Klrk1;Vav3
all,overlap_louvain,L29,tissue__bone_marrow,T2_up,3,1,Ahr;Hif1a;Tnfaip3
all,overlap_louvain,L30,cluster_tissue__C3__spleen,Ctrl_up,12,1,Dhx9;Dnaja1;Dnaja4;Hsp90aa1;Hsp90ab1;Hspa8;Hspd1;Map2k7;Pdcl3;Psip1;Rbbp7;Ywhae
all,overlap_louvain,L30,tissue__spleen,Ctrl_up,12,2,Dhx9;Dnaja1;Dnaja2;Dnaja4;Hikeshi;Hsp90aa1;Hsp90ab1;Hspa8;Hspd1;Pdcl3;Psip1;Ywhae
all,overlap_louvain,L31,cluster_tissue__C6__thymus,T2_up,3,1,Dnajb1;Hspa1a;Hspa1b
all,overlap_louvain,L32,tissue__spleen,Ctrl_up,14,3,Akap9;Arid4a;Atrx;Bcl2;Crkl;Ctnnb1;Fkbp4;Fndc3a;Nr3c1;Plekha1;Scaper;Tbc1d20;Tmf1;Wdr48
all,overlap_louvain,L33,cluster_tissue__C4__bone_marrow,T2_up,3,2,Ly6a;Ly6c2;Ly6e
all,overlap_louvain,L34,tissue__spleen,Ctrl_up,39,2,Atad2b;Atrx;Cct3;Cct4;Cct6a;Chd1;Chd9;Ddx10;Ddx23;Ddx43;Ddx46;Dhx9;Ercc2;Hsp90aa1;Hsp90ab1;Hspa8;Hspd1;Hsph1;Kif1b;Kif3a;Macf1;Morc3;Myo9b;Nvl;Psmc6;Rad50;Ruvbl1;Slc27a6;Smarcc1;Smc1a;Smc2;Smc3;Smc4;Spast;Srcap;Top2b;Tor1b;Wapl;Wrn
all,overlap_louvain,L35,cluster_tissue__C4__bone_marrow,T2_up,5,1,Hspa1a;Ly6a;Ly6c2;Ly6e;S100a4
all,overlap_louvain,L36,tissue__thymus,Ctrl_up,6,1,Ccl5;Dapk2;Fcer1g;Prex1;S100a9;Vav3
all,overlap_louvain,L37,tissue__spleen,Ctrl_up,12,1,Dhx9;Dnmt1;Eed;Hdac2;Hnrnpu;Med1;Nr3c1;Prdm15;Setdb1;Trim28;Trim33;Yy1
all,overlap_louvain,L38,tissue__thymus,T2_up,4,1,Cysltr1;Ltb4r1;Ramp1;Ramp3
all,overlap_louvain,L39,tissue__spleen,Ctrl_up,22,1,Akirin2;Fam76b;Gusb;Hikeshi;Hnrnpu;Hspa8;Ing1;Kpna1;Kpna3;Lmnb2;Med1;Morc3;Nol8;Nop14;Nop53;Nup50;Pttg1ip;Rangap1;Rpain;Tor1b;Wrn;Ywhae
all,overlap_louvain,L40,tissue__spleen,Ctrl_up,14,1,Akirin2;Bcl2;Ccnd2;Dnmt1;Ehmt1;Fbxo22;Nr3c1;Pin1;Prdm16;Rbm10;Slc25a4;Trim32;Trip10;Yy1
all,overlap_louvain,L41,tissue__spleen,Ctrl_up,4,1,Polb;Smc2;Smc4;Yy1
all,overlap_louvain,L42,tissue__spleen,Ctrl_up,4,1,Hsp90aa1;Hsp90ab1;Nvl;Ptges3
all,semantic_only,S01,cluster_tissue__C0__bone_marrow,T2_up,37,23,Atp5e;Atp5j;Atp5j2;Atp5l;Coq10b;Cox10;Cox17;Cox5b;Cox6b1;Cox6c;Cox7a2;Cox7b;Cox7c;Cox8a;Hspa1a;Hspa1b;Mtln;Ndufa1;Ndufa13;Ndufa2;Ndufa3;Ndufa5;Ndufa7;Ndufb1-ps;Ndufb2;Ndufb4;Ndufc1;Ndufs5;Ndufs6;Ndufv3;Nr4a3;Uqcr10;Uqcr11;Uqcrq;mt-Nd1;mt-Nd2;mt-Nd3
all,semantic_only,S01,cluster_tissue__C3__spleen,T2_up,44,29,Atp5e;Atp5j;Atp5j2;Atp5k;Atp5l;Coq10b;Cox10;Cox17;Cox5b;Cox6b1;Cox6c;Cox7a2;Cox7b;Cox7c;Cox8a;Galk1;Hspa1a;Hspa1b;Mtln;Mttp;Ndufa1;Ndufa13;Ndufa2;Ndufa3;Ndufa4;Ndufa5;Ndufa7;Ndufb1-ps;Ndufb2;Ndufb3;Ndufb4;Ndufb7;Ndufc1;Ndufs6;Ndufv3;Slc37a4;Uqcr10;Uqcr11;Uqcrb;Uqcrq;mt-Cytb;mt-Nd1;mt-Nd2;mt-Nd3
all,semantic_only,S01,cluster_tissue__C4__bone_marrow,T2_up,16,24,Atp5e;Atp5l;Cox17;Cox5b;Cox6b1;Cox6c;Cox7c;Cox8a;Hspa1a;Hspa1b;Ndufa4;mt-Co3;mt-Cytb;mt-Nd1;mt-Nd2;mt-Nd3
all,semantic_only,S01,cluster_tissue__C5-1__bone_marrow,T2_up,3,7,mt-Co3;mt-Cytb;mt-Nd2
all,semantic_only,S01,cluster_tissue__C5-1__spleen,T2_up,11,24,Atp5e;Cox6c;Hspa1b;Ndufa13;Ndufb1-ps;Ndufv3;mt-Co3;mt-Cytb;mt-Nd1;mt-Nd2;mt-Nd3
all,semantic_only,S01,cluster_tissue__C6__thymus,T2_up,24,20,Atp5e;Atp5k;Cox17;Cox5b;Cox6c;Cox8a;Gnpda1;Hspa1a;Hspa1b;Mttp;Ndufa1;Ndufa13;Ndufa2;Ndufa3;Ndufa4;Ndufa7;Ndufb3;Ndufb4;Ndufc1;Ndufs6;Ndufv3;Uqcr10;Uqcrq;mt-Nd3
all,semantic_only,S01,tissue__bone_marrow,T2_up,38,21,Atp5e;Atp5j;Atp5j2;Atp5l;Coq10b;Cox10;Cox17;Cox5b;Cox6b1;Cox6c;Cox7a2;Cox7b;Cox7c;Cox8a;Hspa1a;Hspa1b;Mtln;Ndufa1;Ndufa13;Ndufa2;Ndufa3;Ndufa4;Ndufa5;Ndufa7;Ndufb1-ps;Ndufb2;Ndufb4;Ndufc1;Ndufs5;Ndufs6;Ndufv3;Nr4a3;Uqcr10;Uqcr11;Uqcrq;mt-Nd1;mt-Nd2;mt-Nd3
all,semantic_only,S01,tissue__spleen,Ctrl_up,39,2,Atad2b;Atrx;Cct3;Cct4;Cct6a;Chd1;Chd9;Ddx10;Ddx23;Ddx43;Ddx46;Dhx9;Ercc2;Hsp90aa1;Hsp90ab1;Hspa8;Hspd1;Hsph1;Kif1b;Kif3a;Macf1;Morc3;Myo9b;Nvl;Psmc6;Rad50;Ruvbl1;Slc27a6;Smarcc1;Smc1a;Smc2;Smc3;Smc4;Spast;Srcap;Top2b;Tor1b;Wapl;Wrn
all,semantic_only,S01,tissue__spleen,T2_up,41,27,Atp5e;Atp5j;Atp5j2;Atp5k;Atp5l;Coq10b;Cox10;Cox17;Cox5b;Cox6b1;Cox6c;Cox7a2;Cox7b;Cox7c;Cox8a;Galk1;Hspa1a;Hspa1b;Mtln;Ndufa1;Ndufa13;Ndufa2;Ndufa3;Ndufa4;Ndufa7;Ndufb1-ps;Ndufb2;Ndufb3;Ndufb4;Ndufb7;Ndufc1;Ndufs6;Ndufv3;Uqcr10;Uqcr11;Uqcrb;Uqcrq;mt-Cytb;mt-Nd1;mt-Nd2;mt-Nd3
all,semantic_only,S01,tissue__thymus,T2_up,33,22,Ada;Atp5e;Atp5j2;Atp5k;Atp5l;Cox17;Cox5b;Cox6b1;Cox6c;Cox7a2;Cox7b;Cox7c;Cox8a;Dctpp1;Gnpda1;Hspa1a;Hspa1b;Ndufa1;Ndufa13;Ndufa2;Ndufa3;Ndufa4;Ndufa7;Ndufb3;Ndufb4;Ndufb7;Ndufc1;Ndufc2;Ndufs6;Ndufv3;Uqcr10;Uqcrq;mt-Nd3
all,semantic_only,S02,cluster_tissue__C0__bone_marrow,T2_up,46,7,Cox17;Cox20;H1f0;H2afj;Hist1h1c;Hspa1a;Hspa1b;Krt83;Lsm5;Lsm6;Lsm7;Lyrm2;Magohb;Mrpl33;Mrpl52;Mrpl57;Mrps18c;Mtln;Ndufa13;Ndufaf8;Ndufs5;Ndufs6;Rpl35;Rpl35a;Rpl36;Rpl36a;Rpl36al;Rpl37;Rpl37a;Rpl39;Rpl41;Rps21;Rps27;Sdhaf1;Smim4;Snrpa;Snrpb2;Snrpe;Snrpf;Snrpg;Srsf5;Uba52;Uqcc2;Zmat2;mt-Nd1;mt-Nd2
all,semantic_only,S02,cluster_tissue__C0__spleen,T2_up,4,3,Rpl35;Rpl37a;Rps21;Rps27
all,semantic_only,S02,cluster_tissue__C3__bone_marrow,T2_up,6,3,Rpl37a;Rpl38;Rpl41;Rplp2;Rps21;Rps27
all,semantic_only,S02,cluster_tissue__C3__spleen,Ctrl_up,25,1,Ahsa1;Ahsa2;Ccdc47;Cct2;Cct3;Cct4;Cct6a;Cct8;Chordc1;Cox19;Cybc1;Dnaja1;Dnaja4;Fkbp4;Grpel1;Hsp90aa1;Hsp90ab1;Hspa8;Hspd1;Hsph1;Pdcl3;Ptges3;Sdf2;St13;Tuba1a
all,semantic_only,S02,cluster_tissue__C3__spleen,T2_up,46,10,Actg1;Actn2;Cmc1;Cox10;Cox14;Cox17;Cox20;Fmc1;H1f0;H2afj;Hist2h4;Isg15;Jun;Lyrm2;Mrpl10;Mrpl23;Mrpl52;Mrpl57;Mrps21;Mtln;Ndufa13;Ndufaf8;Ndufs6;Nipsnap2;Pet100;Romo1;Rpl30;Rpl34;Rpl35;Rpl35a;Rpl36;Rpl36a;Rpl37;Rpl37a;Rpl39;Rpl41;Rps15a;Rps21;Rps26;Rps27;Sdhaf1;Slirp;Smim4;Uba52;mt-Nd1;mt-Nd2
all,semantic_only,S02,cluster_tissue__C4__spleen,T2_up,19,3,Myl6;Rpl22;Rpl27;Rpl35a;Rpl36;Rpl37;Rpl37a;Rpl38;Rpl39;Rpl41;Rplp1;Rplp2;Rps12;Rps15a;Rps19;Rps21;Rps26;Rps27;Uba52
all,semantic_only,S02,cluster_tissue__C5-1__spleen,T2_up,13,3,Rpl22;Rpl35;Rpl35a;Rpl36;Rpl36a;Rpl37a;Rpl38;Rpl39;Rpl41;Rps15a;Rps21;Rps26;Rps27
all,semantic_only,S02,cluster_tissue__C5-2__bone_marrow,T2_up,13,3,Rpl22;Rpl26;Rpl34;Rpl35a;Rpl36;Rpl37;Rpl37a;Rpl38;Rpl39;Rpl41;Rplp2;Rps15a;Rps28
all,semantic_only,S02,cluster_tissue__C6__thymus,T2_up,23,3,H1f0;H2afj;Mrpl52;Rpl22;Rpl22l1;Rpl30;Rpl34;Rpl35;Rpl35a;Rpl36;Rpl36a;Rpl37;Rpl37a;Rpl38;Rpl39;Rpl41;Rplp2;Rps15a;Rps21;Rps26;Rps27;Rps28;Uba52
all,semantic_only,S02,tissue__bone_marrow,T2_up,39,8,Afg3l1;Coa7;Cox10;Cox17;Cox20;Jun;Letm2;Lyrm2;Mrpl33;Mrpl52;Mrpl54;Mrpl57;Mtln;Ndufa13;Ndufaf8;Ndufs5;Ndufs6;Nipsnap2;Pet100;Romo1;Rpl35;Rpl35a;Rpl36;Rpl36a;Rpl36al;Rpl37;Rpl37a;Rpl39;Rpl41;Rps15a;Rps21;Rps26;Rps27;Sdhaf1;Slirp;Smim4;Uqcc2;mt-Nd1;mt-Nd2
all,semantic_only,S02,tissue__spleen,Ctrl_up,26,2,Ahsa1;Ahsa2;Ccdc47;Cct3;Cct4;Cct6a;Chordc1;Cybc1;Dnaja1;Dnaja2;Dnaja4;Dnajc3;Ero1l;Fkbp4;Hsp90aa1;Hsp90ab1;Hspa8;Hspd1;Hsph1;Khsrp;Nvl;Pdcl3;Ptges3;Sdf2;St13;Tuba1a
all,semantic_only,S02,tissue__spleen,T2_up,54,8,Actg1;Actn2;Cmc1;Coa7;Cox10;Cox14;Cox16;Cox17;Cox20;Csrp1;Fmc1;H1f0;H2afj;Hist1h2ac;Hist2h4;Isg15;Jun;Lyrm2;Mrpl10;Mrpl23;Mrpl33;Mrpl52;Mrpl57;Mrps18c;Mrps21;Mtln;Ndufa13;Ndufaf8;Ndufs6;Nipsnap2;Pet100;Romo1;Rpl22;Rpl30;Rpl34;Rpl35;Rpl35a;Rpl36;Rpl36a;Rpl37;Rpl37a;Rpl39;Rpl41;Rps15a;Rps21;Rps26;Rps27;Rps28;Sdhaf1;Slirp;Smim4;Uba52;mt-Nd1;mt-Nd2
all,semantic_only,S02,tissue__thymus,Ctrl_up,13,1,Ahsa2;Cct6a;Chordc1;Dnaja1;Dnajc2;Ero1lb;Hspa5;Hspa8;Hspd1;Pdrg1;Ptges3;Sdf2l1;Sgta
all,semantic_only,S02,tissue__thymus,T2_up,26,3,H1f0;H2afj;Krt83;Lamb3;Mrpl52;Rpl22;Rpl22l1;Rpl27;Rpl30;Rpl34;Rpl35;Rpl35a;Rpl36;Rpl36a;Rpl37;Rpl37a;Rpl38;Rpl39;Rpl41;Rplp2;Rps15a;Rps21;Rps26;Rps27;Rps28;Uba52
all,semantic_only,S03,cluster_tissue__C0__bone_marrow,T2_up,29,1,Atp5e;Atp5j;Atp5j2;Atp5l;Cox10;Cox17;Cox20;Cox5b;Cox6b1;Cox6c;Cox7a2;Cox7b;Cox7c;Cox8a;Ndufa1;Ndufa13;Ndufa2;Ndufa3;Ndufa5;Ndufa7;Ndufb2;Ndufb4;Ndufc1;Ndufs5;Ndufs6;Ndufv3;Uqcr10;Uqcr11;Uqcrq
all,semantic_only,S03,cluster_tissue__C3__spleen,Ctrl_up,12,1,Dhx9;Dnaja1;Dnaja4;Hsp90aa1;Hsp90ab1;Hspa8;Hspd1;Map2k7;Pdcl3;Psip1;Rbbp7;Ywhae
all,semantic_only,S03,cluster_tissue__C3__spleen,T2_up,49,4,Actg1;Atp5e;Atp5j;Atp5j2;Atp5k;Atp5l;Cox10;Cox14;Cox17;Cox20;Cox5b;Cox6b1;Cox6c;Cox7a2;Cox7b;Cox7c;Cox8a;Dusp1;Fos;Fosb;Hmgn2;Jchain;Jun;Junb;Jund;Mttp;Ndufa1;Ndufa13;Ndufa2;Ndufa3;Ndufa4;Ndufa5;Ndufa7;Ndufb2;Ndufb3;Ndufb4;Ndufb7;Ndufc1;Ndufs6;Ndufv3;Romo1;Rpl30;Rpl39;Uqcr10;Uqcr11;Uqcrb;Uqcrq;Xcl1;mt-Cytb
all,semantic_only,S03,cluster_tissue__C4__bone_marrow,T2_up,16,2,Actb;Actg1;Atp5e;Atp5l;Cox17;Cox5b;Cox6b1;Cox6c;Cox7c;Cox8a;Dusp1;Fos;Fosb;Junb;Ndufa4;mt-Cytb
all,semantic_only,S03,cluster_tissue__C4__spleen,T2_up,5,2,Fosb;Jun;Rpl27;mt-Co2;mt-Cytb
all,semantic_only,S03,cluster_tissue__C6__thymus,T2_up,19,1,Atp5e;Atp5k;Cox17;Cox5b;Cox6c;Cox8a;Ndufa1;Ndufa13;Ndufa2;Ndufa3;Ndufa4;Ndufa7;Ndufb3;Ndufb4;Ndufc1;Ndufs6;Ndufv3;Uqcr10;Uqcrq
all,semantic_only,S03,tissue__bone_marrow,T2_up,31,1,Atp5e;Atp5j;Atp5j2;Atp5l;Coa7;Cox10;Cox17;Cox20;Cox5b;Cox6b1;Cox6c;Cox7a2;Cox7b;Cox7c;Cox8a;Ndufa1;Ndufa13;Ndufa2;Ndufa3;Ndufa4;Ndufa5;Ndufa7;Ndufb2;Ndufb4;Ndufc1;Ndufs5;Ndufs6;Ndufv3;Uqcr10;Uqcr11;Uqcrq
all,semantic_only,S03,tissue__spleen,Ctrl_up,12,2,Dhx9;Dnaja1;Dnaja2;Dnaja4;Hikeshi;Hsp90aa1;Hsp90ab1;Hspa8;Hspd1;Pdcl3;Psip1;Ywhae
all,semantic_only,S03,tissue__spleen,T2_up,36,1,Actg1;Atp5e;Atp5j;Atp5j2;Atp5k;Atp5l;Coa7;Cox10;Cox14;Cox16;Cox17;Cox20;Cox5b;Cox6b1;Cox6c;Cox7a2;Cox7b;Cox7c;Cox8a;Ndufa1;Ndufa13;Ndufa2;Ndufa3;Ndufa4;Ndufa7;Ndufb2;Ndufb3;Ndufb4;Ndufb7;Ndufc1;Ndufs6;Ndufv3;Uqcr10;Uqcr11;Uqcrb;Uqcrq
all,semantic_only,S03,tissue__thymus,T2_up,27,1,Atp5e;Atp5j2;Atp5k;Atp5l;Cox17;Cox5b;Cox6b1;Cox6c;Cox7a2;Cox7b;Cox7c;Cox8a;Ndufa1;Ndufa13;Ndufa2;Ndufa3;Ndufa4;Ndufa7;Ndufb3;Ndufb4;Ndufb7;Ndufc1;Ndufc2;Ndufs6;Ndufv3;Uqcr10;Uqcrq
all,semantic_only,S04,cluster_tissue__C0__bone_marrow,T2_up,8,3,Rpl35;Rpl35a;Rpl36;Rpl36a;Rpl37;Rpl37a;Rps27;Uba52
all,semantic_only,S04,cluster_tissue__C0__spleen,T2_up,3,3,Rpl35;Rpl37a;Rps27
all,semantic_only,S04,cluster_tissue__C3__bone_marrow,T2_up,6,6,Rpl37a;Rpl38;Rpl41;Rplp2;Rps21;Rps27
all,semantic_only,S04,cluster_tissue__C3__spleen,T2_up,20,6,Mrpl10;Mrpl23;Mrpl52;Mrpl57;Mrps21;Rpl30;Rpl34;Rpl35;Rpl35a;Rpl36;Rpl36a;Rpl37;Rpl37a;Rpl39;Rpl41;Rps15a;Rps21;Rps26;Rps27;Uba52
all,semantic_only,S04,cluster_tissue__C4__spleen,Ctrl_up,4,1,Dnaja1;Hsp90aa1;Hspa8;Hsph1
all,semantic_only,S04,cluster_tissue__C4__spleen,T2_up,18,11,Rpl22;Rpl27;Rpl35a;Rpl36;Rpl37;Rpl37a;Rpl38;Rpl39;Rpl41;Rplp1;Rplp2;Rps12;Rps15a;Rps19;Rps21;Rps26;Rps27;Uba52
all,semantic_only,S04,cluster_tissue__C5-1__spleen,T2_up,14,7,Nop10;Rpl22;Rpl35;Rpl35a;Rpl36;Rpl36a;Rpl37a;Rpl38;Rpl39;Rpl41;Rps15a;Rps21;Rps26;Rps27
all,semantic_only,S04,cluster_tissue__C5-2__bone_marrow,T2_up,13,7,Rpl22;Rpl26;Rpl34;Rpl35a;Rpl36;Rpl37;Rpl37a;Rpl38;Rpl39;Rpl41;Rplp2;Rps15a;Rps28
all,semantic_only,S04,cluster_tissue__C6__thymus,T2_up,23,6,Cdk5rap3;Lars;Mrpl52;Rpl22;Rpl22l1;Rpl30;Rpl34;Rpl35;Rpl35a;Rpl36;Rpl36a;Rpl37;Rpl37a;Rpl38;Rpl39;Rpl41;Rplp2;Rps15a;Rps21;Rps26;Rps27;Rps28;Uba52
all,semantic_only,S04,tissue__bone_marrow,T2_up,9,3,Rpl35;Rpl35a;Rpl36;Rpl36a;Rpl37;Rpl37a;Rps15a;Rps26;Rps27
all,semantic_only,S04,tissue__spleen,Ctrl_up,22,1,Akirin2;Fam76b;Gusb;Hikeshi;Hnrnpu;Hspa8;Ing1;Kpna1;Kpna3;Lmnb2;Med1;Morc3;Nol8;Nop14;Nop53;Nup50;Pttg1ip;Rangap1;Rpain;Tor1b;Wrn;Ywhae
all,semantic_only,S04,tissue__spleen,T2_up,25,6,Eefsec;Mrpl10;Mrpl23;Mrpl33;Mrpl52;Mrpl57;Mrps18c;Mrps21;Rpl22;Rpl30;Rpl34;Rpl35;Rpl35a;Rpl36;Rpl36a;Rpl37;Rpl37a;Rpl39;Rpl41;Rps15a;Rps21;Rps26;Rps27;Rps28;Uba52
all,semantic_only,S04,tissue__thymus,T2_up,25,6,Cdk5rap3;Eif2s2;Lars;Mrpl52;Rpl22;Rpl22l1;Rpl27;Rpl30;Rpl34;Rpl35;Rpl35a;Rpl36;Rpl36a;Rpl37;Rpl37a;Rpl38;Rpl39;Rpl41;Rplp2;Rps15a;Rps21;Rps26;Rps27;Rps28;Uba52
all,semantic_only,S05,cluster_tissue__C0__bone_marrow,T2_up,26,4,Atp5e;Atp5j;Cox5b;Cox6b1;Cox6c;Cox7a2;Cox7b;Cox7c;Cox8a;Jun;Ndufa1;Ndufa13;Ndufa2;Ndufa3;Ndufa5;Ndufa7;Ndufb2;Ndufb4;Ndufc1;Ndufs5;Ndufs6;Ndufv3;Socs3;Uqcr10;Uqcr11;Uqcrq
all,semantic_only,S05,cluster_tissue__C3__spleen,T2_up,30,4,Atp5e;Atp5j;Cox5b;Cox6b1;Cox6c;Cox7a2;Cox7b;Cox7c;Cox8a;Jun;Ndufa1;Ndufa13;Ndufa2;Ndufa3;Ndufa4;Ndufa5;Ndufa7;Ndufb2;Ndufb3;Ndufb4;Ndufb7;Ndufc1;Ndufs6;Ndufv3;Polr2i;Polr2l;Uqcr10;Uqcr11;Uqcrb;Uqcrq
all,semantic_only,S05,cluster_tissue__C4__bone_marrow,T2_up,12,5,Actb;Actg1;Atp5e;Cox5b;Cox6b1;Cox6c;Cox7c;Cox8a;Dusp1;Fos;Ndufa4;Rac2
all,semantic_only,S05,cluster_tissue__C6__thymus,Ctrl_up,5,1,Bax;Ccl5;Fyn;Hspa5;Stip1
all,semantic_only,S05,cluster_tissue__C6__thymus,T2_up,17,4,Atp5e;Cox5b;Cox6c;Cox8a;Ndufa1;Ndufa13;Ndufa2;Ndufa3;Ndufa4;Ndufa7;Ndufb3;Ndufb4;Ndufc1;Ndufs6;Ndufv3;Uqcr10;Uqcrq
all,semantic_only,S05,tissue__bone_marrow,T2_up,26,4,Atp5e;Atp5j;Cox5b;Cox6b1;Cox6c;Cox7a2;Cox7b;Cox7c;Cox8a;Jun;Ndufa1;Ndufa13;Ndufa2;Ndufa3;Ndufa4;Ndufa5;Ndufa7;Ndufb2;Ndufb4;Ndufc1;Ndufs5;Ndufs6;Ndufv3;Uqcr10;Uqcr11;Uqcrq
all,semantic_only,S05,tissue__spleen,T2_up,29,4,Atp5e;Atp5j;Cox5b;Cox6b1;Cox6c;Cox7a2;Cox7b;Cox7c;Cox8a;Il6ra;Jun;Ndufa1;Ndufa13;Ndufa2;Ndufa3;Ndufa4;Ndufa7;Ndufb2;Ndufb3;Ndufb4;Ndufb7;Ndufc1;Ndufs6;Ndufv3;Polr2l;Uqcr10;Uqcr11;Uqcrb;Uqcrq
all,semantic_only,S05,tissue__thymus,Ctrl_up,5,1,Bax;Ccl5;Fyn;Hspa5;Stip1
all,semantic_only,S05,tissue__thymus,T2_up,23,4,Atp5e;Cox5b;Cox6b1;Cox6c;Cox7a2;Cox7b;Cox7c;Cox8a;Ndufa1;Ndufa13;Ndufa2;Ndufa3;Ndufa4;Ndufa7;Ndufb3;Ndufb4;Ndufb7;Ndufc1;Ndufc2;Ndufs6;Ndufv3;Uqcr10;Uqcrq
all,semantic_only,S06,cluster_tissue__C0__bone_marrow,T2_up,10,4,Flt3l;Rpl35;Rpl35a;Rpl36;Rpl36a;Rpl37;Rpl37a;Rpl39;Rpl41;Uba52
all,semantic_only,S06,cluster_tissue__C3__bone_marrow,T2_up,4,4,Rpl37a;Rpl38;Rpl41;Rplp2
all,semantic_only,S06,cluster_tissue__C3__spleen,Ctrl_up,16,1,Cct2;Cct3;Cct4;Cct6a;Cct8;Ctnnb1;Map2k7;Ptges3;Rad50;Sfpq;Slx4;Smc2;Smc4;Smc5;Terf2ip;Yy1
all,semantic_only,S06,cluster_tissue__C3__spleen,T2_up,11,4,Rpl30;Rpl34;Rpl35;Rpl35a;Rpl36;Rpl36a;Rpl37;Rpl37a;Rpl39;Rpl41;Uba52
all,semantic_only,S06,cluster_tissue__C4__bone_marrow,T2_up,4,3,Rpl35;Rpl36;Rpl37a;Rpl41
all,semantic_only,S06,cluster_tissue__C4__spleen,T2_up,11,4,Rpl27;Rpl35a;Rpl36;Rpl37;Rpl37a;Rpl38;Rpl39;Rpl41;Rplp1;Rplp2;Uba52
all,semantic_only,S06,cluster_tissue__C5-1__spleen,T2_up,8,4,Rpl35;Rpl35a;Rpl36;Rpl36a;Rpl37a;Rpl38;Rpl39;Rpl41
all,semantic_only,S06,cluster_tissue__C5-2__bone_marrow,T2_up,10,4,Rpl26;Rpl34;Rpl35a;Rpl36;Rpl37;Rpl37a;Rpl38;Rpl39;Rpl41;Rplp2
all,semantic_only,S06,cluster_tissue__C6__thymus,T2_up,16,5,Dnajb1;Hspa1a;Hspa1b;Rpl30;Rpl34;Rpl35;Rpl35a;Rpl36;Rpl36a;Rpl37;Rpl37a;Rpl38;Rpl39;Rpl41;Rplp2;Uba52
all,semantic_only,S06,tissue__bone_marrow,T2_up,9,4,Flt3l;Rpl35;Rpl35a;Rpl36;Rpl36a;Rpl37;Rpl37a;Rpl39;Rpl41
all,semantic_only,S06,tissue__spleen,Ctrl_up,28,2,Atrx;Baz1b;Birc5;Cct3;Cct4;Cct6a;Cdk5rap2;Ctnnb1;Dpf2;Hnrnpu;Kat2b;Lcmt1;Nvl;Prpf4b;Ptges3;Rad50;Ruvbl1;Sfpq;Slx4;Smarcc1;Smc2;Smc4;Smc5;Smg6;Terf2ip;Wapl;Yy1;Zw10
all,semantic_only,S06,tissue__spleen,T2_up,11,4,Rpl30;Rpl34;Rpl35;Rpl35a;Rpl36;Rpl36a;Rpl37;Rpl37a;Rpl39;Rpl41;Uba52
all,semantic_only,S06,tissue__thymus,T2_up,14,4,Rpl27;Rpl30;Rpl34;Rpl35;Rpl35a;Rpl36;Rpl36a;Rpl37;Rpl37a;Rpl38;Rpl39;Rpl41;Rplp2;Uba52
all,semantic_only,S07,cluster_tissue__C0__bone_marrow,T2_up,20,3,Cox5b;Cox6b1;Cox6c;Cox7a2;Cox7b;Cox7c;Cox8a;Ndufs6;Rpl35;Rpl35a;Rpl36;Rpl36a;Rpl37;Rpl37a;Rpl39;Rpl41;Uba52;Uqcr10;Uqcr11;Uqcrq
all,semantic_only,S07,cluster_tissue__C3__bone_marrow,T2_up,4,3,Rpl37a;Rpl38;Rpl41;Rplp2
all,semantic_only,S07,cluster_tissue__C3__spleen,T2_up,24,4,Actn2;Cox5b;Cox6b1;Cox6c;Cox7a2;Cox7b;Cox7c;Cox8a;Ndufs6;Rpl30;Rpl34;Rpl35;Rpl35a;Rpl36;Rpl36a;Rpl37;Rpl37a;Rpl39;Rpl41;Uba52;Uqcr10;Uqcr11;Uqcrb;Uqcrq
all,semantic_only,S07,cluster_tissue__C4__bone_marrow,T2_up,5,1,Cox5b;Cox6b1;Cox6c;Cox7c;Cox8a
all,semantic_only,S07,cluster_tissue__C4__spleen,T2_up,12,3,Myl6;Rpl27;Rpl35a;Rpl36;Rpl37;Rpl37a;Rpl38;Rpl39;Rpl41;Rplp1;Rplp2;Uba52
all,semantic_only,S07,cluster_tissue__C5-1__spleen,T2_up,8,3,Rpl35;Rpl35a;Rpl36;Rpl36a;Rpl37a;Rpl38;Rpl39;Rpl41
all,semantic_only,S07,cluster_tissue__C5-2__bone_marrow,T2_up,10,3,Rpl26;Rpl34;Rpl35a;Rpl36;Rpl37;Rpl37a;Rpl38;Rpl39;Rpl41;Rplp2
all,semantic_only,S07,cluster_tissue__C6__thymus,T2_up,19,4,Cox5b;Cox6c;Cox8a;Ndufs6;Rpl30;Rpl34;Rpl35;Rpl35a;Rpl36;Rpl36a;Rpl37;Rpl37a;Rpl38;Rpl39;Rpl41;Rplp2;Uba52;Uqcr10;Uqcrq
all,semantic_only,S07,tissue__bone_marrow,T2_up,10,1,Cox5b;Cox6b1;Cox6c;Cox7a2;Cox7b;Cox7c;Cox8a;Uqcr10;Uqcr11;Uqcrq
all,semantic_only,S07,tissue__spleen,Ctrl_up,14,1,Akirin2;Bcl2;Ccnd2;Dnmt1;Ehmt1;Fbxo22;Nr3c1;Pin1;Prdm16;Rbm10;Slc25a4;Trim32;Trip10;Yy1
all,semantic_only,S07,tissue__spleen,T2_up,25,4,Actn2;Cox5b;Cox6b1;Cox6c;Cox7a2;Cox7b;Cox7c;Cox8a;Kcnn4;Ndufs6;Rpl30;Rpl34;Rpl35;Rpl35a;Rpl36;Rpl36a;Rpl37;Rpl37a;Rpl39;Rpl41;Uba52;Uqcr10;Uqcr11;Uqcrb;Uqcrq
all,semantic_only,S07,tissue__thymus,T2_up,26,4,Cox5b;Cox6b1;Cox6c;Cox7a2;Cox7b;Cox7c;Cox8a;Fbxo32;Gucy1a1;Ndufs6;Rpl27;Rpl30;Rpl34;Rpl35;Rpl35a;Rpl36;Rpl36a;Rpl37;Rpl37a;Rpl38;Rpl39;Rpl41;Rplp2;Uba52;Uqcr10;Uqcrq
all,semantic_only,S08,cluster_tissue__C0__bone_marrow,T2_up,34,19,Atp5e;Atp5j;Atp5j2;Atp5l;Dpm1;Dpm3;Dtymk;Galnt11;Hddc2;Hspa1a;Hspa1b;Itpkb;Krtcap2;Ndufa1;Ndufa13;Ndufa2;Ndufa3;Ndufa5;Ndufa7;Ndufb1-ps;Ndufb2;Ndufb4;Ndufc1;Ndufs5;Ndufs6;Ndufv3;Nmnat3;Ost4;Phlda1;Tmem258;Tpk1;mt-Nd1;mt-Nd2;mt-Nd3
all,semantic_only,S08,cluster_tissue__C3__spleen,T2_up,36,19,Acot2;Atp5e;Atp5j;Atp5j2;Atp5k;Atp5l;Dpm3;Galk1;Galnt11;Hddc2;Hspa1a;Hspa1b;Krtcap2;Mttp;Ndufa1;Ndufa13;Ndufa2;Ndufa3;Ndufa5;Ndufa7;Ndufb1-ps;Ndufb2;Ndufb3;Ndufb4;Ndufb7;Ndufc1;Ndufs6;Ndufv3;Ost4;Phlda1;Pxylp1;Tk2;Tmem258;mt-Nd1;mt-Nd2;mt-Nd3
all,semantic_only,S08,cluster_tissue__C4__bone_marrow,T2_up,7,5,Atp5e;Atp5l;Hspa1a;Hspa1b;mt-Nd1;mt-Nd2;mt-Nd3
all,semantic_only,S08,cluster_tissue__C5-1__spleen,T2_up,8,16,Atp5e;Hspa1b;Ndufa13;Ndufb1-ps;Ndufv3;mt-Nd1;mt-Nd2;mt-Nd3
all,semantic_only,S08,cluster_tissue__C6__thymus,T2_up,22,19,Atp5e;Atp5k;Chka;Dpm3;Gnpda1;Hspa1a;Hspa1b;Mttp;Ndufa1;Ndufa13;Ndufa2;Ndufa3;Ndufa7;Ndufb3;Ndufb4;Ndufc1;Ndufs6;Ndufv3;Ost4;Phlda1;Tmem258;mt-Nd3
all,semantic_only,S08,tissue__bone_marrow,T2_up,36,18,Atp5e;Atp5j;Atp5j2;Atp5l;Dbt;Dpm3;Dse;Dtymk;Galnt11;Hddc2;Hspa1a;Hspa1b;Ndufa1;Ndufa13;Ndufa2;Ndufa3;Ndufa5;Ndufa7;Ndufb1-ps;Ndufb2;Ndufb4;Ndufc1;Ndufs5;Ndufs6;Ndufv3;Nmnat2;Ost4;Pde4a;Phlda1;Pxylp1;Rxylt1;Stt3a;Tmem258;mt-Nd1;mt-Nd2;mt-Nd3
all,semantic_only,S08,tissue__spleen,T2_up,37,19,Acot2;Atp5e;Atp5j;Atp5j2;Atp5k;Atp5l;Dpm3;Galk1;Galnt11;Hddc2;Hspa1a;Hspa1b;Krtcap2;Ndufa1;Ndufa13;Ndufa2;Ndufa3;Ndufa7;Ndufb1-ps;Ndufb2;Ndufb3;Ndufb4;Ndufb7;Ndufc1;Ndufs6;Ndufv3;Nudt7;Oasl2;Ost4;Phlda1;Pigyl;Pxylp1;St8sia6;Tmem258;mt-Nd1;mt-Nd2;mt-Nd3
all,semantic_only,S08,tissue__thymus,T2_up,30,19,Ada;Adss;Atp5e;Atp5j2;Atp5k;Atp5l;Chka;Dctpp1;Dpm3;Gnpda1;Gucy1a1;Hspa1a;Hspa1b;Lclat1;Ndufa1;Ndufa13;Ndufa2;Ndufa3;Ndufa7;Ndufb3;Ndufb4;Ndufb7;Ndufc1;Ndufc2;Ndufs6;Ndufv3;Ost4;Phlda1;Tmem258;mt-Nd3
all,semantic_only,S09,cluster_tissue__C4__spleen,T2_up,10,4,Rpl27;Rpl35a;Rpl36;Rpl37;Rpl37a;Rpl38;Rpl41;Rplp1;Rplp2;Uba52
all,semantic_only,S09,cluster_tissue__C5-2__bone_marrow,T2_up,9,5,Rpl26;Rpl34;Rpl35a;Rpl36;Rpl37;Rpl37a;Rpl38;Rpl41;Rplp2
all,semantic_only,S09,cluster_tissue__C6__thymus,T2_up,13,1,Dazap1;Rpl30;Rpl34;Rpl35;Rpl35a;Rpl36;Rpl36a;Rpl37;Rpl37a;Rpl38;Rpl41;Rplp2;Uba52
all,semantic_only,S09,tissue__spleen,Ctrl_up,14,3,Akap9;Arid4a;Atrx;Bcl2;Crkl;Ctnnb1;Fkbp4;Fndc3a;Nr3c1;Plekha1;Scaper;Tbc1d20;Tmf1;Wdr48
all,semantic_only,S09,tissue__thymus,T2_up,16,1,Dazap1;Eif2s2;Rpl27;Rpl30;Rpl34;Rpl35;Rpl35a;Rpl36;Rpl36a;Rpl37;Rpl37a;Rpl38;Rpl41;Rplp2;Sirt1;Uba52
all,semantic_only,S10,cluster_tissue__C0__bone_marrow,T2_up,16,2,Fos;Fosl2;Jun;Junb;Ndufa1;Ndufa13;Ndufa2;Ndufa3;Ndufa5;Ndufa7;Ndufb2;Ndufb4;Ndufc1;Ndufs5;Ndufs6;Ndufv3
all,semantic_only,S10,cluster_tissue__C3__spleen,T2_up,18,2,Fos;Jun;Junb;Jund;Ndufa1;Ndufa13;Ndufa2;Ndufa3;Ndufa4;Ndufa5;Ndufa7;Ndufb2;Ndufb3;Ndufb4;Ndufb7;Ndufc1;Ndufs6;Ndufv3
all,semantic_only,S10,cluster_tissue__C6__thymus,Ctrl_up,10,2,Cd48;Dnaja1;Fcer1g;Fyn;Grb2;Hspa8;Klrc1;Klrk1;Pink1;Vav3
all,semantic_only,S10,cluster_tissue__C6__thymus,T2_up,11,1,Ndufa1;Ndufa13;Ndufa2;Ndufa3;Ndufa4;Ndufa7;Ndufb3;Ndufb4;Ndufc1;Ndufs6;Ndufv3
all,semantic_only,S10,tissue__bone_marrow,T2_up,20,3,Ahr;Fos;Fosl2;Hif1a;Jun;Junb;Ndufa1;Ndufa13;Ndufa2;Ndufa3;Ndufa4;Ndufa5;Ndufa7;Ndufb2;Ndufb4;Ndufc1;Ndufs5;Ndufs6;Ndufv3;Tnfaip3
all,semantic_only,S10,tissue__spleen,Ctrl_up,4,1,Polb;Smc2;Smc4;Yy1
all,semantic_only,S10,tissue__spleen,T2_up,17,2,Fos;Jun;Junb;Jund;Ndufa1;Ndufa13;Ndufa2;Ndufa3;Ndufa4;Ndufa7;Ndufb2;Ndufb3;Ndufb4;Ndufb7;Ndufc1;Ndufs6;Ndufv3
all,semantic_only,S10,tissue__thymus,Ctrl_up,3,1,Dnaja1;Hspa8;Pink1
all,semantic_only,S10,tissue__thymus,T2_up,14,1,Gng5;Ndufa1;Ndufa13;Ndufa2;Ndufa3;Ndufa4;Ndufa7;Ndufb3;Ndufb4;Ndufb7;Ndufc1;Ndufc2;Ndufs6;Ndufv3
all,semantic_only,S11,cluster_tissue__C3__spleen,T2_up,14,5,Atp5e;Atp5j;Atp5j2;Atp5k;Atp5l;Ndufa2;Ndufb7;Romo1;Slc41a3;Slc9a8;mt-Cytb;mt-Nd1;mt-Nd2;mt-Nd3
all,semantic_only,S11,cluster_tissue__C4__bone_marrow,T2_up,9,11,Atox1;Atp5e;Atp5l;S100a6;mt-Co3;mt-Cytb;mt-Nd1;mt-Nd2;mt-Nd3
all,semantic_only,S11,cluster_tissue__C4__spleen,T2_up,4,2,Atp5e;mt-Co2;mt-Cytb;mt-Nd1
all,semantic_only,S11,cluster_tissue__C5-1__bone_marrow,T2_up,3,5,mt-Co3;mt-Cytb;mt-Nd2
all,semantic_only,S11,cluster_tissue__C5-1__spleen,T2_up,6,7,Atp5e;mt-Co3;mt-Cytb;mt-Nd1;mt-Nd2;mt-Nd3
all,semantic_only,S11,tissue__spleen,T2_up,13,4,Anxa5;Atp5e;Atp5j;Atp5j2;Atp5k;Atp5l;Ndufa2;Ndufb7;Slc9a8;mt-Cytb;mt-Nd1;mt-Nd2;mt-Nd3
all,semantic_only,S11,tissue__thymus,Ctrl_up,6,1,Ccl5;Dapk2;Fcer1g;Prex1;S100a9;Vav3
all,semantic_only,S12,cluster_tissue__C3__spleen,Ctrl_up,14,2,Ahsa1;Ccdc47;Cct2;Cct3;Cct4;Cct6a;Cct8;Cox19;Hsp90aa1;Hsp90ab1;Hspa8;Hspd1;Pdcl3;St13
all,semantic_only,S12,cluster_tissue__C6__thymus,Ctrl_up,8,1,Dynll1;Dynll2;Fyn;Kif1b;P2rx7;Ubtf;Vim;Ywhae
all,semantic_only,S12,tissue__spleen,Ctrl_up,29,4,Ahsa1;Ahsa2;Birc5;Ccdc47;Cct3;Cct4;Cct6a;Cdkn1b;Chordc1;Dnaja1;Dnaja2;Dnaja4;Dnajc3;Fkbp4;Hdac2;Hikeshi;Hsp90aa1;Hsp90ab1;Hspa8;Hspd1;Khsrp;Nr3c1;Pdcl3;Ptges3;St13;Stau2;Stip1;Sugt1;Tuba1a
all,semantic_only,S12,tissue__thymus,Ctrl_up,18,3,Ahsa2;Bax;Chordc1;Dnaja1;Dnajc2;Dynll1;Dynll2;Fyn;Hspa5;Hspa8;Hspd1;Kif1b;Ptges3;Sdf2l1;Stip1;Tpr;Vim;Ywhae
all,semantic_only,S13,cluster_tissue__C0__bone_marrow,Ctrl_up,22,3,Arf3;Dnm2;Fkbp4;Gbp4;Gbp6;Gbp7;Gbp8;Gbp9;Gimap7;Gnai3;Gspt1;Ifi47;Igtp;Nme3;Ola1;Rab35;Rab6b;Rala;Rragc;Srprb;Tuba1a;Tubb4b
all,semantic_only,S13,cluster_tissue__C4__bone_marrow,T2_up,5,7,Hspa1a;Ly6a;Ly6c2;Ly6e;S100a4
all,semantic_only,S13,tissue__thymus,T2_up,4,1,Cysltr1;Ltb4r1;Ramp1;Ramp3
all,semantic_only,S14,cluster_tissue__C0__bone_marrow,T2_up,15,2,Ddx3x;Eefsec;Impact;Mpv17l2;Rpl35;Rpl35a;Rps21;Sec61b;Sec61g;Smim4;Snrpa;Snrpb2;Snrpe;Snrpg;Zfp593
all,semantic_only,S14,cluster_tissue__C3__spleen,Ctrl_up,44,1,Atad2b;Cdk9;Chd1;Cks2;Ctnnb1;Dhx9;Dnmt1;Hnrnpu;Kmt2a;Med1;Mllt10;Msl1;Mta3;Mtf2;Ncoa3;Ncor1;Nfat5;Nr1h2;Nr3c1;Nsd1;Polg;Prdm15;Psip1;Rcor1;Rnf168;Rnf20;Safb;Sbno1;Sfpq;Smarcc1;Smc1a;Smc2;Smc3;Smc4;Suz12;Top2b;Trim28;Trim33;Ube2t;Ubtf;Wac;Wdr82;Wrn;Yy1
all,semantic_only,S14,cluster_tissue__C3__spleen,T2_up,4,1,Snrpa;Snrpb2;Snrpe;Snrpg
all,semantic_only,S14,tissue__spleen,Ctrl_up,45,2,Atad2b;Atrx;Chd1;Cramp1l;Ctnnb1;Dhx9;Dnmt1;Eed;Hdac2;Hnrnpu;Kat2b;Kmt2a;Med1;Msl1;Mta3;Mtf2;Nap1l4;Ncor1;Nr1h2;Nr3c1;Nsd1;Polg;Prdm15;Psip1;Rcor1;Rnf168;Rnf20;Safb;Sbno1;Setdb1;Sfpq;Smarcc1;Smc1a;Smc2;Smc3;Smc4;Stag2;Top2b;Trim28;Trim33;Ubtf;Wac;Wdr82;Wrn;Yy1
all,semantic_only,S14,tissue__spleen,T2_up,4,1,Snrpa;Snrpb2;Snrpe;Snrpg
all,golden_fusion,F01,cluster_tissue__C0__bone_marrow,T2_up,52,45,Atp5e;Atp5j;Atp5j2;Atp5l;Coq10b;Cox10;Cox17;Cox20;Cox5b;Cox6b1;Cox6c;Cox7a2;Cox7b;Cox7c;Cox8a;Dpm1;Dpm3;Dtymk;Galnt11;Hddc2;Hspa1a;Hspa1b;Itpkb;Jun;Krtcap2;Mtln;Ndufa1;Ndufa13;Ndufa2;Ndufa3;Ndufa5;Ndufa7;Ndufb1-ps;Ndufb2;Ndufb4;Ndufc1;Ndufs5;Ndufs6;Ndufv3;Nmnat3;Nr4a3;Ost4;Phlda1;Socs3;Tmem258;Tpk1;Uqcr10;Uqcr11;Uqcrq;mt-Nd1;mt-Nd2;mt-Nd3
all,golden_fusion,F01,cluster_tissue__C3__spleen,T2_up,60,45,Acot2;Actg1;Atp5e;Atp5j;Atp5j2;Atp5k;Atp5l;Coq10b;Cox10;Cox14;Cox17;Cox20;Cox5b;Cox6b1;Cox6c;Cox7a2;Cox7b;Cox7c;Cox8a;Dpm3;Galk1;Galnt11;Hddc2;Hspa1a;Hspa1b;Jun;Krtcap2;Mtln;Mttp;Ndufa1;Ndufa13;Ndufa2;Ndufa3;Ndufa4;Ndufa5;Ndufa7;Ndufb1-ps;Ndufb2;Ndufb3;Ndufb4;Ndufb7;Ndufc1;Ndufs6;Ndufv3;Ost4;Phlda1;Polr2i;Polr2l;Pxylp1;Slc37a4;Tk2;Tmem258;Uqcr10;Uqcr11;Uqcrb;Uqcrq;mt-Cytb;mt-Nd1;mt-Nd2;mt-Nd3
all,golden_fusion,F01,cluster_tissue__C4__bone_marrow,T2_up,18,29,Actb;Actg1;Atp5e;Atp5l;Cox17;Cox5b;Cox6b1;Cox6c;Cox7c;Cox8a;Hspa1a;Hspa1b;Ndufa4;mt-Co3;mt-Cytb;mt-Nd1;mt-Nd2;mt-Nd3
all,golden_fusion,F01,cluster_tissue__C5-1__bone_marrow,T2_up,3,6,mt-Co3;mt-Cytb;mt-Nd2
all,golden_fusion,F01,cluster_tissue__C5-1__spleen,T2_up,11,35,Atp5e;Cox6c;Hspa1b;Ndufa13;Ndufb1-ps;Ndufv3;mt-Co3;mt-Cytb;mt-Nd1;mt-Nd2;mt-Nd3
all,golden_fusion,F01,cluster_tissue__C6__thymus,T2_up,29,45,Atp5e;Atp5k;Chka;Cox17;Cox5b;Cox6c;Cox8a;Dpm3;Gnpda1;Hspa1a;Hspa1b;Mttp;Ndufa1;Ndufa13;Ndufa2;Ndufa3;Ndufa4;Ndufa7;Ndufb3;Ndufb4;Ndufc1;Ndufs6;Ndufv3;Ost4;Phlda1;Tmem258;Uqcr10;Uqcrq;mt-Nd3
all,golden_fusion,F01,tissue__bone_marrow,T2_up,55,44,Atp5e;Atp5j;Atp5j2;Atp5l;Coa7;Coq10b;Cox10;Cox17;Cox20;Cox5b;Cox6b1;Cox6c;Cox7a2;Cox7b;Cox7c;Cox8a;Dbt;Dpm3;Dse;Dtymk;Galnt11;Hddc2;Hspa1a;Hspa1b;Jun;Mtln;Ndufa1;Ndufa13;Ndufa2;Ndufa3;Ndufa4;Ndufa5;Ndufa7;Ndufb1-ps;Ndufb2;Ndufb4;Ndufc1;Ndufs5;Ndufs6;Ndufv3;Nmnat2;Nr4a3;Ost4;Pde4a;Phlda1;Pxylp1;Rxylt1;Stt3a;Tmem258;Uqcr10;Uqcr11;Uqcrq;mt-Nd1;mt-Nd2;mt-Nd3
all,golden_fusion,F01,tissue__spleen,T2_up,62,45,Acot2;Actg1;Atp5e;Atp5j;Atp5j2;Atp5k;Atp5l;Coa7;Coq10b;Cox10;Cox14;Cox16;Cox17;Cox20;Cox5b;Cox6b1;Cox6c;Cox7a2;Cox7b;Cox7c;Cox8a;Dpm3;Galk1;Galnt11;Hddc2;Hspa1a;Hspa1b;Il6ra;Jun;Krtcap2;Mtln;Ndufa1;Ndufa13;Ndufa2;Ndufa3;Ndufa4;Ndufa7;Ndufb1-ps;Ndufb2;Ndufb3;Ndufb4;Ndufb7;Ndufc1;Ndufs6;Ndufv3;Nudt7;Oasl2;Ost4;Phlda1;Pigyl;Polr2l;Pxylp1;St8sia6;Tmem258;Uqcr10;Uqcr11;Uqcrb;Uqcrq;mt-Cytb;mt-Nd1;mt-Nd2;mt-Nd3
all,golden_fusion,F01,tissue__thymus,T2_up,42,45,Ada;Adss;Atp5e;Atp5j2;Atp5k;Atp5l;Chka;Cox17;Cox5b;Cox6b1;Cox6c;Cox7a2;Cox7b;Cox7c;Cox8a;Dctpp1;Dpm3;Gng5;Gnpda1;Gucy1a1;Hspa1a;Hspa1b;Lclat1;Ndufa1;Ndufa13;Ndufa2;Ndufa3;Ndufa4;Ndufa7;Ndufb3;Ndufb4;Ndufb7;Ndufc1;Ndufc2;Ndufs6;Ndufv3;Ost4;Phlda1;Tmem258;Uqcr10;Uqcrq;mt-Nd3
all,golden_fusion,F02,cluster_tissue__C0__bone_marrow,Ctrl_up,22,3,Arf3;Dnm2;Fkbp4;Gbp4;Gbp6;Gbp7;Gbp8;Gbp9;Gimap7;Gnai3;Gspt1;Ifi47;Igtp;Nme3;Ola1;Rab35;Rab6b;Rala;Rragc;Srprb;Tuba1a;Tubb4b
all,golden_fusion,F02,cluster_tissue__C0__bone_marrow,T2_up,74,23,Atp5e;Atp5j;Atp5j2;Atp5l;Cox17;Cox20;Cox5b;Cox6b1;Cox6c;Cox7a2;Cox7b;Cox7c;Cox8a;Ddx3x;Eefsec;Flt3l;Fos;Fosl2;H1f0;H2afj;Hist1h1c;Hspa1a;Hspa1b;Impact;Jun;Junb;Krt83;Lsm5;Lsm6;Lsm7;Lyrm2;Magohb;Mpv17l2;Mrpl33;Mrpl52;Mrpl57;Mrps18c;Mtln;Ndufa13;Ndufa7;Ndufaf8;Ndufs5;Ndufs6;Rpl35;Rpl35a;Rpl36;Rpl36a;Rpl36al;Rpl37;Rpl37a;Rpl39;Rpl41;Rps21;Rps27;Sdhaf1;Sec61b;Sec61g;Smim4;Snrpa;Snrpb2;Snrpe;Snrpf;Snrpg;Srsf5;Uba52;Uqcc2;Uqcr10;Uqcr11;Uqcrq;Zfp593;Zmat2;mt-Nd1;mt-Nd2;mt-Nd3
all,golden_fusion,F02,cluster_tissue__C0__spleen,T2_up,4,6,Rpl35;Rpl37a;Rps21;Rps27
all,golden_fusion,F02,cluster_tissue__C3__bone_marrow,T2_up,6,16,Rpl37a;Rpl38;Rpl41;Rplp2;Rps21;Rps27
all,golden_fusion,F02,cluster_tissue__C3__spleen,Ctrl_up,76,6,Ahsa1;Ahsa2;Atad2b;Ccdc47;Cct2;Cct3;Cct4;Cct6a;Cct8;Cdk9;Chd1;Chordc1;Cks2;Cox19;Ctnnb1;Cybc1;Dhx9;Dnaja1;Dnaja4;Dnmt1;Fkbp4;Grpel1;Hnrnpu;Hsp90aa1;Hsp90ab1;Hspa8;Hspd1;Hsph1;Kmt2a;Map2k7;Med1;Mllt10;Msl1;Mta3;Mtf2;Ncoa3;Ncor1;Nfat5;Nr1h2;Nr3c1;Nsd1;Pdcl3;Polg;Prdm15;Psip1;Ptges3;Rad50;Rbbp7;Rcor1;Rnf168;Rnf20;Safb;Sbno1;Sdf2;Sfpq;Slx4;Smarcc1;Smc1a;Smc2;Smc3;Smc4;Smc5;St13;Suz12;Terf2ip;Top2b;Trim28;Trim33;Tuba1a;Ube2t;Ubtf;Wac;Wdr82;Wrn;Ywhae;Yy1
all,golden_fusion,F02,cluster_tissue__C3__spleen,T2_up,82,43,Actg1;Actn2;Atp5e;Atp5j;Atp5j2;Atp5k;Atp5l;Cmc1;Cox10;Cox14;Cox17;Cox20;Cox5b;Cox6b1;Cox6c;Cox7a2;Cox7b;Cox7c;Cox8a;Dusp1;Fmc1;Fos;Fosb;H1f0;H2afj;Hist2h4;Hmgn2;Isg15;Jchain;Jun;Junb;Jund;Lyrm2;Mrpl10;Mrpl23;Mrpl52;Mrpl57;Mrps21;Mtln;Mttp;Ndufa13;Ndufa2;Ndufa7;Ndufaf8;Ndufb7;Ndufs6;Nipsnap2;Pet100;Romo1;Rpl30;Rpl34;Rpl35;Rpl35a;Rpl36;Rpl36a;Rpl37;Rpl37a;Rpl39;Rpl41;Rps15a;Rps21;Rps26;Rps27;Sdhaf1;Slc41a3;Slc9a8;Slirp;Smim4;Snrpa;Snrpb2;Snrpe;Snrpg;Uba52;Uqcr10;Uqcr11;Uqcrb;Uqcrq;Xcl1;mt-Cytb;mt-Nd1;mt-Nd2;mt-Nd3
all,golden_fusion,F02,cluster_tissue__C4__bone_marrow,T2_up,30,29,Actb;Actg1;Atox1;Atp5e;Atp5l;Cox5b;Cox6b1;Cox6c;Cox7c;Cox8a;Dusp1;Fos;Fosb;Hspa1a;Junb;Ly6a;Ly6c2;Ly6e;Rac2;Rpl35;Rpl36;Rpl37a;Rpl41;S100a4;S100a6;mt-Co3;mt-Cytb;mt-Nd1;mt-Nd2;mt-Nd3
all,golden_fusion,F02,cluster_tissue__C4__spleen,Ctrl_up,4,1,Dnaja1;Hsp90aa1;Hspa8;Hsph1
all,golden_fusion,F02,cluster_tissue__C4__spleen,T2_up,25,29,Atp5e;Fosb;Jun;Myl6;Rpl22;Rpl27;Rpl35a;Rpl36;Rpl37;Rpl37a;Rpl38;Rpl39;Rpl41;Rplp1;Rplp2;Rps12;Rps15a;Rps19;Rps21;Rps26;Rps27;Uba52;mt-Co2;mt-Cytb;mt-Nd1
all,golden_fusion,F02,cluster_tissue__C5-1__bone_marrow,T2_up,3,6,mt-Co3;mt-Cytb;mt-Nd2
all,golden_fusion,F02,cluster_tissue__C5-1__spleen,T2_up,20,29,Atp5e;Nop10;Rpl22;Rpl35;Rpl35a;Rpl36;Rpl36a;Rpl37a;Rpl38;Rpl39;Rpl41;Rps15a;Rps21;Rps26;Rps27;mt-Co3;mt-Cytb;mt-Nd1;mt-Nd2;mt-Nd3
all,golden_fusion,F02,cluster_tissue__C5-2__bone_marrow,T2_up,13,22,Rpl22;Rpl26;Rpl34;Rpl35a;Rpl36;Rpl37;Rpl37a;Rpl38;Rpl39;Rpl41;Rplp2;Rps15a;Rps28
all,golden_fusion,F02,cluster_tissue__C6__thymus,Ctrl_up,21,4,Bax;Ccl5;Cd48;Dnaja1;Dynll1;Dynll2;Fcer1g;Fyn;Grb2;Hspa5;Hspa8;Kif1b;Klrc1;Klrk1;P2rx7;Pink1;Stip1;Ubtf;Vav3;Vim;Ywhae
all,golden_fusion,F02,cluster_tissue__C6__thymus,T2_up,35,19,Cdk5rap3;Cox5b;Cox6c;Cox8a;Dazap1;Dnajb1;H1f0;H2afj;Hspa1a;Hspa1b;Lars;Mrpl52;Ndufs6;Rpl22;Rpl22l1;Rpl30;Rpl34;Rpl35;Rpl35a;Rpl36;Rpl36a;Rpl37;Rpl37a;Rpl38;Rpl39;Rpl41;Rplp2;Rps15a;Rps21;Rps26;Rps27;Rps28;Uba52;Uqcr10;Uqcrq
all,golden_fusion,F02,tissue__bone_marrow,T2_up,56,19,Afg3l1;Ahr;Coa7;Cox10;Cox17;Cox20;Cox5b;Cox6b1;Cox6c;Cox7a2;Cox7b;Cox7c;Cox8a;Flt3l;Fos;Fosl2;Hif1a;Jun;Junb;Letm2;Lyrm2;Mrpl33;Mrpl52;Mrpl54;Mrpl57;Mtln;Ndufa13;Ndufaf8;Ndufs5;Ndufs6;Nipsnap2;Pet100;Romo1;Rpl35;Rpl35a;Rpl36;Rpl36a;Rpl36al;Rpl37;Rpl37a;Rpl39;Rpl41;Rps15a;Rps21;Rps26;Rps27;Sdhaf1;Slirp;Smim4;Tnfaip3;Uqcc2;Uqcr10;Uqcr11;Uqcrq;mt-Nd1;mt-Nd2
all,golden_fusion,F02,tissue__spleen,Ctrl_up,141,20,Ahsa1;Ahsa2;Akap9;Akirin2;Arid4a;Atad2b;Atrx;Baz1b;Bcl2;Birc5;Ccdc47;Ccnd2;Cct3;Cct4;Cct6a;Cdk5rap2;Cdkn1b;Chd1;Chd9;Chordc1;Cramp1l;Crkl;Ctnnb1;Cybc1;Ddx10;Ddx23;Ddx43;Ddx46;Dhx9;Dnaja1;Dnaja2;Dnaja4;Dnajc3;Dnmt1;Dpf2;Eed;Ehmt1;Ercc2;Ero1l;Fam76b;Fbxo22;Fkbp4;Fndc3a;Gusb;Hdac2;Hikeshi;Hnrnpu;Hsp90aa1;Hsp90ab1;Hspa8;Hspd1;Hsph1;Ing1;Kat2b;Khsrp;Kif1b;Kif3a;Kmt2a;Kpna1;Kpna3;Lcmt1;Lmnb2;Macf1;Med1;Morc3;Msl1;Mta3;Mtf2;Myo9b;Nap1l4;Ncor1;Nol8;Nop14;Nop53;Nr1h2;Nr3c1;Nsd1;Nup50;Nvl;Pdcl3;Pin1;Plekha1;Polb;Polg;Prdm15;Prdm16;Prpf4b;Psip1;Psmc6;Ptges3;Pttg1ip;Rad50;Rangap1;Rbm10;Rcor1;Rnf168;Rnf20;Rpain;Ruvbl1;Safb;Sbno1;Scaper;Sdf2;Setdb1;Sfpq;Slc25a4;Slc27a6;Slx4;Smarcc1;Smc1a;Smc2;Smc3;Smc4;Smc5;Smg6;Spast;Srcap;St13;Stag2;Stau2;Stip1;Sugt1;Tbc1d20;Terf2ip;Tmf1;Top2b;Tor1b;Trim28;Trim32;Trim33;Trip10;Tuba1a;Ubtf;Wac;Wapl;Wdr48;Wdr82;Wrn;Ywhae;Yy1;Zw10
all,golden_fusion,F02,tissue__spleen,T2_up,86,35,Actg1;Actn2;Anxa5;Atp5e;Atp5j;Atp5j2;Atp5k;Atp5l;Cmc1;Coa7;Cox10;Cox14;Cox16;Cox17;Cox20;Cox5b;Cox6b1;Cox6c;Cox7a2;Cox7b;Cox7c;Cox8a;Csrp1;Eefsec;Fmc1;Fos;H1f0;H2afj;Hist1h2ac;Hist2h4;Isg15;Jun;Junb;Jund;Kcnn4;Lyrm2;Mrpl10;Mrpl23;Mrpl33;Mrpl52;Mrpl57;Mrps18c;Mrps21;Mtln;Ndufa13;Ndufa2;Ndufa7;Ndufaf8;Ndufb7;Ndufs6;Nipsnap2;Pet100;Romo1;Rpl22;Rpl30;Rpl34;Rpl35;Rpl35a;Rpl36;Rpl36a;Rpl37;Rpl37a;Rpl39;Rpl41;Rps15a;Rps21;Rps26;Rps27;Rps28;Sdhaf1;Slc9a8;Slirp;Smim4;Snrpa;Snrpb2;Snrpe;Snrpg;Uba52;Uqcr10;Uqcr11;Uqcrb;Uqcrq;mt-Cytb;mt-Nd1;mt-Nd2;mt-Nd3
all,golden_fusion,F02,tissue__thymus,Ctrl_up,29,7,Ahsa2;Bax;Ccl5;Cct6a;Chordc1;Dapk2;Dnaja1;Dnajc2;Dynll1;Dynll2;Ero1lb;Fcer1g;Fyn;Hspa5;Hspa8;Hspd1;Kif1b;Pdrg1;Pink1;Prex1;Ptges3;S100a9;Sdf2l1;Sgta;Stip1;Tpr;Vav3;Vim;Ywhae
all,golden_fusion,F02,tissue__thymus,T2_up,51,21,Atp5e;Atp5j2;Atp5k;Atp5l;Cdk5rap3;Cox5b;Cox6b1;Cox6c;Cox7a2;Cox7b;Cox7c;Cox8a;Cysltr1;Dazap1;Eif2s2;Fbxo32;Gucy1a1;H1f0;H2afj;Krt83;Lamb3;Lars;Ltb4r1;Mrpl52;Ndufs6;Ramp1;Ramp3;Rpl22;Rpl22l1;Rpl27;Rpl30;Rpl34;Rpl35;Rpl35a;Rpl36;Rpl36a;Rpl37;Rpl37a;Rpl38;Rpl39;Rpl41;Rplp2;Rps15a;Rps21;Rps26;Rps27;Rps28;Sirt1;Uba52;Uqcr10;Uqcrq
all,gnn_semantic,G01,cluster_tissue__C0__bone_marrow,T2_up,40,24,Atp5e;Atp5j;Atp5j2;Atp5l;Coq10b;Cox10;Cox17;Cox20;Cox5b;Cox6b1;Cox6c;Cox7a2;Cox7b;Cox7c;Cox8a;Hspa1a;Hspa1b;Jun;Mtln;Ndufa1;Ndufa13;Ndufa2;Ndufa3;Ndufa5;Ndufa7;Ndufb1-ps;Ndufb2;Ndufb4;Ndufc1;Ndufs5;Ndufs6;Ndufv3;Nr4a3;Socs3;Uqcr10;Uqcr11;Uqcrq;mt-Nd1;mt-Nd2;mt-Nd3
all,gnn_semantic,G01,cluster_tissue__C3__spleen,T2_up,50,24,Actg1;Atp5e;Atp5j;Atp5j2;Atp5k;Atp5l;Coq10b;Cox10;Cox14;Cox17;Cox20;Cox5b;Cox6b1;Cox6c;Cox7a2;Cox7b;Cox7c;Cox8a;Galk1;Hspa1a;Hspa1b;Jun;Mtln;Mttp;Ndufa1;Ndufa13;Ndufa2;Ndufa3;Ndufa4;Ndufa5;Ndufa7;Ndufb1-ps;Ndufb2;Ndufb3;Ndufb4;Ndufb7;Ndufc1;Ndufs6;Ndufv3;Polr2i;Polr2l;Slc37a4;Uqcr10;Uqcr11;Uqcrb;Uqcrq;mt-Cytb;mt-Nd1;mt-Nd2;mt-Nd3
all,gnn_semantic,G01,cluster_tissue__C4__bone_marrow,T2_up,18,22,Actb;Actg1;Atp5e;Atp5l;Cox17;Cox5b;Cox6b1;Cox6c;Cox7c;Cox8a;Hspa1a;Hspa1b;Ndufa4;mt-Co3;mt-Cytb;mt-Nd1;mt-Nd2;mt-Nd3
all,gnn_semantic,G01,cluster_tissue__C5-1__bone_marrow,T2_up,3,4,mt-Co3;mt-Cytb;mt-Nd2
all,gnn_semantic,G01,cluster_tissue__C5-1__spleen,T2_up,11,17,Atp5e;Cox6c;Hspa1b;Ndufa13;Ndufb1-ps;Ndufv3;mt-Co3;mt-Cytb;mt-Nd1;mt-Nd2;mt-Nd3
all,gnn_semantic,G01,cluster_tissue__C6__thymus,T2_up,24,24,Atp5e;Atp5k;Cox17;Cox5b;Cox6c;Cox8a;Gnpda1;Hspa1a;Hspa1b;Mttp;Ndufa1;Ndufa13;Ndufa2;Ndufa3;Ndufa4;Ndufa7;Ndufb3;Ndufb4;Ndufc1;Ndufs6;Ndufv3;Uqcr10;Uqcrq;mt-Nd3
all,gnn_semantic,G01,tissue__bone_marrow,T2_up,41,24,Atp5e;Atp5j;Atp5j2;Atp5l;Coa7;Coq10b;Cox10;Cox17;Cox20;Cox5b;Cox6b1;Cox6c;Cox7a2;Cox7b;Cox7c;Cox8a;Hspa1a;Hspa1b;Jun;Mtln;Ndufa1;Ndufa13;Ndufa2;Ndufa3;Ndufa4;Ndufa5;Ndufa7;Ndufb1-ps;Ndufb2;Ndufb4;Ndufc1;Ndufs5;Ndufs6;Ndufv3;Nr4a3;Uqcr10;Uqcr11;Uqcrq;mt-Nd1;mt-Nd2;mt-Nd3
all,gnn_semantic,G01,tissue__spleen,T2_up,49,24,Actg1;Atp5e;Atp5j;Atp5j2;Atp5k;Atp5l;Coa7;Coq10b;Cox10;Cox14;Cox16;Cox17;Cox20;Cox5b;Cox6b1;Cox6c;Cox7a2;Cox7b;Cox7c;Cox8a;Galk1;Hspa1a;Hspa1b;Il6ra;Jun;Mtln;Ndufa1;Ndufa13;Ndufa2;Ndufa3;Ndufa4;Ndufa7;Ndufb1-ps;Ndufb2;Ndufb3;Ndufb4;Ndufb7;Ndufc1;Ndufs6;Ndufv3;Polr2l;Uqcr10;Uqcr11;Uqcrb;Uqcrq;mt-Cytb;mt-Nd1;mt-Nd2;mt-Nd3
all,gnn_semantic,G01,tissue__thymus,T2_up,34,24,Ada;Atp5e;Atp5j2;Atp5k;Atp5l;Cox17;Cox5b;Cox6b1;Cox6c;Cox7a2;Cox7b;Cox7c;Cox8a;Dctpp1;Gng5;Gnpda1;Hspa1a;Hspa1b;Ndufa1;Ndufa13;Ndufa2;Ndufa3;Ndufa4;Ndufa7;Ndufb3;Ndufb4;Ndufb7;Ndufc1;Ndufc2;Ndufs6;Ndufv3;Uqcr10;Uqcrq;mt-Nd3
all,gnn_semantic,G02,cluster_tissue__C0__bone_marrow,T2_up,22,12,Flt3l;H1f0;H2afj;Hist1h1c;Krt83;Mrpl33;Mrpl52;Mrpl57;Mrps18c;Ndufs6;Rpl35;Rpl35a;Rpl36;Rpl36a;Rpl36al;Rpl37;Rpl37a;Rpl39;Rpl41;Rps21;Rps27;Uba52
all,gnn_semantic,G02,cluster_tissue__C0__spleen,T2_up,4,6,Rpl35;Rpl37a;Rps21;Rps27
all,gnn_semantic,G02,cluster_tissue__C3__bone_marrow,T2_up,6,16,Rpl37a;Rpl38;Rpl41;Rplp2;Rps21;Rps27
all,gnn_semantic,G02,cluster_tissue__C3__spleen,T2_up,27,16,Actg1;Actn2;H1f0;H2afj;Hist2h4;Isg15;Mrpl10;Mrpl23;Mrpl52;Mrpl57;Mrps21;Ndufs6;Rpl30;Rpl34;Rpl35;Rpl35a;Rpl36;Rpl36a;Rpl37;Rpl37a;Rpl39;Rpl41;Rps15a;Rps21;Rps26;Rps27;Uba52
all,gnn_semantic,G02,cluster_tissue__C4__bone_marrow,T2_up,4,3,Rpl35;Rpl36;Rpl37a;Rpl41
all,gnn_semantic,G02,cluster_tissue__C4__spleen,T2_up,19,16,Myl6;Rpl22;Rpl27;Rpl35a;Rpl36;Rpl37;Rpl37a;Rpl38;Rpl39;Rpl41;Rplp1;Rplp2;Rps12;Rps15a;Rps19;Rps21;Rps26;Rps27;Uba52
all,gnn_semantic,G02,cluster_tissue__C5-1__spleen,T2_up,13,16,Rpl22;Rpl35;Rpl35a;Rpl36;Rpl36a;Rpl37a;Rpl38;Rpl39;Rpl41;Rps15a;Rps21;Rps26;Rps27
all,gnn_semantic,G02,cluster_tissue__C5-2__bone_marrow,T2_up,13,16,Rpl22;Rpl26;Rpl34;Rpl35a;Rpl36;Rpl37;Rpl37a;Rpl38;Rpl39;Rpl41;Rplp2;Rps15a;Rps28
all,gnn_semantic,G02,cluster_tissue__C6__thymus,T2_up,26,16,Cdk5rap3;H1f0;H2afj;Lars;Mrpl52;Ndufs6;Rpl22;Rpl22l1;Rpl30;Rpl34;Rpl35;Rpl35a;Rpl36;Rpl36a;Rpl37;Rpl37a;Rpl38;Rpl39;Rpl41;Rplp2;Rps15a;Rps21;Rps26;Rps27;Rps28;Uba52
all,gnn_semantic,G02,tissue__bone_marrow,T2_up,18,9,Flt3l;Mrpl33;Mrpl52;Mrpl54;Mrpl57;Rpl35;Rpl35a;Rpl36;Rpl36a;Rpl36al;Rpl37;Rpl37a;Rpl39;Rpl41;Rps15a;Rps21;Rps26;Rps27
all,gnn_semantic,G02,tissue__spleen,T2_up,35,16,Actg1;Actn2;Csrp1;Eefsec;H1f0;H2afj;Hist1h2ac;Hist2h4;Isg15;Kcnn4;Mrpl10;Mrpl23;Mrpl33;Mrpl52;Mrpl57;Mrps18c;Mrps21;Ndufs6;Rpl22;Rpl30;Rpl34;Rpl35;Rpl35a;Rpl36;Rpl36a;Rpl37;Rpl37a;Rpl39;Rpl41;Rps15a;Rps21;Rps26;Rps27;Rps28;Uba52
all,gnn_semantic,G02,tissue__thymus,T2_up,32,16,Cdk5rap3;Eif2s2;Fbxo32;Gucy1a1;H1f0;H2afj;Krt83;Lamb3;Lars;Mrpl52;Ndufs6;Rpl22;Rpl22l1;Rpl27;Rpl30;Rpl34;Rpl35;Rpl35a;Rpl36;Rpl36a;Rpl37;Rpl37a;Rpl38;Rpl39;Rpl41;Rplp2;Rps15a;Rps21;Rps26;Rps27;Rps28;Uba52
all,gnn_semantic,G03,cluster_tissue__C0__bone_marrow,T2_up,34,19,Atp5e;Atp5j;Atp5j2;Atp5l;Dpm1;Dpm3;Dtymk;Galnt11;Hddc2;Hspa1a;Hspa1b;Itpkb;Krtcap2;Ndufa1;Ndufa13;Ndufa2;Ndufa3;Ndufa5;Ndufa7;Ndufb1-ps;Ndufb2;Ndufb4;Ndufc1;Ndufs5;Ndufs6;Ndufv3;Nmnat3;Ost4;Phlda1;Tmem258;Tpk1;mt-Nd1;mt-Nd2;mt-Nd3
all,gnn_semantic,G03,cluster_tissue__C3__spleen,T2_up,36,19,Acot2;Atp5e;Atp5j;Atp5j2;Atp5k;Atp5l;Dpm3;Galk1;Galnt11;Hddc2;Hspa1a;Hspa1b;Krtcap2;Mttp;Ndufa1;Ndufa13;Ndufa2;Ndufa3;Ndufa5;Ndufa7;Ndufb1-ps;Ndufb2;Ndufb3;Ndufb4;Ndufb7;Ndufc1;Ndufs6;Ndufv3;Ost4;Phlda1;Pxylp1;Tk2;Tmem258;mt-Nd1;mt-Nd2;mt-Nd3
all,gnn_semantic,G03,cluster_tissue__C4__bone_marrow,T2_up,7,5,Atp5e;Atp5l;Hspa1a;Hspa1b;mt-Nd1;mt-Nd2;mt-Nd3
all,gnn_semantic,G03,cluster_tissue__C5-1__spleen,T2_up,8,16,Atp5e;Hspa1b;Ndufa13;Ndufb1-ps;Ndufv3;mt-Nd1;mt-Nd2;mt-Nd3
all,gnn_semantic,G03,cluster_tissue__C6__thymus,T2_up,22,19,Atp5e;Atp5k;Chka;Dpm3;Gnpda1;Hspa1a;Hspa1b;Mttp;Ndufa1;Ndufa13;Ndufa2;Ndufa3;Ndufa7;Ndufb3;Ndufb4;Ndufc1;Ndufs6;Ndufv3;Ost4;Phlda1;Tmem258;mt-Nd3
all,gnn_semantic,G03,tissue__bone_marrow,T2_up,36,18,Atp5e;Atp5j;Atp5j2;Atp5l;Dbt;Dpm3;Dse;Dtymk;Galnt11;Hddc2;Hspa1a;Hspa1b;Ndufa1;Ndufa13;Ndufa2;Ndufa3;Ndufa5;Ndufa7;Ndufb1-ps;Ndufb2;Ndufb4;Ndufc1;Ndufs5;Ndufs6;Ndufv3;Nmnat2;Ost4;Pde4a;Phlda1;Pxylp1;Rxylt1;Stt3a;Tmem258;mt-Nd1;mt-Nd2;mt-Nd3
all,gnn_semantic,G03,tissue__spleen,T2_up,37,19,Acot2;Atp5e;Atp5j;Atp5j2;Atp5k;Atp5l;Dpm3;Galk1;Galnt11;Hddc2;Hspa1a;Hspa1b;Krtcap2;Ndufa1;Ndufa13;Ndufa2;Ndufa3;Ndufa7;Ndufb1-ps;Ndufb2;Ndufb3;Ndufb4;Ndufb7;Ndufc1;Ndufs6;Ndufv3;Nudt7;Oasl2;Ost4;Phlda1;Pigyl;Pxylp1;St8sia6;Tmem258;mt-Nd1;mt-Nd2;mt-Nd3
all,gnn_semantic,G03,tissue__thymus,T2_up,30,19,Ada;Adss;Atp5e;Atp5j2;Atp5k;Atp5l;Chka;Dctpp1;Dpm3;Gnpda1;Gucy1a1;Hspa1a;Hspa1b;Lclat1;Ndufa1;Ndufa13;Ndufa2;Ndufa3;Ndufa7;Ndufb3;Ndufb4;Ndufb7;Ndufc1;Ndufc2;Ndufs6;Ndufv3;Ost4;Phlda1;Tmem258;mt-Nd3
all,gnn_semantic,G04,cluster_tissue__C0__bone_marrow,T2_up,17,5,Cox5b;Cox6b1;Cox6c;Cox7a2;Cox7b;Cox7c;Cox8a;Ndufa5;Ndufa7;Ndufs6;Ndufv3;Uqcr10;Uqcr11;Uqcrq;mt-Nd1;mt-Nd2;mt-Nd3
all,gnn_semantic,G04,cluster_tissue__C3__spleen,T2_up,22,10,Cox5b;Cox6b1;Cox6c;Cox7a2;Cox7b;Cox7c;Cox8a;Ndufa2;Ndufa5;Ndufa7;Ndufb3;Ndufb7;Ndufs6;Ndufv3;Uqcr10;Uqcr11;Uqcrb;Uqcrq;mt-Cytb;mt-Nd1;mt-Nd2;mt-Nd3
all,gnn_semantic,G04,cluster_tissue__C4__bone_marrow,T2_up,10,8,Cox5b;Cox6b1;Cox6c;Cox7c;Cox8a;mt-Co3;mt-Cytb;mt-Nd1;mt-Nd2;mt-Nd3
all,gnn_semantic,G04,cluster_tissue__C5-1__bone_marrow,T2_up,3,3,mt-Co3;mt-Cytb;mt-Nd2
all,gnn_semantic,G04,cluster_tissue__C5-1__spleen,T2_up,6,7,Ndufv3;mt-Co3;mt-Cytb;mt-Nd1;mt-Nd2;mt-Nd3
all,gnn_semantic,G04,cluster_tissue__C6__thymus,T2_up,10,3,Cox5b;Cox6c;Cox8a;Ndufa7;Ndufb3;Ndufs6;Ndufv3;Uqcr10;Uqcrq;mt-Nd3
all,gnn_semantic,G04,tissue__bone_marrow,T2_up,17,4,Cox5b;Cox6b1;Cox6c;Cox7a2;Cox7b;Cox7c;Cox8a;Ndufa5;Ndufa7;Ndufs6;Ndufv3;Uqcr10;Uqcr11;Uqcrq;mt-Nd1;mt-Nd2;mt-Nd3
all,gnn_semantic,G04,tissue__spleen,T2_up,21,8,Cox5b;Cox6b1;Cox6c;Cox7a2;Cox7b;Cox7c;Cox8a;Ndufa2;Ndufa7;Ndufb3;Ndufb7;Ndufs6;Ndufv3;Uqcr10;Uqcr11;Uqcrb;Uqcrq;mt-Cytb;mt-Nd1;mt-Nd2;mt-Nd3
all,gnn_semantic,G04,tissue__thymus,T2_up,15,4,Cox5b;Cox6b1;Cox6c;Cox7a2;Cox7b;Cox7c;Cox8a;Ndufa7;Ndufb3;Ndufc2;Ndufs6;Ndufv3;Uqcr10;Uqcrq;mt-Nd3
all,gnn_semantic,G05,cluster_tissue__C0__bone_marrow,T2_up,13,3,Cox17;Cox20;Lyrm2;Mtln;Ndufa13;Ndufaf8;Ndufs5;Ndufs6;Sdhaf1;Smim4;Uqcc2;mt-Nd1;mt-Nd2
all,gnn_semantic,G05,cluster_tissue__C3__spleen,Ctrl_up,25,1,Ahsa1;Ahsa2;Ccdc47;Cct2;Cct3;Cct4;Cct6a;Cct8;Chordc1;Cox19;Cybc1;Dnaja1;Dnaja4;Fkbp4;Grpel1;Hsp90aa1;Hsp90ab1;Hspa8;Hspd1;Hsph1;Pdcl3;Ptges3;Sdf2;St13;Tuba1a
all,gnn_semantic,G05,cluster_tissue__C3__spleen,T2_up,20,7,Cmc1;Cox10;Cox14;Cox17;Cox20;Fmc1;Jun;Lyrm2;Mtln;Ndufa13;Ndufaf8;Ndufs6;Nipsnap2;Pet100;Romo1;Sdhaf1;Slirp;Smim4;mt-Nd1;mt-Nd2
all,gnn_semantic,G05,tissue__bone_marrow,T2_up,22,6,Afg3l1;Coa7;Cox10;Cox17;Cox20;Jun;Letm2;Lyrm2;Mtln;Ndufa13;Ndufaf8;Ndufs5;Ndufs6;Nipsnap2;Pet100;Romo1;Sdhaf1;Slirp;Smim4;Uqcc2;mt-Nd1;mt-Nd2
all,gnn_semantic,G05,tissue__spleen,Ctrl_up,26,2,Ahsa1;Ahsa2;Ccdc47;Cct3;Cct4;Cct6a;Chordc1;Cybc1;Dnaja1;Dnaja2;Dnaja4;Dnajc3;Ero1l;Fkbp4;Hsp90aa1;Hsp90ab1;Hspa8;Hspd1;Hsph1;Khsrp;Nvl;Pdcl3;Ptges3;Sdf2;St13;Tuba1a
all,gnn_semantic,G05,tissue__spleen,T2_up,22,5,Cmc1;Coa7;Cox10;Cox14;Cox16;Cox17;Cox20;Fmc1;Jun;Lyrm2;Mtln;Ndufa13;Ndufaf8;Ndufs6;Nipsnap2;Pet100;Romo1;Sdhaf1;Slirp;Smim4;mt-Nd1;mt-Nd2
all,gnn_semantic,G05,tissue__thymus,Ctrl_up,13,1,Ahsa2;Cct6a;Chordc1;Dnaja1;Dnajc2;Ero1lb;Hspa5;Hspa8;Hspd1;Pdrg1;Ptges3;Sdf2l1;Sgta
all,gnn_semantic,G06,cluster_tissue__C4__spleen,T2_up,15,9,Rpl27;Rpl35a;Rpl36;Rpl37;Rpl37a;Rpl38;Rpl41;Rplp1;Rplp2;Rps12;Rps15a;Rps19;Rps21;Rps27;Uba52
all,gnn_semantic,G06,cluster_tissue__C5-1__spleen,T2_up,7,1,Nop10;Rpl35;Rpl35a;Rpl38;Rps15a;Rps21;Rps27
all,gnn_semantic,G06,cluster_tissue__C5-2__bone_marrow,T2_up,11,6,Rpl26;Rpl34;Rpl35a;Rpl36;Rpl37;Rpl37a;Rpl38;Rpl41;Rplp2;Rps15a;Rps28
all,gnn_semantic,G06,cluster_tissue__C6__thymus,T2_up,13,1,Dazap1;Rpl30;Rpl34;Rpl35;Rpl35a;Rpl36;Rpl36a;Rpl37;Rpl37a;Rpl38;Rpl41;Rplp2;Uba52
all,gnn_semantic,G06,tissue__spleen,Ctrl_up,14,3,Akap9;Arid4a;Atrx;Bcl2;Crkl;Ctnnb1;Fkbp4;Fndc3a;Nr3c1;Plekha1;Scaper;Tbc1d20;Tmf1;Wdr48
all,gnn_semantic,G06,tissue__thymus,T2_up,16,1,Dazap1;Eif2s2;Rpl27;Rpl30;Rpl34;Rpl35;Rpl35a;Rpl36;Rpl36a;Rpl37;Rpl37a;Rpl38;Rpl41;Rplp2;Sirt1;Uba52
all,gnn_semantic,G07,cluster_tissue__C3__spleen,T2_up,14,5,Atp5e;Atp5j;Atp5j2;Atp5k;Atp5l;Ndufa2;Ndufb7;Romo1;Slc41a3;Slc9a8;mt-Cytb;mt-Nd1;mt-Nd2;mt-Nd3
all,gnn_semantic,G07,cluster_tissue__C4__bone_marrow,T2_up,9,11,Atox1;Atp5e;Atp5l;S100a6;mt-Co3;mt-Cytb;mt-Nd1;mt-Nd2;mt-Nd3
all,gnn_semantic,G07,cluster_tissue__C4__spleen,T2_up,4,2,Atp5e;mt-Co2;mt-Cytb;mt-Nd1
all,gnn_semantic,G07,cluster_tissue__C5-1__bone_marrow,T2_up,3,5,mt-Co3;mt-Cytb;mt-Nd2
all,gnn_semantic,G07,cluster_tissue__C5-1__spleen,T2_up,6,7,Atp5e;mt-Co3;mt-Cytb;mt-Nd1;mt-Nd2;mt-Nd3
all,gnn_semantic,G07,tissue__spleen,T2_up,13,4,Anxa5;Atp5e;Atp5j;Atp5j2;Atp5k;Atp5l;Ndufa2;Ndufb7;Slc9a8;mt-Cytb;mt-Nd1;mt-Nd2;mt-Nd3
all,gnn_semantic,G08,cluster_tissue__C0__bone_marrow,Ctrl_up,22,3,Arf3;Dnm2;Fkbp4;Gbp4;Gbp6;Gbp7;Gbp8;Gbp9;Gimap7;Gnai3;Gspt1;Ifi47;Igtp;Nme3;Ola1;Rab35;Rab6b;Rala;Rragc;Srprb;Tuba1a;Tubb4b
all,gnn_semantic,G08,cluster_tissue__C0__bone_marrow,T2_up,4,1,Fos;Fosl2;Jun;Junb
all,gnn_semantic,G08,cluster_tissue__C3__spleen,T2_up,4,1,Fos;Jun;Junb;Jund
all,gnn_semantic,G08,cluster_tissue__C4__bone_marrow,T2_up,5,7,Hspa1a;Ly6a;Ly6c2;Ly6e;S100a4
all,gnn_semantic,G08,cluster_tissue__C6__thymus,Ctrl_up,11,2,Dnaja1;Dynll1;Dynll2;Fyn;Hspa8;Kif1b;P2rx7;Pink1;Ubtf;Vim;Ywhae
all,gnn_semantic,G08,tissue__bone_marrow,T2_up,4,1,Fos;Fosl2;Jun;Junb
all,gnn_semantic,G08,tissue__spleen,T2_up,4,1,Fos;Jun;Junb;Jund
all,gnn_semantic,G08,tissue__thymus,Ctrl_up,9,2,Dnaja1;Dynll1;Dynll2;Fyn;Hspa8;Kif1b;Pink1;Vim;Ywhae
all,gnn_semantic,G08,tissue__thymus,T2_up,4,1,Cysltr1;Ltb4r1;Ramp1;Ramp3
all,gnn_semantic,G09,cluster_tissue__C3__spleen,Ctrl_up,14,2,Ahsa1;Ccdc47;Cct2;Cct3;Cct4;Cct6a;Cct8;Cox19;Hsp90aa1;Hsp90ab1;Hspa8;Hspd1;Pdcl3;St13
all,gnn_semantic,G09,tissue__spleen,Ctrl_up,29,4,Ahsa1;Ahsa2;Birc5;Ccdc47;Cct3;Cct4;Cct6a;Cdkn1b;Chordc1;Dnaja1;Dnaja2;Dnaja4;Dnajc3;Fkbp4;Hdac2;Hikeshi;Hsp90aa1;Hsp90ab1;Hspa8;Hspd1;Khsrp;Nr3c1;Pdcl3;Ptges3;St13;Stau2;Stip1;Sugt1;Tuba1a
all,gnn_semantic,G09,tissue__thymus,Ctrl_up,12,2,Ahsa2;Bax;Chordc1;Dnaja1;Dnajc2;Hspa5;Hspa8;Hspd1;Ptges3;Sdf2l1;Stip1;Tpr
all,gnn_semantic,G10,cluster_tissue__C0__bone_marrow,T2_up,24,3,Ddx3x;Eefsec;Hspa1a;Hspa1b;Impact;Lsm5;Lsm6;Lsm7;Magohb;Mpv17l2;Rpl35;Rpl35a;Rps21;Sec61b;Sec61g;Smim4;Snrpa;Snrpb2;Snrpe;Snrpf;Snrpg;Srsf5;Zfp593;Zmat2
all,gnn_semantic,G10,cluster_tissue__C3__spleen,Ctrl_up,44,1,Atad2b;Cdk9;Chd1;Cks2;Ctnnb1;Dhx9;Dnmt1;Hnrnpu;Kmt2a;Med1;Mllt10;Msl1;Mta3;Mtf2;Ncoa3;Ncor1;Nfat5;Nr1h2;Nr3c1;Nsd1;Polg;Prdm15;Psip1;Rcor1;Rnf168;Rnf20;Safb;Sbno1;Sfpq;Smarcc1;Smc1a;Smc2;Smc3;Smc4;Suz12;Top2b;Trim28;Trim33;Ube2t;Ubtf;Wac;Wdr82;Wrn;Yy1
all,gnn_semantic,G10,cluster_tissue__C3__spleen,T2_up,4,1,Snrpa;Snrpb2;Snrpe;Snrpg
all,gnn_semantic,G10,cluster_tissue__C4__bone_marrow,T2_up,5,1,Actb;Actg1;Dusp1;Fos;Rac2
all,gnn_semantic,G10,cluster_tissue__C4__spleen,Ctrl_up,4,1,Dnaja1;Hsp90aa1;Hspa8;Hsph1
all,gnn_semantic,G10,cluster_tissue__C6__thymus,Ctrl_up,5,1,Bax;Ccl5;Fyn;Hspa5;Stip1
all,gnn_semantic,G10,tissue__spleen,Ctrl_up,65,4,Akirin2;Atad2b;Atrx;Chd1;Cramp1l;Ctnnb1;Dhx9;Dnmt1;Eed;Fam76b;Gusb;Hdac2;Hikeshi;Hnrnpu;Hspa8;Ing1;Kat2b;Kmt2a;Kpna1;Kpna3;Lmnb2;Med1;Morc3;Msl1;Mta3;Mtf2;Nap1l4;Ncor1;Nol8;Nop14;Nop53;Nr1h2;Nr3c1;Nsd1;Nup50;Polb;Polg;Prdm15;Psip1;Pttg1ip;Rangap1;Rcor1;Rnf168;Rnf20;Rpain;Safb;Sbno1;Setdb1;Sfpq;Smarcc1;Smc1a;Smc2;Smc3;Smc4;Stag2;Top2b;Tor1b;Trim28;Trim33;Ubtf;Wac;Wdr82;Wrn;Ywhae;Yy1
all,gnn_semantic,G10,tissue__spleen,T2_up,4,1,Snrpa;Snrpb2;Snrpe;Snrpg
all,gnn_semantic,G10,tissue__thymus,Ctrl_up,10,2,Bax;Ccl5;Dapk2;Fcer1g;Fyn;Hspa5;Prex1;S100a9;Stip1;Vav3
all,gnn_semantic,G11,cluster_tissue__C0__bone_marrow,T2_up,4,1,Atp5e;Atp5j;Atp5j2;Atp5l
all,gnn_semantic,G11,cluster_tissue__C3__spleen,T2_up,5,2,Atp5e;Atp5j;Atp5j2;Atp5k;Atp5l
all,gnn_semantic,G11,tissue__spleen,Ctrl_up,39,2,Atad2b;Atrx;Cct3;Cct4;Cct6a;Chd1;Chd9;Ddx10;Ddx23;Ddx43;Ddx46;Dhx9;Ercc2;Hsp90aa1;Hsp90ab1;Hspa8;Hspd1;Hsph1;Kif1b;Kif3a;Macf1;Morc3;Myo9b;Nvl;Psmc6;Rad50;Ruvbl1;Slc27a6;Smarcc1;Smc1a;Smc2;Smc3;Smc4;Spast;Srcap;Top2b;Tor1b;Wapl;Wrn
all,gnn_semantic,G11,tissue__spleen,T2_up,5,2,Atp5e;Atp5j;Atp5j2;Atp5k;Atp5l
all,gnn_semantic,G11,tissue__thymus,T2_up,4,1,Atp5e;Atp5j2;Atp5k;Atp5l
all,gnn_semantic,G12,cluster_tissue__C3__spleen,Ctrl_up,12,1,Dhx9;Dnaja1;Dnaja4;Hsp90aa1;Hsp90ab1;Hspa8;Hspd1;Map2k7;Pdcl3;Psip1;Rbbp7;Ywhae
all,gnn_semantic,G12,cluster_tissue__C3__spleen,T2_up,14,3,Dusp1;Fos;Fosb;Hmgn2;Jchain;Jun;Junb;Jund;Mttp;Romo1;Rpl30;Rpl39;Xcl1;mt-Cytb
all,gnn_semantic,G12,cluster_tissue__C4__bone_marrow,T2_up,5,1,Dusp1;Fos;Fosb;Junb;mt-Cytb
all,gnn_semantic,G12,cluster_tissue__C4__spleen,T2_up,5,2,Fosb;Jun;Rpl27;mt-Co2;mt-Cytb
all,gnn_semantic,G12,tissue__spleen,Ctrl_up,12,2,Dhx9;Dnaja1;Dnaja2;Dnaja4;Hikeshi;Hsp90aa1;Hsp90ab1;Hspa8;Hspd1;Pdcl3;Psip1;Ywhae
all,gnn_semantic,G13,cluster_tissue__C3__spleen,Ctrl_up,16,1,Cct2;Cct3;Cct4;Cct6a;Cct8;Ctnnb1;Map2k7;Ptges3;Rad50;Sfpq;Slx4;Smc2;Smc4;Smc5;Terf2ip;Yy1
all,gnn_semantic,G13,cluster_tissue__C6__thymus,T2_up,3,1,Dnajb1;Hspa1a;Hspa1b
all,gnn_semantic,G13,tissue__spleen,Ctrl_up,41,3,Akirin2;Atrx;Baz1b;Bcl2;Birc5;Ccnd2;Cct3;Cct4;Cct6a;Cdk5rap2;Ctnnb1;Dnmt1;Dpf2;Ehmt1;Fbxo22;Hnrnpu;Kat2b;Lcmt1;Nr3c1;Nvl;Pin1;Prdm16;Prpf4b;Ptges3;Rad50;Rbm10;Ruvbl1;Sfpq;Slc25a4;Slx4;Smarcc1;Smc2;Smc4;Smc5;Smg6;Terf2ip;Trim32;Trip10;Wapl;Yy1;Zw10
all,gnn_semantic,G14,cluster_tissue__C6__thymus,Ctrl_up,7,1,Cd48;Fcer1g;Fyn;Grb2;Klrc1;Klrk1;Vav3
all,gnn_semantic,G14,tissue__bone_marrow,T2_up,3,1,Ahr;Hif1a;Tnfaip3
