term_id,term,source,is_anchor,anchor_family,significant,best_q,best_neglog10q,sig_comparisons,n_sig_comparisons,hit_genes_union,n_measured_genes,merged_members,n_merged,overlap_louvain,semantic_only,golden_fusion,gnn_semantic,gnn_only_seed42,gnn_semantic_seed42,gnn_semantic_seed43,gnn_semantic_seed44
KEGG:Oxidative phosphorylation,Oxidative phosphorylation,KEGG,False,,True,1.6842626406637003e-26,25.77359018451268,cluster_tissue__C0__bone_marrow|T2_up;cluster_tissue__C3__spleen|T2_up;cluster_tissue__C4__bone_marrow|T2_up;cluster_tissue__C5-1__spleen|T2_up;cluster_tissue__C6__thymus|T2_up;tissue__bone_marrow|T2_up;tissue__spleen|T2_up;tissue__thymus|T2_up,8,Atp5e;Atp5j;Atp5j2;Atp5k;Atp5l;Cox10;Cox17;Cox5b;Cox6b1;Cox6c;Cox7a2;Cox7b;Cox7c;Cox8a;Ndufa1;Ndufa13;Ndufa2;Ndufa3;Ndufa4;Ndufa5;Ndufa7;Ndufb2;Ndufb3;Ndufb4;Ndufb7;Ndufc1;Ndufc2;Ndufs5;Ndufs6;Ndufv3;Uqcr10;Uqcr11;Uqcrb;Uqcrq,101,,0,L01,S01,F01,G01,Z01,G01,G01,G01
GO:0006119,oxidative phosphorylation,GO BP,False,,True,1.3159278529196452e-24,23.880767920705196,cluster_tissue__C0__bone_marrow|T2_up;cluster_tissue__C3__spleen|T2_up;cluster_tissue__C4__bone_marrow|T2_up;cluster_tissue__C5-1__spleen|T2_up;cluster_tissue__C6__thymus|T2_up;tissue__bone_marrow|T2_up;tissue__spleen|T2_up;tissue__thymus|T2_up,8,Atp5e;Atp5j;Atp5j2;Atp5k;Cox5b;Cox6b1;Cox6c;Cox7a2;Cox7b;Cox7c;Cox8a;Ndufa1;Ndufa13;Ndufa2;Ndufa3;Ndufa5;Ndufa7;Ndufb1-ps;Ndufb2;Ndufb3;Ndufb4;Ndufb7;Ndufc1;Ndufc2;Ndufs5;Ndufs6;Ndufv3;Uqcr10;Uqcr11;Uqcrb;Uqcrq,89,,0,L01,S01,F01,G01,Z01,G01,G01,G01
KEGG:Thermogenesis,Thermogenesis,KEGG,False,,True,2.849608841131444e-23,22.54521475044658,cluster_tissue__C0__bone_marrow|T2_up;cluster_tissue__C3__spleen|T2_up;cluster_tissue__C4__bone_marrow|T2_up;cluster_tissue__C6__thymus|T2_up;tissue__bone_marrow|T2_up;tissue__spleen|T2_up;tissue__thymus|T2_up,7,Actb;Actg1;Atp5e;Atp5j;Atp5j2;Atp5k;Atp5l;Coa7;Cox10;Cox14;Cox16;Cox17;Cox20;Cox5b;Cox6b1;Cox6c;Cox7a2;Cox7b;Cox7c;Cox8a;Ndufa1;Ndufa13;Ndufa2;Ndufa3;Ndufa4;Ndufa5;Ndufa7;Ndufb2;Ndufb3;Ndufb4;Ndufb7;Ndufc1;Ndufc2;Ndufs5;Ndufs6;Ndufv3;Uqcr10;Uqcr11;Uqcrb;Uqcrq,162,,0,L01,S02,F01,G01,Z01,G01,G01,G01
GO:0009060,aerobic respiration,GO BP,False,,True,1.0944618754267604e-20,19.960799362081577,cluster_tissue__C0__bone_marrow|T2_up;cluster_tissue__C3__spleen|T2_up;cluster_tissue__C5-1__spleen|T2_up;cluster_tissue__C6__thymus|T2_up;tissue__bone_marrow|T2_up;tissue__spleen|T2_up;tissue__thymus|T2_up,7,Atp5e;Atp5j;Atp5j2;Atp5k;Cox10;Cox5b;Cox6b1;Cox6c;Cox7a2;Cox7b;Cox7c;Cox8a;Galk1;Mttp;Ndufa1;Ndufa13;Ndufa2;Ndufa3;Ndufa5;Ndufa7;Ndufb1-ps;Ndufb2;Ndufb3;Ndufb4;Ndufb7;Ndufc1;Ndufc2;Ndufs5;Ndufs6;Ndufv3;Uqcr10;Uqcr11;Uqcrb;Uqcrq,159,GO:0045333 cellular respiration,1,L01,S03,F01,G01,Z01,G01,G01,G01
KEGG:Parkinson disease,Parkinson disease,KEGG,False,,True,3.942322836493675e-20,19.40424781426082,cluster_tissue__C0__bone_marrow|T2_up;cluster_tissue__C3__spleen|T2_up;cluster_tissue__C4__bone_marrow|T2_up;cluster_tissue__C5-1__spleen|T2_up;cluster_tissue__C6__thymus|T2_up;tissue__bone_marrow|T2_up;tissue__spleen|T2_up;tissue__thymus|T2_up,8,Atp5e;Atp5j;Cox5b;Cox6b1;Cox6c;Cox7a2;Cox7b;Cox7c;Cox8a;Ndufa1;Ndufa13;Ndufa2;Ndufa3;Ndufa4;Ndufa5;Ndufa7;Ndufb2;Ndufb3;Ndufb4;Ndufb7;Ndufc1;Ndufc2;Ndufs5;Ndufs6;Ndufv3;Uqcr10;Uqcr11;Uqcrb;Uqcrq,101,,0,L01,S04,F01,G01,Z01,G01,G01,G01
GO:0015980,energy derivation by oxidation of organic compounds,GO BP,False,,True,6.820752754828582e-19,18.166167692905407,cluster_tissue__C0__bone_marrow|T2_up;cluster_tissue__C3__spleen|T2_up;cluster_tissue__C6__thymus|T2_up;tissue__bone_marrow|T2_up;tissue__spleen|T2_up;tissue__thymus|T2_up,6,Atp5e;Atp5j;Atp5j2;Atp5k;Coq10b;Cox10;Cox5b;Cox6b1;Cox6c;Cox7a2;Cox7b;Cox7c;Cox8a;Galk1;Mtln;Mttp;Ndufa1;Ndufa13;Ndufa2;Ndufa3;Ndufa5;Ndufa7;Ndufb1-ps;Ndufb2;Ndufb3;Ndufb4;Ndufb7;Ndufc1;Ndufc2;Ndufs5;Ndufs6;Ndufv3;Nr4a3;Slc37a4;Uqcr10;Uqcr11;Uqcrb;Uqcrq,228,GO:0006091 generation of precursor metabolites and energy,1,L01,S03,F01,G01,Z01,G01,G01,G01
KEGG:Huntington disease,Huntington disease,KEGG,False,,True,2.0470202548979273e-18,17.688877860050304,cluster_tissue__C0__bone_marrow|T2_up;cluster_tissue__C3__spleen|T2_up;cluster_tissue__C4__bone_marrow|T2_up;cluster_tissue__C5-1__spleen|T2_up;cluster_tissue__C6__thymus|T2_up;tissue__bone_marrow|T2_up;tissue__spleen|T2_up;tissue__thymus|T2_up,8,Atp5e;Atp5j;Cox5b;Cox6b1;Cox6c;Cox7a2;Cox7b;Cox7c;Cox8a;Ndufa1;Ndufa13;Ndufa2;Ndufa3;Ndufa4;Ndufa5;Ndufa7;Ndufb2;Ndufb3;Ndufb4;Ndufb7;Ndufc1;Ndufc2;Ndufs5;Ndufs6;Ndufv3;Polr2i;Polr2l;Uqcr10;Uqcr11;Uqcrb;Uqcrq,141,,0,L01,S04,F01,G01,Z01,G01,G01,G01
KEGG:Alzheimer disease,Alzheimer disease,KEGG,False,,True,1.697409303105324e-17,16.770213421885867,cluster_tissue__C0__bone_marrow|T2_up;cluster_tissue__C3__spleen|T2_up;cluster_tissue__C4__bone_marrow|T2_up;cluster_tissue__C5-1__spleen|T2_up;cluster_tissue__C6__thymus|T2_up;tissue__bone_marrow|T2_up;tissue__spleen|T2_up;tissue__thymus|T2_up,8,Atp5e;Atp5j;Cox5b;Cox6b1;Cox6c;Cox7a2;Cox7b;Cox7c;Cox8a;Ndufa1;Ndufa13;Ndufa2;Ndufa3;Ndufa4;Ndufa5;Ndufa7;Ndufb2;Ndufb3;Ndufb4;Ndufb7;Ndufc1;Ndufc2;Ndufs5;Ndufs6;Ndufv3;Uqcr10;Uqcr11;Uqcrb;Uqcrq,127,,0,L01,S04,F01,G01,Z01,G01,G01,G01
KEGG:Non-alcoholic fatty liver disease (NAFLD),Non-alcoholic fatty liver disease (NAFLD),KEGG,False,,True,1.7590336709412898e-17,16.754725847316816,cluster_tissue__C0__bone_marrow|T2_up;cluster_tissue__C3__spleen|T2_up;cluster_tissue__C4__bone_marrow|T2_up;cluster_tissue__C5-1__spleen|T2_up;cluster_tissue__C6__thymus|T2_up;tissue__bone_marrow|T2_up;tissue__spleen|T2_up;tissue__thymus|T2_up,8,Cox5b;Cox6b1;Cox6c;Cox7a2;Cox7b;Cox7c;Cox8a;Il6ra;Jun;Ndufa1;Ndufa13;Ndufa2;Ndufa3;Ndufa4;Ndufa5;Ndufa7;Ndufb2;Ndufb3;Ndufb4;Ndufb7;Ndufc1;Ndufc2;Ndufs5;Ndufs6;Ndufv3;Socs3;Uqcr10;Uqcr11;Uqcrb;Uqcrq,116,,0,L01,S05,F01,G01,Z01,G01,G01,G01
GO:0015986,proton motive force-driven ATP synthesis,GO BP,False,,True,6.504308191466254e-16,15.186798888895826,cluster_tissue__C0__bone_marrow|T2_up;cluster_tissue__C3__spleen|T2_up;cluster_tissue__C5-1__spleen|T2_up;cluster_tissue__C6__thymus|T2_up;tissue__bone_marrow|T2_up;tissue__spleen|T2_up;tissue__thymus|T2_up,7,Atp5e;Atp5j;Atp5j2;Atp5k;Atp5l;Ndufa1;Ndufa13;Ndufa2;Ndufa3;Ndufa5;Ndufa7;Ndufb1-ps;Ndufb2;Ndufb3;Ndufb4;Ndufb7;Ndufc1;Ndufc2;Ndufs5;Ndufs6;Ndufv3,58,GO:0042776 proton motive force-driven mitochondrial ATP synthesis | GO:0006754 ATP biosynthetic process | GO:0009206 purine ribonucleoside triphosphate biosynthetic process,3,L01,S06,F02,G01,Z01,G01,G01,G01
GO:0009145,purine nucleoside triphosphate biosynthetic process,GO BP,False,,True,1.9783203394692531e-13,12.70370338392206,cluster_tissue__C0__bone_marrow|T2_up;cluster_tissue__C3__spleen|T2_up;cluster_tissue__C5-1__spleen|T2_up;cluster_tissue__C6__thymus|T2_up;tissue__bone_marrow|T2_up;tissue__spleen|T2_up;tissue__thymus|T2_up,7,Atp5e;Atp5j;Atp5j2;Atp5k;Atp5l;Ndufa1;Ndufa13;Ndufa2;Ndufa3;Ndufa5;Ndufa7;Ndufb1-ps;Ndufb2;Ndufb3;Ndufb4;Ndufb7;Ndufc1;Ndufc2;Ndufs5;Ndufs6;Ndufv3,78,GO:0009142 nucleoside triphosphate biosynthetic process | GO:0009201 ribonucleoside triphosphate biosynthetic process | GO:0009152 purine ribonucleotide biosynthetic process,3,L02,S07,F02,G02,Z02,G02,G01,G02
GO:0046034,ATP metabolic process,GO BP,False,,True,9.862323393914048e-12,11.006020760688513,cluster_tissue__C0__bone_marrow|T2_up;cluster_tissue__C3__spleen|T2_up;cluster_tissue__C6__thymus|T2_up;tissue__bone_marrow|T2_up;tissue__spleen|T2_up;tissue__thymus|T2_up,6,Atp5e;Atp5j;Atp5j2;Atp5k;Atp5l;Galk1;Mttp;Ndufa1;Ndufa13;Ndufa2;Ndufa3;Ndufa5;Ndufa7;Ndufb1-ps;Ndufb2;Ndufb3;Ndufb4;Ndufb7;Ndufc1;Ndufc2;Ndufs5;Ndufs6;Ndufv3,124,GO:0009205 purine ribonucleoside triphosphate metabolic process | GO:0009144 purine nucleoside triphosphate metabolic process | GO:0009141 nucleoside triphosphate metabolic process,3,L02,S06,F02,G01,Z02,G01,G01,G01
GO:0009260,ribonucleotide biosynthetic process,GO BP,False,,True,1.2677922357429616e-11,10.896951912277178,cluster_tissue__C0__bone_marrow|T2_up;cluster_tissue__C3__spleen|T2_up;cluster_tissue__C6__thymus|T2_up;tissue__bone_marrow|T2_up;tissue__spleen|T2_up;tissue__thymus|T2_up,6,Ada;Adss;Atp5e;Atp5j;Atp5j2;Atp5k;Atp5l;Gucy1a1;Ndufa1;Ndufa13;Ndufa2;Ndufa3;Ndufa5;Ndufa7;Ndufb1-ps;Ndufb2;Ndufb3;Ndufb4;Ndufb7;Ndufc1;Ndufc2;Ndufs5;Ndufs6;Ndufv3,115,GO:0046390 ribose phosphate biosynthetic process | GO:0006164 purine nucleotide biosynthetic process | GO:0009165 nucleotide biosynthetic process,3,L02,S07,F02,G02,Z02,G02,G01,G02
KEGG:Cardiac muscle contraction,Cardiac muscle contraction,KEGG,False,,True,3.592884207817882e-09,8.444556779098184,cluster_tissue__C0__bone_marrow|T2_up;cluster_tissue__C3__spleen|T2_up;cluster_tissue__C4__bone_marrow|T2_up;cluster_tissue__C6__thymus|T2_up;tissue__bone_marrow|T2_up;tissue__spleen|T2_up;tissue__thymus|T2_up,7,Cox5b;Cox6b1;Cox6c;Cox7a2;Cox7b;Cox7c;Cox8a;Uqcr10;Uqcr11;Uqcrb;Uqcrq,32,,0,L03,S08,F03,G03,Z03,G03,G02,G03
GO:0072522,purine-containing compound biosynthetic process,GO BP,False,,True,7.6682454621162e-09,8.11530399371568,cluster_tissue__C0__bone_marrow|T2_up;cluster_tissue__C3__spleen|T2_up;cluster_tissue__C6__thymus|T2_up;tissue__bone_marrow|T2_up;tissue__spleen|T2_up;tissue__thymus|T2_up,6,Ada;Adss;Atp5e;Atp5j;Atp5j2;Atp5k;Atp5l;Gucy1a1;Ndufa1;Ndufa13;Ndufa2;Ndufa3;Ndufa5;Ndufa7;Ndufb1-ps;Ndufb2;Ndufb3;Ndufb4;Ndufb7;Ndufc1;Ndufc2;Ndufs5;Ndufs6;Ndufv3;Nmnat2;Nmnat3;Oasl2,170,,0,L02,S07,F02,G02,Z02,G02,G01,G02
KEGG:Retrograde endocannabinoid signaling,Retrograde endocannabinoid signaling,KEGG,False,,True,2.0722189847602656e-08,7.683564351799533,cluster_tissue__C0__bone_marrow|T2_up;cluster_tissue__C3__spleen|T2_up;cluster_tissue__C6__thymus|T2_up;tissue__bone_marrow|T2_up;tissue__spleen|T2_up;tissue__thymus|T2_up,6,Gng5;Ndufa1;Ndufa13;Ndufa2;Ndufa3;Ndufa4;Ndufa5;Ndufa7;Ndufb2;Ndufb3;Ndufb4;Ndufb7;Ndufc1;Ndufc2;Ndufs5;Ndufs6;Ndufv3,74,,0,L01,S09,F01,G01,Z01,G01,G01,G01
GO:0009150,purine ribonucleotide metabolic process,GO BP,False,,True,3.0197323963165846e-08,7.5200315417953165,cluster_tissue__C0__bone_marrow|T2_up;cluster_tissue__C3__spleen|T2_up;cluster_tissue__C6__thymus|T2_up;tissue__bone_marrow|T2_up;tissue__spleen|T2_up;tissue__thymus|T2_up,6,Ada;Adss;Atp5e;Atp5j;Atp5j2;Atp5k;Atp5l;Galk1;Gucy1a1;Mttp;Ndufa1;Ndufa13;Ndufa2;Ndufa3;Ndufa5;Ndufa7;Ndufb1-ps;Ndufb2;Ndufb3;Ndufb4;Ndufb7;Ndufc1;Ndufc2;Ndufs5;Ndufs6;Ndufv3;Pde4a,190,GO:0009259 ribonucleotide metabolic process | GO:0019693 ribose phosphate metabolic process | GO:0006163 purine nucleotide metabolic process,3,L02,S07,F02,G02,Z02,G02,G01,G02
GO:0022900,electron transport chain,GO BP,False,,True,3.2130177764101994e-08,7.493086871654986,cluster_tissue__C0__bone_marrow|T2_up;cluster_tissue__C3__spleen|T2_up;cluster_tissue__C6__thymus|T2_up;tissue__bone_marrow|T2_up;tissue__spleen|T2_up;tissue__thymus|T2_up,6,Cox5b;Cox7a2;Cox7b;Cox7c;Cox8a;Ndufa5;Ndufa7;Ndufb3;Ndufc2;Ndufs6;Ndufv3;Uqcr10;Uqcr11;Uqcrb;Uqcrq,74,GO:0022904 respiratory electron transport chain,1,L01,S03,F01,G01,Z01,G01,G01,G01
GO:0042773,ATP synthesis coupled electron transport,GO BP,False,,True,3.4685595997859965e-08,7.459850838677553,cluster_tissue__C0__bone_marrow|T2_up;cluster_tissue__C3__spleen|T2_up;cluster_tissue__C6__thymus|T2_up;tissue__bone_marrow|T2_up;tissue__spleen|T2_up;tissue__thymus|T2_up,6,Cox5b;Cox7a2;Cox7b;Cox7c;Cox8a;Ndufa7;Ndufc2;Ndufs6;Ndufv3;Uqcr10;Uqcr11;Uqcrb;Uqcrq,50,GO:0042775 mitochondrial ATP synthesis coupled electron transport | GO:0019646 aerobic electron transport chain,2,L01,S06,F01,G01,Z01,G01,G01,G01
GO:1901293,nucleoside phosphate biosynthetic process,GO BP,False,,True,7.296089659146989e-08,7.136909837750701,cluster_tissue__C0__bone_marrow|T2_up;cluster_tissue__C3__spleen|T2_up;cluster_tissue__C6__thymus|T2_up;tissue__bone_marrow|T2_up;tissue__spleen|T2_up;tissue__thymus|T2_up,6,Ada;Adss;Atp5e;Atp5j;Atp5j2;Atp5k;Atp5l;Dtymk;Gnpda1;Gucy1a1;Ndufa1;Ndufa13;Ndufa2;Ndufa3;Ndufa5;Ndufa7;Ndufb1-ps;Ndufb2;Ndufb3;Ndufb4;Ndufb7;Ndufc1;Ndufc2;Ndufs5;Ndufs6;Ndufv3;Nmnat2;Nmnat3;Oasl2;Tk2,220,,0,L02,S07,F02,G02,Z02,G02,G01,G02
GO:0033108,mitochondrial respiratory chain complex assembly,GO BP,False,,True,1.1152853834201234e-06,5.9526139894893095,cluster_tissue__C0__bone_marrow|T2_up;cluster_tissue__C3__spleen|T2_up;tissue__bone_marrow|T2_up;tissue__spleen|T2_up,4,Cmc1;Coa7;Cox14;Cox16;Cox17;Cox20;Fmc1;Lyrm2;Mtln;Ndufa13;Ndufaf8;Ndufs5;Ndufs6;Pet100;Sdhaf1;Smim4;Uqcc2,92,,0,L04,S10,F03,G04,Z03,G04,G03,G03
GO:1901137,carbohydrate derivative biosynthetic process,GO BP,False,,True,3.397203639769775e-06,5.4688784192831745,cluster_tissue__C0__bone_marrow|T2_up;cluster_tissue__C3__spleen|T2_up;cluster_tissue__C6__thymus|T2_up;tissue__bone_marrow|T2_up;tissue__spleen|T2_up;tissue__thymus|T2_up,6,Ada;Adss;Atp5e;Atp5j;Atp5j2;Atp5k;Atp5l;Dpm1;Dpm3;Dse;Dtymk;Galnt11;Gnpda1;Gucy1a1;Krtcap2;Ndufa1;Ndufa13;Ndufa2;Ndufa3;Ndufa5;Ndufa7;Ndufb1-ps;Ndufb2;Ndufb3;Ndufb4;Ndufb7;Ndufc1;Ndufc2;Ndufs5;Ndufs6;Ndufv3;Ost4;Phlda1;Pigyl;Pxylp1;Rxylt1;St8sia6;Stt3a;Tmem258,399,,0,L02,S07,F02,G02,Z02,G02,G01,G02
GO:0009117,nucleotide metabolic process,GO BP,False,,True,3.871701781258946e-06,5.412098101710097,cluster_tissue__C0__bone_marrow|T2_up;cluster_tissue__C3__spleen|T2_up;cluster_tissue__C6__thymus|T2_up;tissue__bone_marrow|T2_up;tissue__spleen|T2_up;tissue__thymus|T2_up,6,Ada;Adss;Atp5e;Atp5j;Atp5j2;Atp5k;Atp5l;Dctpp1;Dtymk;Galk1;Gucy1a1;Mttp;Ndufa1;Ndufa13;Ndufa2;Ndufa3;Ndufa5;Ndufa7;Ndufb1-ps;Ndufb2;Ndufb3;Ndufb4;Ndufb7;Ndufc1;Ndufc2;Ndufs5;Ndufs6;Ndufv3;Nmnat2;Nmnat3;Oasl2;Pde4a;Tk2,282,,0,L02,S07,F02,G02,Z02,G02,G01,G02
GO:0008535,respiratory chain complex IV assembly,GO BP,False,,True,4.978665633910379e-06,5.302887039867099,cluster_tissue__C3__spleen|T2_up;tissue__bone_marrow|T2_up;tissue__spleen|T2_up,3,Cmc1;Coa7;Cox10;Cox14;Cox16;Cox17;Cox20;Pet100;Smim4,30,GO:0033617 mitochondrial respiratory chain complex IV assembly,1,L04,S10,F03,G04,Z03,G04,G03,G03
GO:0090407,organophosphate biosynthetic process,GO BP,False,,True,2.9639703771615612e-05,4.528126141144653,cluster_tissue__C0__bone_marrow|T2_up;cluster_tissue__C3__spleen|T2_up;cluster_tissue__C6__thymus|T2_up;tissue__thymus|T2_up,4,Ada;Adss;Atp5e;Atp5j;Atp5j2;Atp5k;Atp5l;Chka;Dpm1;Dpm3;Dtymk;Gnpda1;Gucy1a1;Itpkb;Lclat1;Ndufa1;Ndufa13;Ndufa2;Ndufa3;Ndufa5;Ndufa7;Ndufb1-ps;Ndufb2;Ndufb3;Ndufb4;Ndufb7;Ndufc1;Ndufc2;Ndufs5;Ndufs6;Ndufv3;Nmnat3;Tk2;Tpk1,415,,0,L02,S07,F02,G02,Z02,G02,G01,G02
GO:0006123,"mitochondrial electron transport, cytochrome c to oxygen",GO BP,False,,True,4.2260852886096226e-05,4.374061742494599,cluster_tissue__C0__bone_marrow|T2_up;cluster_tissue__C3__spleen|T2_up;cluster_tissue__C4__bone_marrow|T2_up;tissue__bone_marrow|T2_up;tissue__spleen|T2_up;tissue__thymus|T2_up,6,Cox5b;Cox7a2;Cox7b;Cox7c;Cox8a,10,,0,L03,S03,F03,G04,Z03,G04,G03,G03
GO:0017004,cytochrome complex assembly,GO BP,False,,True,8.176341514874066e-05,4.087440976929552,cluster_tissue__C3__spleen|T2_up;tissue__bone_marrow|T2_up;tissue__spleen|T2_up,3,Cmc1;Coa7;Cox10;Cox14;Cox16;Cox17;Cox20;Pet100;Smim4;Uqcc2,41,,0,L04,S10,F03,G04,Z03,G04,G03,G03
GO:0006753,nucleoside phosphate metabolic process,GO BP,False,,True,9.688492796039534e-05,4.013743779324371,cluster_tissue__C3__spleen|T2_up;cluster_tissue__C6__thymus|T2_up;tissue__spleen|T2_up;tissue__thymus|T2_up,4,Acot2;Ada;Adss;Atp5e;Atp5j;Atp5j2;Atp5k;Atp5l;Dctpp1;Galk1;Gnpda1;Gucy1a1;Hddc2;Mttp;Ndufa1;Ndufa13;Ndufa2;Ndufa3;Ndufa5;Ndufa7;Ndufb1-ps;Ndufb2;Ndufb3;Ndufb4;Ndufb7;Ndufc1;Ndufc2;Ndufs6;Ndufv3;Nudt7;Oasl2;Tk2,391,GO:0072521 purine-containing compound metabolic process | GO:0055086 nucleobase-containing small molecule metabolic process,2,L02,S07,F02,G02,Z02,G02,G01,G02
GO:0035976,transcription factor AP-1 complex,GO CC anchor,True,AP-1,True,0.0001698621700488,3.769903331951481,cluster_tissue__C0__bone_marrow|T2_up;cluster_tissue__C3__spleen|T2_up;tissue__bone_marrow|T2_up;tissue__spleen|T2_up,4,Fos;Fosl2;Jun;Junb;Jund,6,,0,L05,S11,F03,G03,Z03,G03,G03,G03
GO:0097110,scaffold protein binding,GO MF,False,,True,0.000861866494411,3.064560002424783,cluster_tissue__C6__thymus|Ctrl_up,1,Dynll1;Dynll2;Fyn;Kif1b;P2rx7;Ubtf;Vim;Ywhae,46,,0,L06,S11,F03,G03,Z03,G03,G03,G03
GO:0046933,"proton-transporting ATP synthase activity, rotational mechanism",GO MF,False,,True,0.0014851282912621,2.828236028649365,cluster_tissue__C0__bone_marrow|T2_up;cluster_tissue__C3__spleen|T2_up;tissue__spleen|T2_up;tissue__thymus|T2_up,4,Atp5e;Atp5j;Atp5j2;Atp5k;Atp5l,12,GO:0015252 proton channel activity,1,L07,S06,F03,G03,Z03,G03,G01,G03
GO:0030548,acetylcholine receptor regulator activity,GO MF,False,,True,0.0020723766687957,2.683531305725932,cluster_tissue__C4__bone_marrow|T2_up,1,Ly6a;Ly6c2;Ly6e,7,GO:0099602 neurotransmitter receptor regulator activity,1,L08,S12,F03,G03,Z03,G03,G03,G03
KEGG:Fluid shear stress and atherosclerosis,Fluid shear stress and atherosclerosis,KEGG,False,,True,0.0027638732941614,2.5584818704540773,cluster_tissue__C4__bone_marrow|T2_up,1,Actb;Actg1;Dusp1;Fos;Rac2,80,,0,L09,S05,F03,G03,Z03,G03,G01,G04
GO:0033130,acetylcholine receptor binding,GO MF,False,,True,0.002945106632818,2.5308989761889107,cluster_tissue__C4__bone_marrow|T2_up,1,Ly6a;Ly6c2;Ly6e,10,,0,L08,S12,F03,G03,Z03,G03,G03,G03
GO:0007005,mitochondrion organization,GO BP,False,,True,0.0033819770182136,2.4708293479201013,cluster_tissue__C3__spleen|T2_up;tissue__bone_marrow|T2_up;tissue__spleen|T2_up,3,Afg3l1;Cmc1;Coa7;Cox10;Cox14;Cox16;Cox17;Cox20;Fmc1;Jun;Letm2;Lyrm2;Mtln;Ndufa13;Ndufaf8;Ndufs5;Ndufs6;Nipsnap2;Pet100;Romo1;Sdhaf1;Slirp;Smim4;Uqcc2,301,,0,L04,S10,F03,G04,Z03,G04,G03,G03
GO:0030547,signaling receptor inhibitor activity,GO MF,False,,True,0.0040284173081037,2.394865546753171,cluster_tissue__C4__bone_marrow|T2_up,1,Ly6a;Ly6c2;Ly6e,12,,0,L08,S12,F03,G03,Z03,G03,G03,G03
GO:0005525,GTP binding,GO MF,False,,True,0.0057464626737017,2.240599409923223,cluster_tissue__C0__bone_marrow|Ctrl_up,1,Arf3;Dnm2;Fkbp4;Gbp4;Gbp6;Gbp7;Gbp8;Gbp9;Gimap7;Gnai3;Gspt1;Ifi47;Igtp;Ola1;Rab35;Rab6b;Rala;Rragc;Srprb;Tuba1a;Tubb4b,228,GO:0019001 guanyl nucleotide binding | GO:0032561 guanyl ribonucleotide binding,2,L10,S11,F03,G03,Z03,G03,G02,G03
GO:0006122,"mitochondrial electron transport, ubiquinol to cytochrome c",GO BP,False,,True,0.0061395459606174,2.2118637451600622,cluster_tissue__C3__spleen|T2_up;tissue__spleen|T2_up,2,Uqcr10;Uqcr11;Uqcrb;Uqcrq,11,,0,L03,S03,F03,G04,Z03,G04,G03,G03
GO:0003682,chromatin binding,GO MF,False,,True,0.0108062871367468,1.9663234968886305,cluster_tissue__C3__spleen|Ctrl_up,1,Atad2b;Cdk9;Chd1;Cks2;Ctnnb1;Dhx9;Dnmt1;Hnrnpu;Kmt2a;Med1;Mllt10;Msl1;Mta3;Mtf2;Ncoa3;Ncor1;Nfat5;Nr1h2;Nr3c1;Nsd1;Polg;Prdm15;Psip1;Rcor1;Rnf168;Rnf20;Safb;Sbno1;Sfpq;Smarcc1;Smc1a;Smc2;Smc3;Smc4;Suz12;Top2b;Trim28;Trim33;Ube2t;Ubtf;Wac;Wdr82;Wrn;Yy1,488,,0,L11,S11,F03,G03,Z03,G03,G03,G03
KEGG:Spliceosome,Spliceosome,KEGG,False,,True,0.0140191905358731,1.8532770616869416,cluster_tissue__C0__bone_marrow|T2_up,1,Lsm5;Lsm6;Lsm7;Magohb;Snrpa;Snrpb2;Snrpe;Snrpf;Snrpg;Srsf5;Zmat2,122,,0,L12,S11,F03,G03,Z03,G03,G03,G03
KEGG:Prion diseases,Prion diseases,KEGG,False,,True,0.0155057106885658,1.809508323522167,cluster_tissue__C6__thymus|Ctrl_up;tissue__thymus|Ctrl_up,2,Bax;Ccl5;Fyn;Stip1,15,,0,L13,S05,F03,G03,Z03,G03,G02,G04
GO:0070990,snRNP binding,GO MF,False,,True,0.0182945587189913,1.737678061619755,cluster_tissue__C0__bone_marrow|T2_up;cluster_tissue__C3__spleen|T2_up;tissue__spleen|T2_up,3,Snrpa;Snrpb2;Snrpe;Snrpg,12,,0,L14,S11,F03,G03,Z03,G03,G03,G03
GO:0033044,regulation of chromosome organization,GO BP,False,,True,0.0183676785108172,1.7359457306649584,tissue__spleen|Ctrl_up,1,Atrx;Baz1b;Birc5;Cct3;Cct4;Cct6a;Cdk5rap2;Ctnnb1;Dpf2;Hnrnpu;Kat2b;Lcmt1;Nvl;Prpf4b;Ptges3;Rad50;Ruvbl1;Sfpq;Slx4;Smarcc1;Smc2;Smc4;Smc5;Smg6;Terf2ip;Wapl;Yy1;Zw10,212,,0,L15,S13,F03,G03,Z03,G03,G03,G03
GO:0044183,protein folding chaperone,GO MF,False,,True,0.0220230285376383,1.657122958445829,cluster_tissue__C3__spleen|Ctrl_up,1,Ahsa1;Ccdc47;Cct2;Cct3;Cct4;Cct6a;Cct8;Cox19;Pdcl3;St13,46,,0,L16,S11,F03,G03,Z03,G03,G03,G03
GO:0006457,protein folding,GO BP,False,,True,0.0235232416128878,1.6285028306578269,cluster_tissue__C3__spleen|Ctrl_up,1,Ahsa1;Ahsa2;Ccdc47;Cct2;Cct3;Cct4;Cct6a;Cct8;Chordc1;Cox19;Cybc1;Fkbp4;Grpel1;Pdcl3;Ptges3;Sdf2;St13;Tuba1a,114,,0,L16,S11,F03,G03,Z03,G03,G03,G03
GO:2001252,positive regulation of chromosome organization,GO BP,False,,True,0.0235232416128878,1.6285028306578269,cluster_tissue__C3__spleen|Ctrl_up,1,Cct2;Cct3;Cct4;Cct6a;Cct8;Ctnnb1;Map2k7;Ptges3;Rad50;Sfpq;Slx4;Smc2;Smc4;Smc5;Terf2ip;Yy1,97,,0,L15,S13,F03,G03,Z03,G03,G03,G03
KEGG:Natural killer cell mediated cytotoxicity,Natural killer cell mediated cytotoxicity,KEGG,False,,True,0.0258287710594202,1.587896257195228,cluster_tissue__C6__thymus|Ctrl_up,1,Cd48;Fcer1g;Fyn;Grb2;Klrc1;Klrk1;Vav3,82,,0,L17,S09,F03,G03,Z03,G03,G03,G04
KEGG:Oxytocin signaling pathway,Oxytocin signaling pathway,KEGG,False,,True,0.0316626373603905,1.499452913119904,cluster_tissue__C4__bone_marrow|T2_up,1,Actb;Actg1;Fos;Myl6,76,,0,L18,S01,F03,G03,Z03,G03,G03,G04
KEGG:Systemic lupus erythematosus,Systemic lupus erythematosus,KEGG,False,,True,0.0319639119178002,1.49534007477894,tissue__spleen|T2_up,1,Cd40lg;H2afj;H3f3b;Hist1h2ac;Hist1h3e;Hist2h4,43,,0,L19,S05,F03,G03,Z03,G03,G02,G04
GO:0001922,B-1 B cell homeostasis,GO BP,False,,True,0.0335923104506605,1.473760124724435,tissue__bone_marrow|T2_up,1,Ahr;Hif1a;Tnfaip3,5,,0,L20,S09,F03,G03,Z03,G03,G03,G03
GO:0001653,peptide receptor activity,GO MF,False,,True,0.0336562679054817,1.4729340439727188,tissue__thymus|T2_up,1,Cysltr1;Ltb4r1;Ramp1;Ramp3,17,GO:0008528 G protein-coupled peptide receptor activity,1,L21,S12,F03,G03,Z03,G03,G03,G03
KEGG:Viral myocarditis,Viral myocarditis,KEGG,False,,True,0.0429724424432823,1.366809961431423,cluster_tissue__C4__bone_marrow|T2_up,1,Actb;Actg1;Rac2,38,,0,L22,S08,F03,G03,Z03,G03,G02,G04
GO:0006366,transcription by RNA polymerase II,GO BP,False,,True,0.0430498020276755,1.3660288413876969,cluster_tissue__C3__spleen|T2_up,1,Elob;Fos;Fosb;Jun;Junb;Jund;Med11;Med29;N6amt1;Polr2i;Polr2k;Polr2l;Rbx1;Ssu72;Taf7,275,,0,L23,S11,F03,G03,Z03,G03,G03,G03
GO:0015078,proton transmembrane transporter activity,GO MF,False,,True,0.0431446897418449,1.3650726497224264,cluster_tissue__C3__spleen|T2_up,1,Atp5e;Atp5j;Atp5j2;Atp5k;Atp5l;Ndufa2;Ndufb7;Slc9a8,87,,0,L01,S06,F03,G01,Z01,G01,G02,G01
GO:0046661,male sex differentiation,GO BP,False,,True,0.0464425022587655,1.3330843891079212,tissue__spleen|Ctrl_up,1,Akap9;Arid4a;Atrx;Bcl2;Crkl;Ctnnb1;Fkbp4;Fndc3a;Nr3c1;Plekha1;Scaper;Tbc1d20;Tmf1;Wdr48,73,,0,L24,S02,F03,G03,Z03,G03,G03,G03
KEGG:IL-17 signaling pathway,IL-17 signaling pathway,KEGG,True,IL-17/Th17,False,0.0711618686209891,1.147752656412602,,0,,51,,0,L25,S14,F03,G03,Z03,G03,G03,G04
KEGG:TNF signaling pathway,TNF signaling pathway,KEGG,True,TNF,False,0.5605397363776559,0.2513935950621355,,0,,78,,0,L25,S09,F03,G03,Z03,G03,G03,G04
KEGG:MAPK signaling pathway,MAPK signaling pathway,KEGG,True,MAPK,False,0.6357748197511948,0.1966966765779974,,0,,159,,0,L26,S15,F03,G03,Z03,G03,G04,G03
GO:0000165,MAPK cascade,GO BP,True,MAPK,False,1.0,-0.0,,0,,114,,0,L27,S15,F03,G03,Z03,G03,G04,G03
GO:0007254,JNK cascade,GO BP,True,MAPK,False,1.0,-0.0,,0,,30,,0,L27,S15,F03,G03,Z03,G03,G04,G03
GO:0038066,p38MAPK cascade,GO BP,True,MAPK,False,1.0,-0.0,,0,,22,,0,L28,S15,F03,G03,Z03,G03,G04,G03
GO:0070371,ERK1 and ERK2 cascade,GO BP,True,MAPK,False,1.0,-0.0,,0,,22,,0,L29,S15,F03,G03,Z03,G03,G04,G03
GO:0072538,T-helper 17 type immune response,GO BP,True,IL-17/Th17,False,1.0,-0.0,,0,,16,,0,L30,S14,F03,G03,Z03,G03,G03,G04
KEGG:T cell receptor signaling pathway,T cell receptor signaling pathway,KEGG,True,TCR,False,1.0,-0.0,,0,,92,,0,L17,S09,F03,G03,Z03,G03,G03,G04
KEGG:Th17 cell differentiation,Th17 cell differentiation,KEGG,True,IL-17/Th17,False,1.0,-0.0,,0,,79,,0,L17,S14,F03,G03,Z03,G03,G03,G04
GO:0032620,interleukin-17 production,GO BP,True,IL-17/Th17,False,,,,0,,0,,0,L31,S14,F03,G03,Z03,G03,G03,G04
