version,unit_id,direction,source,n_selected,n_background,n_query_in_background,n_terms_tested,n_sig_q05
all,cluster_tissue__C0__bone_marrow,T2_up,BP,274,9143,213,6511,52
all,cluster_tissue__C0__bone_marrow,T2_up,MF,274,8647,183,1479,5
all,cluster_tissue__C0__bone_marrow,T2_up,CC,274,9562,225,966,32
all,cluster_tissue__C0__bone_marrow,T2_up,KEGG,274,4135,124,294,10
all,cluster_tissue__C0__bone_marrow,Ctrl_up,BP,318,9143,285,6511,0
all,cluster_tissue__C0__bone_marrow,Ctrl_up,MF,318,8647,277,1479,3
all,cluster_tissue__C0__bone_marrow,Ctrl_up,CC,318,9562,304,966,0
all,cluster_tissue__C0__bone_marrow,Ctrl_up,KEGG,318,4135,129,294,0
all,cluster_tissue__C0__spleen,T2_up,BP,6,8853,6,6420,3
all,cluster_tissue__C0__spleen,T2_up,MF,6,8381,5,1457,2
all,cluster_tissue__C0__spleen,T2_up,CC,6,9267,6,950,3
all,cluster_tissue__C0__spleen,T2_up,KEGG,6,4026,4,294,1
all,cluster_tissue__C0__spleen,Ctrl_up,BP,2,8853,2,6420,0
all,cluster_tissue__C0__spleen,Ctrl_up,MF,2,8381,2,1457,0
all,cluster_tissue__C0__spleen,Ctrl_up,CC,2,9267,2,950,0
all,cluster_tissue__C0__spleen,Ctrl_up,KEGG,2,4026,2,294,0
all,cluster_tissue__C1__bone_marrow,T2_up,BP,0,8289,0,6215,0
all,cluster_tissue__C1__bone_marrow,T2_up,MF,0,7851,0,1382,0
all,cluster_tissue__C1__bone_marrow,T2_up,CC,0,8673,0,940,0
all,cluster_tissue__C1__bone_marrow,T2_up,KEGG,0,3766,0,293,0
all,cluster_tissue__C1__bone_marrow,Ctrl_up,BP,0,8289,0,6215,0
all,cluster_tissue__C1__bone_marrow,Ctrl_up,MF,0,7851,0,1382,0
all,cluster_tissue__C1__bone_marrow,Ctrl_up,CC,0,8673,0,940,0
all,cluster_tissue__C1__bone_marrow,Ctrl_up,KEGG,0,3766,0,293,0
all,cluster_tissue__C1__spleen,T2_up,BP,0,8296,0,6263,0
all,cluster_tissue__C1__spleen,T2_up,MF,0,7831,0,1391,0
all,cluster_tissue__C1__spleen,T2_up,CC,0,8666,0,935,0
all,cluster_tissue__C1__spleen,T2_up,KEGG,0,3784,0,292,0
all,cluster_tissue__C1__spleen,Ctrl_up,BP,0,8296,0,6263,0
all,cluster_tissue__C1__spleen,Ctrl_up,MF,0,7831,0,1391,0
all,cluster_tissue__C1__spleen,Ctrl_up,CC,0,8666,0,935,0
all,cluster_tissue__C1__spleen,Ctrl_up,KEGG,0,3784,0,292,0
all,cluster_tissue__C2__bone_marrow,T2_up,BP,3,7983,3,6169,0
all,cluster_tissue__C2__bone_marrow,T2_up,MF,3,7540,3,1355,0
all,cluster_tissue__C2__bone_marrow,T2_up,CC,3,8356,3,927,1
all,cluster_tissue__C2__bone_marrow,T2_up,KEGG,3,3632,2,290,0
all,cluster_tissue__C2__bone_marrow,Ctrl_up,BP,0,7983,0,6169,0
all,cluster_tissue__C2__bone_marrow,Ctrl_up,MF,0,7540,0,1355,0
all,cluster_tissue__C2__bone_marrow,Ctrl_up,CC,0,8356,0,927,0
all,cluster_tissue__C2__bone_marrow,Ctrl_up,KEGG,0,3632,0,290,0
all,cluster_tissue__C2__spleen,T2_up,BP,0,7862,0,6097,0
all,cluster_tissue__C2__spleen,T2_up,MF,0,7439,0,1338,0
all,cluster_tissue__C2__spleen,T2_up,CC,0,8221,0,911,0
all,cluster_tissue__C2__spleen,T2_up,KEGG,0,3608,0,290,0
all,cluster_tissue__C2__spleen,Ctrl_up,BP,0,7862,0,6097,0
all,cluster_tissue__C2__spleen,Ctrl_up,MF,0,7439,0,1338,0
all,cluster_tissue__C2__spleen,Ctrl_up,CC,0,8221,0,911,0
all,cluster_tissue__C2__spleen,Ctrl_up,KEGG,0,3608,0,290,0
all,cluster_tissue__C2__thymus,T2_up,BP,0,7847,0,6154,0
all,cluster_tissue__C2__thymus,T2_up,MF,0,7413,0,1341,0
all,cluster_tissue__C2__thymus,T2_up,CC,0,8201,0,918,0
all,cluster_tissue__C2__thymus,T2_up,KEGG,0,3601,0,291,0
all,cluster_tissue__C2__thymus,Ctrl_up,BP,0,7847,0,6154,0
all,cluster_tissue__C2__thymus,Ctrl_up,MF,0,7413,0,1341,0
all,cluster_tissue__C2__thymus,Ctrl_up,CC,0,8201,0,918,0
all,cluster_tissue__C2__thymus,Ctrl_up,KEGG,0,3601,0,291,0
all,cluster_tissue__C3__bone_marrow,T2_up,BP,12,9038,12,6470,13
all,cluster_tissue__C3__bone_marrow,T2_up,MF,12,8546,11,1468,2
all,cluster_tissue__C3__bone_marrow,T2_up,CC,12,9454,12,959,5
all,cluster_tissue__C3__bone_marrow,T2_up,KEGG,12,4085,8,294,1
all,cluster_tissue__C3__bone_marrow,Ctrl_up,BP,4,9038,4,6470,0
all,cluster_tissue__C3__bone_marrow,Ctrl_up,MF,4,8546,4,1468,0
all,cluster_tissue__C3__bone_marrow,Ctrl_up,CC,4,9454,4,959,0
all,cluster_tissue__C3__bone_marrow,Ctrl_up,KEGG,4,4085,4,294,0
all,cluster_tissue__C3__spleen,T2_up,BP,275,9145,201,6512,65
all,cluster_tissue__C3__spleen,T2_up,MF,275,8649,173,1479,13
all,cluster_tissue__C3__spleen,T2_up,CC,275,9564,212,966,26
all,cluster_tissue__C3__spleen,T2_up,KEGG,275,4136,116,294,9
all,cluster_tissue__C3__spleen,Ctrl_up,BP,460,9145,420,6512,3
all,cluster_tissue__C3__spleen,Ctrl_up,MF,460,8649,393,1479,3
all,cluster_tissue__C3__spleen,Ctrl_up,CC,460,9564,441,966,4
all,cluster_tissue__C3__spleen,Ctrl_up,KEGG,460,4136,178,294,0
all,cluster_tissue__C4__bone_marrow,T2_up,BP,56,9046,49,6481,34
all,cluster_tissue__C4__bone_marrow,T2_up,MF,56,8557,44,1470,20
all,cluster_tissue__C4__bone_marrow,T2_up,CC,56,9461,52,960,12
all,cluster_tissue__C4__bone_marrow,T2_up,KEGG,56,4087,31,294,8
all,cluster_tissue__C4__bone_marrow,Ctrl_up,BP,27,9046,27,6481,0
all,cluster_tissue__C4__bone_marrow,Ctrl_up,MF,27,8557,26,1470,0
all,cluster_tissue__C4__bone_marrow,Ctrl_up,CC,27,9461,27,960,0
all,cluster_tissue__C4__bone_marrow,Ctrl_up,KEGG,27,4087,19,294,0
all,cluster_tissue__C4__spleen,T2_up,BP,33,9005,30,6463,24
all,cluster_tissue__C4__spleen,T2_up,MF,33,8520,28,1460,4
all,cluster_tissue__C4__spleen,T2_up,CC,33,9425,30,956,13
all,cluster_tissue__C4__spleen,T2_up,KEGG,33,4083,23,294,1
all,cluster_tissue__C4__spleen,Ctrl_up,BP,12,9005,12,6463,0
all,cluster_tissue__C4__spleen,Ctrl_up,MF,12,8520,11,1460,2
all,cluster_tissue__C4__spleen,Ctrl_up,CC,12,9425,12,956,0
all,cluster_tissue__C4__spleen,Ctrl_up,KEGG,12,4083,8,294,1
all,cluster_tissue__C5-1__bone_marrow,T2_up,BP,6,8979,6,6462,7
all,cluster_tissue__C5-1__bone_marrow,T2_up,MF,6,8495,6,1459,5
all,cluster_tissue__C5-1__bone_marrow,T2_up,CC,6,9393,6,960,5
all,cluster_tissue__C5-1__bone_marrow,T2_up,KEGG,6,4067,2,294,0
all,cluster_tissue__C5-1__bone_marrow,Ctrl_up,BP,1,8979,1,6462,0
all,cluster_tissue__C5-1__bone_marrow,Ctrl_up,MF,1,8495,1,1459,0
all,cluster_tissue__C5-1__bone_marrow,Ctrl_up,CC,1,9393,1,960,0
all,cluster_tissue__C5-1__bone_marrow,Ctrl_up,KEGG,1,4067,0,294,0
all,cluster_tissue__C5-1__spleen,T2_up,BP,42,9111,40,6498,51
all,cluster_tissue__C5-1__spleen,T2_up,MF,42,8615,34,1472,12
all,cluster_tissue__C5-1__spleen,T2_up,CC,42,9526,40,965,17
all,cluster_tissue__C5-1__spleen,T2_up,KEGG,42,4122,26,294,1
all,cluster_tissue__C5-1__spleen,Ctrl_up,BP,27,9111,27,6498,0
all,cluster_tissue__C5-1__spleen,Ctrl_up,MF,27,8615,25,1472,0
all,cluster_tissue__C5-1__spleen,Ctrl_up,CC,27,9526,27,965,0
all,cluster_tissue__C5-1__spleen,Ctrl_up,KEGG,27,4122,15,294,0
all,cluster_tissue__C5-2__bone_marrow,T2_up,BP,16,8928,15,6433,19
all,cluster_tissue__C5-2__bone_marrow,T2_up,MF,16,8440,15,1450,2
all,cluster_tissue__C5-2__bone_marrow,T2_up,CC,16,9338,15,957,6
all,cluster_tissue__C5-2__bone_marrow,T2_up,KEGG,16,4040,14,294,1
all,cluster_tissue__C5-2__bone_marrow,Ctrl_up,BP,3,8928,3,6433,0
all,cluster_tissue__C5-2__bone_marrow,Ctrl_up,MF,3,8440,2,1450,0
all,cluster_tissue__C5-2__bone_marrow,Ctrl_up,CC,3,9338,3,957,0
all,cluster_tissue__C5-2__bone_marrow,Ctrl_up,KEGG,3,4040,1,294,0
all,cluster_tissue__C5-2__spleen,T2_up,BP,0,8478,0,6300,0
all,cluster_tissue__C5-2__spleen,T2_up,MF,0,8006,0,1406,0
all,cluster_tissue__C5-2__spleen,T2_up,CC,0,8870,0,937,0
all,cluster_tissue__C5-2__spleen,T2_up,KEGG,0,3839,0,292,0
all,cluster_tissue__C5-2__spleen,Ctrl_up,BP,0,8478,0,6300,0
all,cluster_tissue__C5-2__spleen,Ctrl_up,MF,0,8006,0,1406,0
all,cluster_tissue__C5-2__spleen,Ctrl_up,CC,0,8870,0,937,0
all,cluster_tissue__C5-2__spleen,Ctrl_up,KEGG,0,3839,0,292,0
all,cluster_tissue__C6__thymus,T2_up,BP,140,9138,120,6508,53
all,cluster_tissue__C6__thymus,T2_up,MF,140,8641,103,1479,2
all,cluster_tissue__C6__thymus,T2_up,CC,140,9556,125,966,22
all,cluster_tissue__C6__thymus,T2_up,KEGG,140,4131,77,294,9
all,cluster_tissue__C6__thymus,Ctrl_up,BP,164,9138,151,6508,0
all,cluster_tissue__C6__thymus,Ctrl_up,MF,164,8641,142,1479,2
all,cluster_tissue__C6__thymus,Ctrl_up,CC,164,9556,155,966,5
all,cluster_tissue__C6__thymus,Ctrl_up,KEGG,164,4131,62,294,2
all,cluster_tissue__C7__thymus,T2_up,BP,0,8078,0,6107,0
all,cluster_tissue__C7__thymus,T2_up,MF,0,7602,0,1353,0
all,cluster_tissue__C7__thymus,T2_up,CC,0,8435,0,925,0
all,cluster_tissue__C7__thymus,T2_up,KEGG,0,3630,0,292,0
all,cluster_tissue__C7__thymus,Ctrl_up,BP,0,8078,0,6107,0
all,cluster_tissue__C7__thymus,Ctrl_up,MF,0,7602,0,1353,0
all,cluster_tissue__C7__thymus,Ctrl_up,CC,0,8435,0,925,0
all,cluster_tissue__C7__thymus,Ctrl_up,KEGG,0,3630,0,292,0
all,tissue__bone_marrow,T2_up,BP,350,9145,269,6512,52
all,tissue__bone_marrow,T2_up,MF,350,8649,234,1479,1
all,tissue__bone_marrow,T2_up,CC,350,9564,284,966,22
all,tissue__bone_marrow,T2_up,KEGG,350,4136,143,294,9
all,tissue__bone_marrow,Ctrl_up,BP,368,9145,337,6512,0
all,tissue__bone_marrow,Ctrl_up,MF,368,8649,320,1479,0
all,tissue__bone_marrow,Ctrl_up,CC,368,9564,351,966,0
all,tissue__bone_marrow,Ctrl_up,KEGG,368,4136,145,294,0
all,tissue__spleen,T2_up,BP,356,9145,245,6512,60
all,tissue__spleen,T2_up,MF,356,8649,213,1479,10
all,tissue__spleen,T2_up,CC,356,9564,261,966,20
all,tissue__spleen,T2_up,KEGG,356,4136,132,294,9
all,tissue__spleen,Ctrl_up,BP,508,9145,464,6512,12
all,tissue__spleen,Ctrl_up,MF,508,8649,441,1479,8
all,tissue__spleen,Ctrl_up,CC,508,9564,486,966,5
all,tissue__spleen,Ctrl_up,KEGG,508,4136,181,294,0
all,tissue__thymus,T2_up,BP,195,9144,168,6512,53
all,tissue__thymus,T2_up,MF,195,8647,149,1479,4
all,tissue__thymus,T2_up,CC,195,9562,175,966,23
all,tissue__thymus,T2_up,KEGG,195,4136,113,294,9
all,tissue__thymus,Ctrl_up,BP,157,9144,141,6512,2
all,tissue__thymus,Ctrl_up,MF,157,8647,131,1479,4
all,tissue__thymus,Ctrl_up,CC,157,9562,146,966,3
all,tissue__thymus,Ctrl_up,KEGG,157,4136,64,294,1
excl,cluster_tissue__C0__bone_marrow,T2_up,BP,253,8911,193,6492,37
excl,cluster_tissue__C0__bone_marrow,T2_up,MF,253,8424,163,1467,2
excl,cluster_tissue__C0__bone_marrow,T2_up,CC,253,9323,205,955,31
excl,cluster_tissue__C0__bone_marrow,T2_up,KEGG,253,3979,109,293,9
excl,cluster_tissue__C0__bone_marrow,Ctrl_up,BP,305,8911,273,6492,0
excl,cluster_tissue__C0__bone_marrow,Ctrl_up,MF,305,8424,265,1467,3
excl,cluster_tissue__C0__bone_marrow,Ctrl_up,CC,305,9323,292,955,0
excl,cluster_tissue__C0__bone_marrow,Ctrl_up,KEGG,305,3979,120,293,0
excl,cluster_tissue__C0__spleen,T2_up,BP,2,8622,2,6397,0
excl,cluster_tissue__C0__spleen,T2_up,MF,2,8159,1,1444,0
excl,cluster_tissue__C0__spleen,T2_up,CC,2,9029,2,939,0
excl,cluster_tissue__C0__spleen,T2_up,KEGG,2,3871,0,293,0
excl,cluster_tissue__C0__spleen,Ctrl_up,BP,0,8622,0,6397,0
excl,cluster_tissue__C0__spleen,Ctrl_up,MF,0,8159,0,1444,0
excl,cluster_tissue__C0__spleen,Ctrl_up,CC,0,9029,0,939,0
excl,cluster_tissue__C0__spleen,Ctrl_up,KEGG,0,3871,0,293,0
excl,cluster_tissue__C1__bone_marrow,T2_up,BP,0,8060,0,6192,0
excl,cluster_tissue__C1__bone_marrow,T2_up,MF,0,7633,0,1368,0
excl,cluster_tissue__C1__bone_marrow,T2_up,CC,0,8439,0,929,0
excl,cluster_tissue__C1__bone_marrow,T2_up,KEGG,0,3611,0,292,0
excl,cluster_tissue__C1__bone_marrow,Ctrl_up,BP,0,8060,0,6192,0
excl,cluster_tissue__C1__bone_marrow,Ctrl_up,MF,0,7633,0,1368,0
excl,cluster_tissue__C1__bone_marrow,Ctrl_up,CC,0,8439,0,929,0
excl,cluster_tissue__C1__bone_marrow,Ctrl_up,KEGG,0,3611,0,292,0
excl,cluster_tissue__C1__spleen,T2_up,BP,0,8068,0,6237,0
excl,cluster_tissue__C1__spleen,T2_up,MF,0,7612,0,1374,0
excl,cluster_tissue__C1__spleen,T2_up,CC,0,8432,0,925,0
excl,cluster_tissue__C1__spleen,T2_up,KEGG,0,3629,0,291,0
excl,cluster_tissue__C1__spleen,Ctrl_up,BP,0,8068,0,6237,0
excl,cluster_tissue__C1__spleen,Ctrl_up,MF,0,7612,0,1374,0
excl,cluster_tissue__C1__spleen,Ctrl_up,CC,0,8432,0,925,0
excl,cluster_tissue__C1__spleen,Ctrl_up,KEGG,0,3629,0,291,0
excl,cluster_tissue__C2__bone_marrow,T2_up,BP,1,7756,1,6145,0
excl,cluster_tissue__C2__bone_marrow,T2_up,MF,1,7323,1,1348,0
excl,cluster_tissue__C2__bone_marrow,T2_up,CC,1,8123,1,915,0
excl,cluster_tissue__C2__bone_marrow,T2_up,KEGG,1,3479,0,289,0
excl,cluster_tissue__C2__bone_marrow,Ctrl_up,BP,0,7756,0,6145,0
excl,cluster_tissue__C2__bone_marrow,Ctrl_up,MF,0,7323,0,1348,0
excl,cluster_tissue__C2__bone_marrow,Ctrl_up,CC,0,8123,0,915,0
excl,cluster_tissue__C2__bone_marrow,Ctrl_up,KEGG,0,3479,0,289,0
excl,cluster_tissue__C2__spleen,T2_up,BP,0,7641,0,6073,0
excl,cluster_tissue__C2__spleen,T2_up,MF,0,7228,0,1330,0
excl,cluster_tissue__C2__spleen,T2_up,CC,0,7994,0,899,0
excl,cluster_tissue__C2__spleen,T2_up,KEGG,0,3457,0,289,0
excl,cluster_tissue__C2__spleen,Ctrl_up,BP,0,7641,0,6073,0
excl,cluster_tissue__C2__spleen,Ctrl_up,MF,0,7228,0,1330,0
excl,cluster_tissue__C2__spleen,Ctrl_up,CC,0,7994,0,899,0
excl,cluster_tissue__C2__spleen,Ctrl_up,KEGG,0,3457,0,289,0
excl,cluster_tissue__C2__thymus,T2_up,BP,0,7625,0,6129,0
excl,cluster_tissue__C2__thymus,T2_up,MF,0,7201,0,1333,0
excl,cluster_tissue__C2__thymus,T2_up,CC,0,7973,0,907,0
excl,cluster_tissue__C2__thymus,T2_up,KEGG,0,3449,0,290,0
excl,cluster_tissue__C2__thymus,Ctrl_up,BP,0,7625,0,6129,0
excl,cluster_tissue__C2__thymus,Ctrl_up,MF,0,7201,0,1333,0
excl,cluster_tissue__C2__thymus,Ctrl_up,CC,0,7973,0,907,0
excl,cluster_tissue__C2__thymus,Ctrl_up,KEGG,0,3449,0,290,0
excl,cluster_tissue__C3__bone_marrow,T2_up,BP,5,8806,5,6449,0
excl,cluster_tissue__C3__bone_marrow,T2_up,MF,5,8323,4,1456,0
excl,cluster_tissue__C3__bone_marrow,T2_up,CC,5,9215,5,948,0
excl,cluster_tissue__C3__bone_marrow,T2_up,KEGG,5,3929,2,293,0
excl,cluster_tissue__C3__bone_marrow,Ctrl_up,BP,1,8806,1,6449,0
excl,cluster_tissue__C3__bone_marrow,Ctrl_up,MF,1,8323,1,1456,0
excl,cluster_tissue__C3__bone_marrow,Ctrl_up,CC,1,9215,1,948,0
excl,cluster_tissue__C3__bone_marrow,Ctrl_up,KEGG,1,3929,1,293,0
excl,cluster_tissue__C3__spleen,T2_up,BP,247,8913,174,6493,46
excl,cluster_tissue__C3__spleen,T2_up,MF,247,8426,145,1467,4
excl,cluster_tissue__C3__spleen,T2_up,CC,247,9325,184,955,22
excl,cluster_tissue__C3__spleen,T2_up,KEGG,247,3980,97,293,8
excl,cluster_tissue__C3__spleen,Ctrl_up,BP,447,8913,408,6493,2
excl,cluster_tissue__C3__spleen,Ctrl_up,MF,447,8426,381,1467,2
excl,cluster_tissue__C3__spleen,Ctrl_up,CC,447,9325,429,955,4
excl,cluster_tissue__C3__spleen,Ctrl_up,KEGG,447,3980,170,293,0
excl,cluster_tissue__C4__bone_marrow,T2_up,BP,44,8814,37,6462,2
excl,cluster_tissue__C4__bone_marrow,T2_up,MF,44,8334,32,1458,4
excl,cluster_tissue__C4__bone_marrow,T2_up,CC,44,9222,40,949,10
excl,cluster_tissue__C4__bone_marrow,T2_up,KEGG,44,3931,24,293,10
excl,cluster_tissue__C4__bone_marrow,Ctrl_up,BP,22,8814,22,6462,0
excl,cluster_tissue__C4__bone_marrow,Ctrl_up,MF,22,8334,21,1458,0
excl,cluster_tissue__C4__bone_marrow,Ctrl_up,CC,22,9222,22,949,0
excl,cluster_tissue__C4__bone_marrow,Ctrl_up,KEGG,22,3931,14,293,0
excl,cluster_tissue__C4__spleen,T2_up,BP,13,8773,10,6443,0
excl,cluster_tissue__C4__spleen,T2_up,MF,13,8297,8,1448,0
excl,cluster_tissue__C4__spleen,T2_up,CC,13,9186,10,944,0
excl,cluster_tissue__C4__spleen,T2_up,KEGG,13,3927,6,293,0
excl,cluster_tissue__C4__spleen,Ctrl_up,BP,7,8773,7,6443,0
excl,cluster_tissue__C4__spleen,Ctrl_up,MF,7,8297,6,1448,0
excl,cluster_tissue__C4__spleen,Ctrl_up,CC,7,9186,7,944,0
excl,cluster_tissue__C4__spleen,Ctrl_up,KEGG,7,3927,4,293,0
excl,cluster_tissue__C5-1__bone_marrow,T2_up,BP,1,8748,1,6439,0
excl,cluster_tissue__C5-1__bone_marrow,T2_up,MF,1,8273,1,1446,0
excl,cluster_tissue__C5-1__bone_marrow,T2_up,CC,1,9155,1,949,0
excl,cluster_tissue__C5-1__bone_marrow,T2_up,KEGG,1,3911,0,293,0
excl,cluster_tissue__C5-1__bone_marrow,Ctrl_up,BP,1,8748,1,6439,0
excl,cluster_tissue__C5-1__bone_marrow,Ctrl_up,MF,1,8273,1,1446,0
excl,cluster_tissue__C5-1__bone_marrow,Ctrl_up,CC,1,9155,1,949,0
excl,cluster_tissue__C5-1__bone_marrow,Ctrl_up,KEGG,1,3911,0,293,0
excl,cluster_tissue__C5-1__spleen,T2_up,BP,23,8879,21,6479,10
excl,cluster_tissue__C5-1__spleen,T2_up,MF,23,8392,15,1460,0
excl,cluster_tissue__C5-1__spleen,T2_up,CC,23,9287,21,954,7
excl,cluster_tissue__C5-1__spleen,T2_up,KEGG,23,3966,12,293,5
excl,cluster_tissue__C5-1__spleen,Ctrl_up,BP,21,8879,21,6479,0
excl,cluster_tissue__C5-1__spleen,Ctrl_up,MF,21,8392,19,1460,0
excl,cluster_tissue__C5-1__spleen,Ctrl_up,CC,21,9287,21,954,0
excl,cluster_tissue__C5-1__spleen,Ctrl_up,KEGG,21,3966,9,293,0
excl,cluster_tissue__C5-2__bone_marrow,T2_up,BP,3,8697,2,6412,0
excl,cluster_tissue__C5-2__bone_marrow,T2_up,MF,3,8218,2,1437,0
excl,cluster_tissue__C5-2__bone_marrow,T2_up,CC,3,9100,2,945,0
excl,cluster_tissue__C5-2__bone_marrow,T2_up,KEGG,3,3885,1,293,0
excl,cluster_tissue__C5-2__bone_marrow,Ctrl_up,BP,3,8697,3,6412,0
excl,cluster_tissue__C5-2__bone_marrow,Ctrl_up,MF,3,8218,2,1437,0
excl,cluster_tissue__C5-2__bone_marrow,Ctrl_up,CC,3,9100,3,945,0
excl,cluster_tissue__C5-2__bone_marrow,Ctrl_up,KEGG,3,3885,1,293,0
excl,cluster_tissue__C5-2__spleen,T2_up,BP,0,8248,0,6272,0
excl,cluster_tissue__C5-2__spleen,T2_up,MF,0,7787,0,1393,0
excl,cluster_tissue__C5-2__spleen,T2_up,CC,0,8635,0,926,0
excl,cluster_tissue__C5-2__spleen,T2_up,KEGG,0,3684,0,291,0
excl,cluster_tissue__C5-2__spleen,Ctrl_up,BP,0,8248,0,6272,0
excl,cluster_tissue__C5-2__spleen,Ctrl_up,MF,0,7787,0,1393,0
excl,cluster_tissue__C5-2__spleen,Ctrl_up,CC,0,8635,0,926,0
excl,cluster_tissue__C5-2__spleen,Ctrl_up,KEGG,0,3684,0,291,0
excl,cluster_tissue__C6__thymus,T2_up,BP,116,8906,96,6490,38
excl,cluster_tissue__C6__thymus,T2_up,MF,116,8418,79,1467,0
excl,cluster_tissue__C6__thymus,T2_up,CC,116,9317,101,955,18
excl,cluster_tissue__C6__thymus,T2_up,KEGG,116,3975,55,293,8
excl,cluster_tissue__C6__thymus,Ctrl_up,BP,157,8906,145,6490,0
excl,cluster_tissue__C6__thymus,Ctrl_up,MF,157,8418,136,1467,1
excl,cluster_tissue__C6__thymus,Ctrl_up,CC,157,9317,149,955,0
excl,cluster_tissue__C6__thymus,Ctrl_up,KEGG,157,3975,59,293,2
excl,cluster_tissue__C7__thymus,T2_up,BP,0,7853,0,6086,0
excl,cluster_tissue__C7__thymus,T2_up,MF,0,7387,0,1340,0
excl,cluster_tissue__C7__thymus,T2_up,CC,0,8204,0,913,0
excl,cluster_tissue__C7__thymus,T2_up,KEGG,0,3475,0,291,0
excl,cluster_tissue__C7__thymus,Ctrl_up,BP,0,7853,0,6086,0
excl,cluster_tissue__C7__thymus,Ctrl_up,MF,0,7387,0,1340,0
excl,cluster_tissue__C7__thymus,Ctrl_up,CC,0,8204,0,913,0
excl,cluster_tissue__C7__thymus,Ctrl_up,KEGG,0,3475,0,291,0
excl,tissue__bone_marrow,T2_up,BP,327,8913,247,6493,40
excl,tissue__bone_marrow,T2_up,MF,327,8426,212,1467,0
excl,tissue__bone_marrow,T2_up,CC,327,9325,262,955,22
excl,tissue__bone_marrow,T2_up,KEGG,327,3980,127,293,8
excl,tissue__bone_marrow,Ctrl_up,BP,356,8913,326,6493,0
excl,tissue__bone_marrow,Ctrl_up,MF,356,8426,309,1467,0
excl,tissue__bone_marrow,Ctrl_up,CC,356,9325,340,955,0
excl,tissue__bone_marrow,Ctrl_up,KEGG,356,3980,136,293,0
excl,tissue__spleen,T2_up,BP,324,8913,214,6493,44
excl,tissue__spleen,T2_up,MF,324,8426,181,1467,3
excl,tissue__spleen,T2_up,CC,324,9325,229,955,17
excl,tissue__spleen,T2_up,KEGG,324,3980,109,293,9
excl,tissue__spleen,Ctrl_up,BP,495,8913,452,6493,2
excl,tissue__spleen,Ctrl_up,MF,495,8426,429,1467,0
excl,tissue__spleen,Ctrl_up,CC,495,9325,474,955,5
excl,tissue__spleen,Ctrl_up,KEGG,495,3980,173,293,0
excl,tissue__thymus,T2_up,BP,170,8912,143,6493,39
excl,tissue__thymus,T2_up,MF,170,8424,124,1467,4
excl,tissue__thymus,T2_up,CC,170,9323,150,955,16
excl,tissue__thymus,T2_up,KEGG,170,3980,90,293,8
excl,tissue__thymus,Ctrl_up,BP,150,8912,135,6493,0
excl,tissue__thymus,Ctrl_up,MF,150,8424,125,1467,0
excl,tissue__thymus,Ctrl_up,CC,150,9323,140,955,0
excl,tissue__thymus,Ctrl_up,KEGG,150,3980,60,293,1
