Gene,Score,log2FC,P,BH FDR
Rpl37a,+43.15,+0.358,<machine limit,<machine limit
Rps21,+42.82,+0.369,<machine limit,<machine limit
Tmsb10,+53.10,+0.481,<machine limit,<machine limit
Rpl41,+37.36,+0.398,1.8e-305,4.9e-302
Rps27,+35.32,+0.310,3.2e-273,6.8e-270
Rpl39,+34.73,+0.328,3.3e-264,5e-261
Rpl36,+34.03,+0.339,9e-254,1.2e-250
Hspa8,-35.08,-0.536,1.3e-269,2.3e-266
Dnaja1,-28.29,-0.660,4.3e-176,2.8e-173
Sfpq,-22.25,-0.697,1e-109,3.7e-107
Dynll1,-21.29,-0.621,1.5e-100,4.6e-98
Mxd4,-19.73,-0.630,1.3e-86,3.3e-84
Ccnd2,-14.57,-0.319,4.2e-48,5.9e-46
Hsph1,-14.37,-0.840,7.9e-47,1.1e-44
