unit_id,analysis,definition,direction,namespace,n_expressed,n_annotated_background,n_selected_before_annotation,n_query_annotated,n_tested_terms
identity__bone_marrow__C0,cluster_identity,original,cluster_up,BP,10670,9145,1131,995,6512
identity__bone_marrow__C0,cluster_identity,original,cluster_up,MF,10670,8649,1131,960,1479
identity__bone_marrow__C0,cluster_identity,original,cluster_up,CC,10670,9564,1131,1042,966
identity__bone_marrow__C1,cluster_identity,original,cluster_up,BP,10670,9145,339,302,6512
identity__bone_marrow__C1,cluster_identity,original,cluster_up,MF,10670,8649,339,292,1479
identity__bone_marrow__C1,cluster_identity,original,cluster_up,CC,10670,9564,339,312,966
identity__bone_marrow__C2,cluster_identity,original,cluster_up,BP,10670,9145,9,9,6512
identity__bone_marrow__C2,cluster_identity,original,cluster_up,MF,10670,8649,9,8,1479
identity__bone_marrow__C2,cluster_identity,original,cluster_up,CC,10670,9564,9,9,966
identity__bone_marrow__C3,cluster_identity,original,cluster_up,BP,10670,9145,155,146,6512
identity__bone_marrow__C3,cluster_identity,original,cluster_up,MF,10670,8649,155,144,1479
identity__bone_marrow__C3,cluster_identity,original,cluster_up,CC,10670,9564,155,148,966
identity__bone_marrow__C4,cluster_identity,original,cluster_up,BP,10670,9145,807,696,6512
identity__bone_marrow__C4,cluster_identity,original,cluster_up,MF,10670,8649,807,677,1479
identity__bone_marrow__C4,cluster_identity,original,cluster_up,CC,10670,9564,807,727,966
identity__bone_marrow__C5-1,cluster_identity,original,cluster_up,BP,10670,9145,525,456,6512
identity__bone_marrow__C5-1,cluster_identity,original,cluster_up,MF,10670,8649,525,440,1479
identity__bone_marrow__C5-1,cluster_identity,original,cluster_up,CC,10670,9564,525,479,966
identity__bone_marrow__C5-2,cluster_identity,original,cluster_up,BP,10670,9145,2013,1751,6512
identity__bone_marrow__C5-2,cluster_identity,original,cluster_up,MF,10670,8649,2013,1635,1479
identity__bone_marrow__C5-2,cluster_identity,original,cluster_up,CC,10670,9564,2013,1844,966
identity__bone_marrow__C6,cluster_identity,original,cluster_up,BP,10670,9145,170,145,6512
identity__bone_marrow__C6,cluster_identity,original,cluster_up,MF,10670,8649,170,140,1479
identity__bone_marrow__C6,cluster_identity,original,cluster_up,CC,10670,9564,170,149,966
identity__spleen__C0,cluster_identity,original,cluster_up,BP,10670,9145,50,45,6512
identity__spleen__C0,cluster_identity,original,cluster_up,MF,10670,8649,50,40,1479
identity__spleen__C0,cluster_identity,original,cluster_up,CC,10670,9564,50,45,966
identity__spleen__C1,cluster_identity,original,cluster_up,BP,10670,9145,310,270,6512
identity__spleen__C1,cluster_identity,original,cluster_up,MF,10670,8649,310,259,1479
identity__spleen__C1,cluster_identity,original,cluster_up,CC,10670,9564,310,279,966
identity__spleen__C2,cluster_identity,original,cluster_up,BP,10670,9145,30,29,6512
identity__spleen__C2,cluster_identity,original,cluster_up,MF,10670,8649,30,28,1479
identity__spleen__C2,cluster_identity,original,cluster_up,CC,10670,9564,30,29,966
identity__spleen__C3,cluster_identity,original,cluster_up,BP,10670,9145,1161,1025,6512
identity__spleen__C3,cluster_identity,original,cluster_up,MF,10670,8649,1161,986,1479
identity__spleen__C3,cluster_identity,original,cluster_up,CC,10670,9564,1161,1069,966
identity__spleen__C4,cluster_identity,original,cluster_up,BP,10670,9145,974,858,6512
identity__spleen__C4,cluster_identity,original,cluster_up,MF,10670,8649,974,827,1479
identity__spleen__C4,cluster_identity,original,cluster_up,CC,10670,9564,974,893,966
identity__spleen__C5-1,cluster_identity,original,cluster_up,BP,10670,9145,2299,1992,6512
identity__spleen__C5-1,cluster_identity,original,cluster_up,MF,10670,8649,2299,1878,1479
identity__spleen__C5-1,cluster_identity,original,cluster_up,CC,10670,9564,2299,2083,966
identity__spleen__C5-2,cluster_identity,original,cluster_up,BP,10670,9145,585,526,6512
identity__spleen__C5-2,cluster_identity,original,cluster_up,MF,10670,8649,585,499,1479
identity__spleen__C5-2,cluster_identity,original,cluster_up,CC,10670,9564,585,541,966
identity__spleen__C6,cluster_identity,original,cluster_up,BP,10670,9145,266,224,6512
identity__spleen__C6,cluster_identity,original,cluster_up,MF,10670,8649,266,220,1479
identity__spleen__C6,cluster_identity,original,cluster_up,CC,10670,9564,266,239,966
identity__thymus__C0,cluster_identity,original,cluster_up,BP,10668,9144,117,96,6512
identity__thymus__C0,cluster_identity,original,cluster_up,MF,10668,8647,117,95,1479
identity__thymus__C0,cluster_identity,original,cluster_up,CC,10668,9562,117,99,966
identity__thymus__C2,cluster_identity,original,cluster_up,BP,10668,9144,22,16,6512
identity__thymus__C2,cluster_identity,original,cluster_up,MF,10668,8647,22,15,1479
identity__thymus__C2,cluster_identity,original,cluster_up,CC,10668,9562,22,16,966
identity__thymus__C5-2,cluster_identity,original,cluster_up,BP,10668,9144,772,661,6512
identity__thymus__C5-2,cluster_identity,original,cluster_up,MF,10668,8647,772,629,1479
identity__thymus__C5-2,cluster_identity,original,cluster_up,CC,10668,9562,772,699,966
identity__thymus__C6,cluster_identity,original,cluster_up,BP,10668,9144,3283,2980,6512
identity__thymus__C6,cluster_identity,original,cluster_up,MF,10668,8647,3283,2828,1479
identity__thymus__C6,cluster_identity,original,cluster_up,CC,10668,9562,3283,3116,966
identity__thymus__C7,cluster_identity,original,cluster_up,BP,10668,9144,838,734,6512
identity__thymus__C7,cluster_identity,original,cluster_up,MF,10668,8647,838,697,1479
identity__thymus__C7,cluster_identity,original,cluster_up,CC,10668,9562,838,763,966
tissue__bone_marrow,condition,tissue,T2_up,BP,10670,9145,350,269,6512
tissue__bone_marrow,condition,tissue,T2_up,MF,10670,8649,350,234,1479
tissue__bone_marrow,condition,tissue,T2_up,CC,10670,9564,350,284,966
tissue__bone_marrow,condition,tissue,Ctrl_up,BP,10670,9145,368,337,6512
tissue__bone_marrow,condition,tissue,Ctrl_up,MF,10670,8649,368,320,1479
tissue__bone_marrow,condition,tissue,Ctrl_up,CC,10670,9564,368,351,966
cluster_tissue__C0__bone_marrow,condition,original,T2_up,BP,10668,9143,274,213,6511
cluster_tissue__C0__bone_marrow,condition,original,T2_up,MF,10668,8647,274,183,1479
cluster_tissue__C0__bone_marrow,condition,original,T2_up,CC,10668,9562,274,225,966
cluster_tissue__C0__bone_marrow,condition,original,Ctrl_up,BP,10668,9143,318,285,6511
cluster_tissue__C0__bone_marrow,condition,original,Ctrl_up,MF,10668,8647,318,277,1479
cluster_tissue__C0__bone_marrow,condition,original,Ctrl_up,CC,10668,9562,318,304,966
cluster_tissue__C1__bone_marrow,condition,original,T2_up,BP,9492,8289,0,0,6215
cluster_tissue__C1__bone_marrow,condition,original,T2_up,MF,9492,7851,0,0,1382
cluster_tissue__C1__bone_marrow,condition,original,T2_up,CC,9492,8673,0,0,940
cluster_tissue__C1__bone_marrow,condition,original,Ctrl_up,BP,9492,8289,0,0,6215
cluster_tissue__C1__bone_marrow,condition,original,Ctrl_up,MF,9492,7851,0,0,1382
cluster_tissue__C1__bone_marrow,condition,original,Ctrl_up,CC,9492,8673,0,0,940
cluster_tissue__C2__bone_marrow,condition,original,T2_up,BP,9080,7983,3,3,6169
cluster_tissue__C2__bone_marrow,condition,original,T2_up,MF,9080,7540,3,3,1355
cluster_tissue__C2__bone_marrow,condition,original,T2_up,CC,9080,8356,3,3,927
cluster_tissue__C2__bone_marrow,condition,original,Ctrl_up,BP,9080,7983,0,0,6169
cluster_tissue__C2__bone_marrow,condition,original,Ctrl_up,MF,9080,7540,0,0,1355
cluster_tissue__C2__bone_marrow,condition,original,Ctrl_up,CC,9080,8356,0,0,927
cluster_tissue__C3__bone_marrow,condition,original,T2_up,BP,10523,9038,12,12,6470
cluster_tissue__C3__bone_marrow,condition,original,T2_up,MF,10523,8546,12,11,1468
cluster_tissue__C3__bone_marrow,condition,original,T2_up,CC,10523,9454,12,12,959
cluster_tissue__C3__bone_marrow,condition,original,Ctrl_up,BP,10523,9038,4,4,6470
cluster_tissue__C3__bone_marrow,condition,original,Ctrl_up,MF,10523,8546,4,4,1468
cluster_tissue__C3__bone_marrow,condition,original,Ctrl_up,CC,10523,9454,4,4,959
cluster_tissue__C4__bone_marrow,condition,original,T2_up,BP,10544,9046,56,49,6481
cluster_tissue__C4__bone_marrow,condition,original,T2_up,MF,10544,8557,56,44,1470
cluster_tissue__C4__bone_marrow,condition,original,T2_up,CC,10544,9461,56,52,960
cluster_tissue__C4__bone_marrow,condition,original,Ctrl_up,BP,10544,9046,27,27,6481
cluster_tissue__C4__bone_marrow,condition,original,Ctrl_up,MF,10544,8557,27,26,1470
cluster_tissue__C4__bone_marrow,condition,original,Ctrl_up,CC,10544,9461,27,27,960
cluster_tissue__C5-1__bone_marrow,condition,original,T2_up,BP,10436,8979,6,6,6462
cluster_tissue__C5-1__bone_marrow,condition,original,T2_up,MF,10436,8495,6,6,1459
cluster_tissue__C5-1__bone_marrow,condition,original,T2_up,CC,10436,9393,6,6,960
cluster_tissue__C5-1__bone_marrow,condition,original,Ctrl_up,BP,10436,8979,1,1,6462
cluster_tissue__C5-1__bone_marrow,condition,original,Ctrl_up,MF,10436,8495,1,1,1459
cluster_tissue__C5-1__bone_marrow,condition,original,Ctrl_up,CC,10436,9393,1,1,960
cluster_tissue__C5-2__bone_marrow,condition,original,T2_up,BP,10362,8928,16,15,6433
cluster_tissue__C5-2__bone_marrow,condition,original,T2_up,MF,10362,8440,16,15,1450
cluster_tissue__C5-2__bone_marrow,condition,original,T2_up,CC,10362,9338,16,15,957
cluster_tissue__C5-2__bone_marrow,condition,original,Ctrl_up,BP,10362,8928,3,3,6433
cluster_tissue__C5-2__bone_marrow,condition,original,Ctrl_up,MF,10362,8440,3,2,1450
cluster_tissue__C5-2__bone_marrow,condition,original,Ctrl_up,CC,10362,9338,3,3,957
tissue__spleen,condition,tissue,T2_up,BP,10670,9145,356,245,6512
tissue__spleen,condition,tissue,T2_up,MF,10670,8649,356,213,1479
tissue__spleen,condition,tissue,T2_up,CC,10670,9564,356,261,966
tissue__spleen,condition,tissue,Ctrl_up,BP,10670,9145,508,464,6512
tissue__spleen,condition,tissue,Ctrl_up,MF,10670,8649,508,441,1479
tissue__spleen,condition,tissue,Ctrl_up,CC,10670,9564,508,486,966
cluster_tissue__C0__spleen,condition,original,T2_up,BP,10293,8853,6,6,6420
cluster_tissue__C0__spleen,condition,original,T2_up,MF,10293,8381,6,5,1457
cluster_tissue__C0__spleen,condition,original,T2_up,CC,10293,9267,6,6,950
cluster_tissue__C0__spleen,condition,original,Ctrl_up,BP,10293,8853,2,2,6420
cluster_tissue__C0__spleen,condition,original,Ctrl_up,MF,10293,8381,2,2,1457
cluster_tissue__C0__spleen,condition,original,Ctrl_up,CC,10293,9267,2,2,950
cluster_tissue__C1__spleen,condition,original,T2_up,BP,9529,8296,0,0,6263
cluster_tissue__C1__spleen,condition,original,T2_up,MF,9529,7831,0,0,1391
cluster_tissue__C1__spleen,condition,original,T2_up,CC,9529,8666,0,0,935
cluster_tissue__C1__spleen,condition,original,Ctrl_up,BP,9529,8296,0,0,6263
cluster_tissue__C1__spleen,condition,original,Ctrl_up,MF,9529,7831,0,0,1391
cluster_tissue__C1__spleen,condition,original,Ctrl_up,CC,9529,8666,0,0,935
cluster_tissue__C2__spleen,condition,original,T2_up,BP,8943,7862,0,0,6097
cluster_tissue__C2__spleen,condition,original,T2_up,MF,8943,7439,0,0,1338
cluster_tissue__C2__spleen,condition,original,T2_up,CC,8943,8221,0,0,911
cluster_tissue__C2__spleen,condition,original,Ctrl_up,BP,8943,7862,0,0,6097
cluster_tissue__C2__spleen,condition,original,Ctrl_up,MF,8943,7439,0,0,1338
cluster_tissue__C2__spleen,condition,original,Ctrl_up,CC,8943,8221,0,0,911
cluster_tissue__C3__spleen,condition,original,T2_up,BP,10670,9145,275,201,6512
cluster_tissue__C3__spleen,condition,original,T2_up,MF,10670,8649,275,173,1479
cluster_tissue__C3__spleen,condition,original,T2_up,CC,10670,9564,275,212,966
cluster_tissue__C3__spleen,condition,original,Ctrl_up,BP,10670,9145,460,420,6512
cluster_tissue__C3__spleen,condition,original,Ctrl_up,MF,10670,8649,460,393,1479
cluster_tissue__C3__spleen,condition,original,Ctrl_up,CC,10670,9564,460,441,966
cluster_tissue__C4__spleen,condition,original,T2_up,BP,10498,9005,33,30,6463
cluster_tissue__C4__spleen,condition,original,T2_up,MF,10498,8520,33,28,1460
cluster_tissue__C4__spleen,condition,original,T2_up,CC,10498,9425,33,30,956
cluster_tissue__C4__spleen,condition,original,Ctrl_up,BP,10498,9005,12,12,6463
cluster_tissue__C4__spleen,condition,original,Ctrl_up,MF,10498,8520,12,11,1460
cluster_tissue__C4__spleen,condition,original,Ctrl_up,CC,10498,9425,12,12,956
cluster_tissue__C5-1__spleen,condition,original,T2_up,BP,10624,9111,42,40,6498
cluster_tissue__C5-1__spleen,condition,original,T2_up,MF,10624,8615,42,34,1472
cluster_tissue__C5-1__spleen,condition,original,T2_up,CC,10624,9526,42,40,965
cluster_tissue__C5-1__spleen,condition,original,Ctrl_up,BP,10624,9111,27,27,6498
cluster_tissue__C5-1__spleen,condition,original,Ctrl_up,MF,10624,8615,27,25,1472
cluster_tissue__C5-1__spleen,condition,original,Ctrl_up,CC,10624,9526,27,27,965
cluster_tissue__C5-2__spleen,condition,original,T2_up,BP,9739,8478,0,0,6300
cluster_tissue__C5-2__spleen,condition,original,T2_up,MF,9739,8006,0,0,1406
cluster_tissue__C5-2__spleen,condition,original,T2_up,CC,9739,8870,0,0,937
cluster_tissue__C5-2__spleen,condition,original,Ctrl_up,BP,9739,8478,0,0,6300
cluster_tissue__C5-2__spleen,condition,original,Ctrl_up,MF,9739,8006,0,0,1406
cluster_tissue__C5-2__spleen,condition,original,Ctrl_up,CC,9739,8870,0,0,937
tissue__thymus,condition,tissue,T2_up,BP,10668,9144,195,168,6512
tissue__thymus,condition,tissue,T2_up,MF,10668,8647,195,149,1479
tissue__thymus,condition,tissue,T2_up,CC,10668,9562,195,175,966
tissue__thymus,condition,tissue,Ctrl_up,BP,10668,9144,157,141,6512
tissue__thymus,condition,tissue,Ctrl_up,MF,10668,8647,157,131,1479
tissue__thymus,condition,tissue,Ctrl_up,CC,10668,9562,157,146,966
cluster_tissue__C2__thymus,condition,original,T2_up,BP,8900,7847,0,0,6154
cluster_tissue__C2__thymus,condition,original,T2_up,MF,8900,7413,0,0,1341
cluster_tissue__C2__thymus,condition,original,T2_up,CC,8900,8201,0,0,918
cluster_tissue__C2__thymus,condition,original,Ctrl_up,BP,8900,7847,0,0,6154
cluster_tissue__C2__thymus,condition,original,Ctrl_up,MF,8900,7413,0,0,1341
cluster_tissue__C2__thymus,condition,original,Ctrl_up,CC,8900,8201,0,0,918
cluster_tissue__C6__thymus,condition,original,T2_up,BP,10660,9138,140,120,6508
cluster_tissue__C6__thymus,condition,original,T2_up,MF,10660,8641,140,103,1479
cluster_tissue__C6__thymus,condition,original,T2_up,CC,10660,9556,140,125,966
cluster_tissue__C6__thymus,condition,original,Ctrl_up,BP,10660,9138,164,151,6508
cluster_tissue__C6__thymus,condition,original,Ctrl_up,MF,10660,8641,164,142,1479
cluster_tissue__C6__thymus,condition,original,Ctrl_up,CC,10660,9556,164,155,966
cluster_tissue__C7__thymus,condition,original,T2_up,BP,9219,8078,0,0,6107
cluster_tissue__C7__thymus,condition,original,T2_up,MF,9219,7602,0,0,1353
cluster_tissue__C7__thymus,condition,original,T2_up,CC,9219,8435,0,0,925
cluster_tissue__C7__thymus,condition,original,Ctrl_up,BP,9219,8078,0,0,6107
cluster_tissue__C7__thymus,condition,original,Ctrl_up,MF,9219,7602,0,0,1353
cluster_tissue__C7__thymus,condition,original,Ctrl_up,CC,9219,8435,0,0,925
stable__bone_marrow_S0,condition,stable,T2_up,BP,10668,9143,307,236,6511
stable__bone_marrow_S0,condition,stable,T2_up,MF,10668,8647,307,205,1479
stable__bone_marrow_S0,condition,stable,T2_up,CC,10668,9562,307,251,966
stable__bone_marrow_S0,condition,stable,Ctrl_up,BP,10668,9143,314,288,6511
stable__bone_marrow_S0,condition,stable,Ctrl_up,MF,10668,8647,314,273,1479
stable__bone_marrow_S0,condition,stable,Ctrl_up,CC,10668,9562,314,301,966
stable__bone_marrow_S1,condition,stable,T2_up,BP,10632,9111,112,96,6503
stable__bone_marrow_S1,condition,stable,T2_up,MF,10632,8620,112,85,1476
stable__bone_marrow_S1,condition,stable,T2_up,CC,10632,9531,112,101,960
stable__bone_marrow_S1,condition,stable,Ctrl_up,BP,10632,9111,31,29,6503
stable__bone_marrow_S1,condition,stable,Ctrl_up,MF,10632,8620,31,27,1476
stable__bone_marrow_S1,condition,stable,Ctrl_up,CC,10632,9531,31,30,960
stable__bone_marrow_S2,condition,stable,T2_up,BP,7402,6639,0,0,5712
stable__bone_marrow_S2,condition,stable,T2_up,MF,7402,6269,0,0,1212
stable__bone_marrow_S2,condition,stable,T2_up,CC,7402,6949,0,0,848
stable__bone_marrow_S2,condition,stable,Ctrl_up,BP,7402,6639,0,0,5712
stable__bone_marrow_S2,condition,stable,Ctrl_up,MF,7402,6269,0,0,1212
stable__bone_marrow_S2,condition,stable,Ctrl_up,CC,7402,6949,0,0,848
stable__bone_marrow_S3,condition,stable,T2_up,BP,10380,8937,20,19,6435
stable__bone_marrow_S3,condition,stable,T2_up,MF,10380,8449,20,19,1451
stable__bone_marrow_S3,condition,stable,T2_up,CC,10380,9348,20,19,957
stable__bone_marrow_S3,condition,stable,Ctrl_up,BP,10380,8937,3,3,6435
stable__bone_marrow_S3,condition,stable,Ctrl_up,MF,10380,8449,3,2,1451
stable__bone_marrow_S3,condition,stable,Ctrl_up,CC,10380,9348,3,3,957
stable__bone_marrow_S4,condition,stable,T2_up,BP,9687,8435,0,0,6268
stable__bone_marrow_S4,condition,stable,T2_up,MF,9687,7991,0,0,1394
stable__bone_marrow_S4,condition,stable,T2_up,CC,9687,8838,0,0,945
stable__bone_marrow_S4,condition,stable,Ctrl_up,BP,9687,8435,1,1,6268
stable__bone_marrow_S4,condition,stable,Ctrl_up,MF,9687,7991,1,1,1394
stable__bone_marrow_S4,condition,stable,Ctrl_up,CC,9687,8838,1,1,945
stable__spleen_S0,condition,stable,T2_up,BP,10670,9145,298,219,6512
stable__spleen_S0,condition,stable,T2_up,MF,10670,8649,298,189,1479
stable__spleen_S0,condition,stable,T2_up,CC,10670,9564,298,231,966
stable__spleen_S0,condition,stable,Ctrl_up,BP,10670,9145,480,439,6512
stable__spleen_S0,condition,stable,Ctrl_up,MF,10670,8649,480,413,1479
stable__spleen_S0,condition,stable,Ctrl_up,CC,10670,9564,480,460,966
stable__spleen_S1,condition,stable,T2_up,BP,9705,8429,2,2,6291
stable__spleen_S1,condition,stable,T2_up,MF,9705,7958,2,2,1405
stable__spleen_S1,condition,stable,T2_up,CC,9705,8804,2,2,942
stable__spleen_S1,condition,stable,Ctrl_up,BP,9705,8429,0,0,6291
stable__spleen_S1,condition,stable,Ctrl_up,MF,9705,7958,0,0,1405
stable__spleen_S1,condition,stable,Ctrl_up,CC,9705,8804,0,0,942
stable__spleen_S2,condition,stable,T2_up,BP,10638,9120,42,38,6503
stable__spleen_S2,condition,stable,T2_up,MF,10638,8623,42,32,1472
stable__spleen_S2,condition,stable,T2_up,CC,10638,9537,42,38,965
stable__spleen_S2,condition,stable,Ctrl_up,BP,10638,9120,27,27,6503
stable__spleen_S2,condition,stable,Ctrl_up,MF,10638,8623,27,27,1472
stable__spleen_S2,condition,stable,Ctrl_up,CC,10638,9537,27,27,965
stable__spleen_S3,condition,stable,T2_up,BP,10564,9054,45,38,6473
stable__spleen_S3,condition,stable,T2_up,MF,10564,8567,45,33,1464
stable__spleen_S3,condition,stable,T2_up,CC,10564,9475,45,39,957
stable__spleen_S3,condition,stable,Ctrl_up,BP,10564,9054,19,19,6473
stable__spleen_S3,condition,stable,Ctrl_up,MF,10564,8567,19,17,1464
stable__spleen_S3,condition,stable,Ctrl_up,CC,10564,9475,19,19,957
stable__thymus_S0,condition,stable,T2_up,BP,10568,9076,36,34,6499
stable__thymus_S0,condition,stable,T2_up,MF,10568,8581,36,32,1472
stable__thymus_S0,condition,stable,T2_up,CC,10568,9495,36,35,963
stable__thymus_S0,condition,stable,Ctrl_up,BP,10568,9076,14,14,6499
stable__thymus_S0,condition,stable,Ctrl_up,MF,10568,8581,14,13,1472
stable__thymus_S0,condition,stable,Ctrl_up,CC,10568,9495,14,13,963
stable__thymus_S1,condition,stable,T2_up,BP,10615,9103,51,46,6498
stable__thymus_S1,condition,stable,T2_up,MF,10615,8607,51,42,1475
stable__thymus_S1,condition,stable,T2_up,CC,10615,9520,51,48,965
stable__thymus_S1,condition,stable,Ctrl_up,BP,10615,9103,26,26,6498
stable__thymus_S1,condition,stable,Ctrl_up,MF,10615,8607,26,25,1475
stable__thymus_S1,condition,stable,Ctrl_up,CC,10615,9520,26,26,965
stable__thymus_S2,condition,stable,T2_up,BP,10645,9130,62,55,6501
stable__thymus_S2,condition,stable,T2_up,MF,10645,8633,62,49,1478
stable__thymus_S2,condition,stable,T2_up,CC,10645,9547,62,57,966
stable__thymus_S2,condition,stable,Ctrl_up,BP,10645,9130,20,20,6501
stable__thymus_S2,condition,stable,Ctrl_up,MF,10645,8633,20,19,1478
stable__thymus_S2,condition,stable,Ctrl_up,CC,10645,9547,20,20,966
stable__thymus_S3,condition,stable,T2_up,BP,9170,8044,0,0,6151
stable__thymus_S3,condition,stable,T2_up,MF,9170,7604,0,0,1367
stable__thymus_S3,condition,stable,T2_up,CC,9170,8413,0,0,923
stable__thymus_S3,condition,stable,Ctrl_up,BP,9170,8044,0,0,6151
stable__thymus_S3,condition,stable,Ctrl_up,MF,9170,7604,0,0,1367
stable__thymus_S3,condition,stable,Ctrl_up,CC,9170,8413,0,0,923
stable__thymus_S5,condition,stable,T2_up,BP,9232,8090,0,0,6122
stable__thymus_S5,condition,stable,T2_up,MF,9232,7614,0,0,1352
stable__thymus_S5,condition,stable,T2_up,CC,9232,8446,0,0,925
stable__thymus_S5,condition,stable,Ctrl_up,BP,9232,8090,0,0,6122
stable__thymus_S5,condition,stable,Ctrl_up,MF,9232,7614,0,0,1352
stable__thymus_S5,condition,stable,Ctrl_up,CC,9232,8446,0,0,925
