tissue,condition,module,n_cells,rho,pvalue_cell_level
bone_marrow,Ctrl,PAGER_core,3379,0.11333807568593278,3.9189812655447885e-11
bone_marrow,Ctrl,PAGER_E1,3379,-0.04751330739570963,0.005736984047423143
bone_marrow,Ctrl,prior_effector,3379,-0.06563449886164908,0.00013454652841146309
bone_marrow,T2,PAGER_core,2731,0.18192963107376234,9.410069193715178e-22
bone_marrow,T2,PAGER_E1,2731,-0.00888925218968574,0.642404405199812
bone_marrow,T2,prior_effector,2731,-0.015678655235247432,0.4127717975739127
spleen,Ctrl,PAGER_core,3422,0.007131471634725536,0.6766573849798662
spleen,Ctrl,PAGER_E1,3422,0.08631553332289818,4.261953324060808e-07
spleen,Ctrl,prior_effector,3422,-0.12228789204470199,7.077956367545963e-13
spleen,T2,PAGER_core,3371,0.04090301169366776,0.01755110005513656
spleen,T2,PAGER_E1,3371,0.10871847355884644,2.473094852868514e-10
spleen,T2,prior_effector,3371,-0.1684370293663124,7.110972447442676e-23
thymus,Ctrl,PAGER_core,1372,0.34609736558796717,6.852609449621995e-40
thymus,Ctrl,PAGER_E1,1372,0.3020560890425247,2.4474448632124575e-30
thymus,Ctrl,prior_effector,1372,0.3634439161258554,4.2234217650725175e-44
thymus,T2,PAGER_core,1257,0.33876661187327056,3.98047000495749e-35
thymus,T2,PAGER_E1,1257,0.2949075566832755,1.21204665379432e-26
thymus,T2,prior_effector,1257,0.3505494083351226,1.1840307129045602e-37
