unit_id,tissue,cluster,gene,cluster_log2FC,cluster_fdr,tissue_log2FC,tissue_fdr,global_log2FC,global_fdr,interpretation
cluster_tissue__C0__bone_marrow,bone_marrow,C0,Ccnd2,-0.2647835,4.287517376512514e-12,-0.219376,8.834410632256149e-11,-0.3189416,5.9389298326204876e-46,different detection/effect pattern; not a tested cluster-by-condition interaction
cluster_tissue__C0__bone_marrow,bone_marrow,C0,Cxcr3,-0.27059296,4.744755171680179e-12,-0.21225187,1.580058664841556e-08,-0.20166577,1.4420519455578246e-13,different detection/effect pattern; not a tested cluster-by-condition interaction
cluster_tissue__C0__bone_marrow,bone_marrow,C0,Sec61b,0.28223988,3.1755553053051304e-08,0.2460683,1.0351398992605364e-08,0.23607036,2.976820754372323e-20,different detection/effect pattern; not a tested cluster-by-condition interaction
cluster_tissue__C0__bone_marrow,bone_marrow,C0,Uba52,0.25427505,3.301503623456428e-07,0.24948184,5.366855802379435e-09,0.27749702,3.781973218359641e-30,different detection/effect pattern; not a tested cluster-by-condition interaction
cluster_tissue__C0__bone_marrow,bone_marrow,C0,Snrpe,0.2570635,1.4511579420890864e-06,0.24319856,3.283076222596225e-07,0.2869976,1.36657199591841e-25,different detection/effect pattern; not a tested cluster-by-condition interaction
cluster_tissue__C0__bone_marrow,bone_marrow,C0,Zfp36l2,0.27169245,1.487792824798131e-06,0.22970773,4.770836395731601e-06,0.12825394,0.0002126152828689,different detection/effect pattern; not a tested cluster-by-condition interaction
cluster_tissue__C0__bone_marrow,bone_marrow,C0,Mcl1,-0.2664842,5.066609008112171e-06,-0.22735359,5.800916954893254e-06,-0.2607222,1.4712818559902454e-18,different detection/effect pattern; not a tested cluster-by-condition interaction
cluster_tissue__C0__bone_marrow,bone_marrow,C0,Pitpna,-0.28576857,5.709227879041468e-06,-0.21344756,0.0001562195375998,-0.21098153,1.2898130979505559e-11,different detection/effect pattern; not a tested cluster-by-condition interaction
cluster_tissue__C0__bone_marrow,bone_marrow,C0,Krtcap2,0.26166022,1.2095479604764664e-05,0.22955167,1.4378253259006576e-05,0.25222605,9.791036304467051e-17,different detection/effect pattern; not a tested cluster-by-condition interaction
cluster_tissue__C0__bone_marrow,bone_marrow,C0,Dnajc3,-0.273151,2.4034156831946796e-05,-0.24122733,1.8553966989897735e-05,-0.22876556,2.6969206721423856e-12,different detection/effect pattern; not a tested cluster-by-condition interaction
cluster_tissue__C0__bone_marrow,bone_marrow,C0,Dpm1,0.2912311,0.0001394380934783,0.23144718,0.0008045211885657,0.15560022,0.000174241585802,different detection/effect pattern; not a tested cluster-by-condition interaction
cluster_tissue__C0__bone_marrow,bone_marrow,C0,Pstpip1,-0.2905284,0.0003836087899406,-0.24042174,0.0007696055573124,-0.22739904,9.334013997842741e-08,different detection/effect pattern; not a tested cluster-by-condition interaction
cluster_tissue__C0__bone_marrow,bone_marrow,C0,Ppp2ca,-0.2536489,0.0003973232732456,-0.23365843,0.0001629548798962,-0.1779153,1.3709436467358025e-06,different detection/effect pattern; not a tested cluster-by-condition interaction
cluster_tissue__C0__bone_marrow,bone_marrow,C0,Cct7,-0.2595394,0.0005656146419519,-0.17728667,0.0072882537651816,-0.10787304,0.0045801069206753,different detection/effect pattern; not a tested cluster-by-condition interaction
cluster_tissue__C0__bone_marrow,bone_marrow,C0,Psip1,-0.26307842,0.0007185116957596,-0.23395029,0.0005994022103827,-0.2425812,5.60458740492092e-11,different detection/effect pattern; not a tested cluster-by-condition interaction
cluster_tissue__C0__bone_marrow,bone_marrow,C0,Cnot6l,-0.26545617,0.0008473673366586,-0.22721651,0.000651927557888,-0.23367472,6.185126793239164e-11,different detection/effect pattern; not a tested cluster-by-condition interaction
cluster_tissue__C0__bone_marrow,bone_marrow,C0,Rala,-0.37055022,0.0008724671376614,-0.24159762,0.0217098355286319,-0.16007102,0.0079623210912977,different detection/effect pattern; not a tested cluster-by-condition interaction
cluster_tissue__C0__bone_marrow,bone_marrow,C0,Mrps18c,0.31642377,0.0013861374540255,0.22595859,0.0099217641973551,0.24154536,9.19803899300594e-07,different detection/effect pattern; not a tested cluster-by-condition interaction
cluster_tissue__C0__bone_marrow,bone_marrow,C0,Yy1,-0.2626333,0.0014264517663131,-0.24748017,0.0004157001103877,-0.27641475,5.233371341475253e-13,different detection/effect pattern; not a tested cluster-by-condition interaction
cluster_tissue__C0__bone_marrow,bone_marrow,C0,Polr2e,-0.27076796,0.001440371001684,-0.23350729,0.0005387292832931,-0.17957745,3.3665448015309885e-06,different detection/effect pattern; not a tested cluster-by-condition interaction
cluster_tissue__C0__bone_marrow,bone_marrow,C0,Dnajc2,-0.28778854,0.0024385777820002,-0.24003756,0.0038505082689552,-0.24573939,4.4229070981273026e-08,different detection/effect pattern; not a tested cluster-by-condition interaction
cluster_tissue__C0__bone_marrow,bone_marrow,C0,Gspt1,-0.27000177,0.0029717939928878,-0.24481298,0.0013630241367392,-0.21789005,1.5929543959755218e-07,different detection/effect pattern; not a tested cluster-by-condition interaction
cluster_tissue__C0__bone_marrow,bone_marrow,C0,Tnfrsf25,-0.34269586,0.0040414985033717,-0.24725676,0.0229239887829716,-0.15064718,0.017651508529238,different detection/effect pattern; not a tested cluster-by-condition interaction
cluster_tissue__C0__bone_marrow,bone_marrow,C0,Clk1,0.2640454,0.0042004087251918,0.22344784,0.0036446268448869,0.13644418,0.0019915350301697,different detection/effect pattern; not a tested cluster-by-condition interaction
cluster_tissue__C0__bone_marrow,bone_marrow,C0,Tmem33,-0.42821723,0.0042513969638084,-0.2771065,0.0721503236063711,-0.3165231,7.448206950758034e-06,different detection/effect pattern; not a tested cluster-by-condition interaction
cluster_tissue__C0__bone_marrow,bone_marrow,C0,Gadd45gip1,-0.2696563,0.0044370663510609,-0.18988852,0.0359695924980838,-0.14753966,0.0023761173306224,different detection/effect pattern; not a tested cluster-by-condition interaction
cluster_tissue__C0__bone_marrow,bone_marrow,C0,Itpkb,0.2725713,0.004829147622925,0.20660543,0.0151290622585394,0.13803813,0.0047829438206206,different detection/effect pattern; not a tested cluster-by-condition interaction
cluster_tissue__C0__bone_marrow,bone_marrow,C0,Ciao1,-0.4345138,0.0049575678097137,-0.24415609,0.0854734069998445,-0.16419806,0.0533738822280092,different detection/effect pattern; not a tested cluster-by-condition interaction
cluster_tissue__C0__bone_marrow,bone_marrow,C0,Ola1,-0.26574343,0.0060992088845195,-0.24176937,0.0032142521628571,-0.15947539,0.0011892314327182,different detection/effect pattern; not a tested cluster-by-condition interaction
cluster_tissue__C0__bone_marrow,bone_marrow,C0,Zdhhc12,-0.67484325,0.0063732174946836,-0.3809849,0.1590629094539158,-0.22148463,0.1537995118549962,different detection/effect pattern; not a tested cluster-by-condition interaction
cluster_tissue__C0__bone_marrow,bone_marrow,C0,Neat1,0.27539235,0.0066284213183578,0.24965084,0.0021261534582166,0.10478642,0.0321872829281438,different detection/effect pattern; not a tested cluster-by-condition interaction
cluster_tissue__C0__bone_marrow,bone_marrow,C0,Gnai3,-0.28372797,0.0076054191953148,-0.24235147,0.0105386638011605,-0.25001976,7.33587341732235e-07,different detection/effect pattern; not a tested cluster-by-condition interaction
cluster_tissue__C0__bone_marrow,bone_marrow,C0,Runx3,-0.254723,0.0076811940441673,-0.19979964,0.0222015811538266,-0.21104643,1.5352515010809888e-07,different detection/effect pattern; not a tested cluster-by-condition interaction
cluster_tissue__C0__bone_marrow,bone_marrow,C0,Pgam1,-0.27618006,0.0076926286319926,-0.21860588,0.0190047911189395,-0.13353096,0.0092198579895117,different detection/effect pattern; not a tested cluster-by-condition interaction
cluster_tissue__C0__bone_marrow,bone_marrow,C0,Tardbp,-0.29911166,0.0081701129658968,-0.18378524,0.0711620474741065,-0.23377366,8.568153784098194e-06,different detection/effect pattern; not a tested cluster-by-condition interaction
cluster_tissue__C0__bone_marrow,bone_marrow,C0,Baz2a,-0.3017126,0.0084182434507692,-0.22220428,0.0578602991708787,-0.08725251,0.2840926823637738,different detection/effect pattern; not a tested cluster-by-condition interaction
cluster_tissue__C0__bone_marrow,bone_marrow,C0,Cenps,-1.8578097,0.0085988763815646,-1.0736984,0.0863135802354076,-0.47260952,0.1060667815665215,different detection/effect pattern; not a tested cluster-by-condition interaction
cluster_tissue__C0__bone_marrow,bone_marrow,C0,Dcxr,-0.6883596,0.0093014674490051,-0.44438234,0.0745767567868951,-0.24145712,0.1100028713481443,different detection/effect pattern; not a tested cluster-by-condition interaction
cluster_tissue__C0__bone_marrow,bone_marrow,C0,Ebp,-0.26502386,0.0097670715816906,-0.18869966,0.0428240979290679,-0.18173657,0.0001424860132998,different detection/effect pattern; not a tested cluster-by-condition interaction
cluster_tissue__C0__bone_marrow,bone_marrow,C0,Zmat2,0.26051164,0.0099614652238028,0.23020613,0.00599143843873,0.20881885,2.808177205086968e-06,different detection/effect pattern; not a tested cluster-by-condition interaction
cluster_tissue__C0__bone_marrow,bone_marrow,C0,Igbp1,-0.2873625,0.0101976468251442,-0.20662116,0.0380408892535706,-0.14947362,0.0068084158364011,different detection/effect pattern; not a tested cluster-by-condition interaction
cluster_tissue__C0__bone_marrow,bone_marrow,C0,Atxn3,-0.5417719,0.0109219622676574,-0.3736814,0.0557530975618007,-0.2554927,0.0121406289848428,different detection/effect pattern; not a tested cluster-by-condition interaction
cluster_tissue__C0__bone_marrow,bone_marrow,C0,Eif3b,-0.28551188,0.0115810883731252,-0.16496225,0.1475792698269376,-0.19605826,0.0008687777788425,different detection/effect pattern; not a tested cluster-by-condition interaction
cluster_tissue__C0__bone_marrow,bone_marrow,C0,Nmnat3,0.74797547,0.0119932716190285,0.5499589,0.051363924586492,0.37837815,0.0137728051249422,different detection/effect pattern; not a tested cluster-by-condition interaction
cluster_tissue__C0__bone_marrow,bone_marrow,C0,Dusp19,-0.5399454,0.0154818939326497,-0.392084,0.0608271486340725,-0.26878852,0.0155075602354746,different detection/effect pattern; not a tested cluster-by-condition interaction
cluster_tissue__C0__bone_marrow,bone_marrow,C0,Tmem161a,-0.5821815,0.0159551816615809,-0.41343117,0.0696040912608859,-0.285624,0.0204297789772617,different detection/effect pattern; not a tested cluster-by-condition interaction
cluster_tissue__C0__bone_marrow,bone_marrow,C0,Rabgap1,-0.3953467,0.0163782191670182,-0.302513,0.0630234512226125,-0.17708917,0.0846887321311997,different detection/effect pattern; not a tested cluster-by-condition interaction
cluster_tissue__C0__bone_marrow,bone_marrow,C0,Ppp1r35,-0.27747414,0.017383372285153,-0.23604275,0.0159821937628919,-0.20284869,0.0008125133822629,different detection/effect pattern; not a tested cluster-by-condition interaction
cluster_tissue__C0__bone_marrow,bone_marrow,C0,Ppp1r10,0.28590444,0.0175883599415552,0.24254797,0.0145692854571754,0.15413633,0.007520583301513,different detection/effect pattern; not a tested cluster-by-condition interaction
cluster_tissue__C0__bone_marrow,bone_marrow,C0,Frmd8,-0.31938264,0.018439051154681,-0.2348552,0.0730469749958222,-0.15011047,0.0257037736498206,different detection/effect pattern; not a tested cluster-by-condition interaction
cluster_tissue__C0__bone_marrow,bone_marrow,C0,Ireb2,0.40040076,0.019246306388036,0.19977644,0.1929215075857993,0.1721831,0.0297327093516632,different detection/effect pattern; not a tested cluster-by-condition interaction
cluster_tissue__C0__bone_marrow,bone_marrow,C0,Ccdc6,-0.5102509,0.0209657261915894,-0.36997756,0.0656242504185319,-0.28613248,0.0110205501298036,different detection/effect pattern; not a tested cluster-by-condition interaction
cluster_tissue__C0__bone_marrow,bone_marrow,C0,Eefsec,0.4230034,0.0231325614331128,0.24825239,0.1145991930612373,0.26520762,0.0020681424332424,different detection/effect pattern; not a tested cluster-by-condition interaction
cluster_tissue__C0__bone_marrow,bone_marrow,C0,Dnm2,-0.2508157,0.0236678145062482,-0.19108503,0.0520516702132702,-0.16689141,0.0028269493470907,different detection/effect pattern; not a tested cluster-by-condition interaction
cluster_tissue__C0__bone_marrow,bone_marrow,C0,Pign,-0.6831123,0.0236678145062482,-0.5201054,0.0666377960977224,-0.28276992,0.0651070378229458,different detection/effect pattern; not a tested cluster-by-condition interaction
cluster_tissue__C0__bone_marrow,bone_marrow,C0,Ermard,0.7127704,0.0238145774352565,0.5101147,0.0762623635273144,0.36131427,0.0169645455373352,different detection/effect pattern; not a tested cluster-by-condition interaction
cluster_tissue__C0__bone_marrow,bone_marrow,C0,Mysm1,-0.2812543,0.0238182308757587,-0.18126689,0.1411741675536547,-0.1544092,0.0230130267290876,different detection/effect pattern; not a tested cluster-by-condition interaction
cluster_tissue__C0__bone_marrow,bone_marrow,C0,Otud6b,0.5828565,0.0241132096168752,0.4344318,0.0583959826132772,0.09275758,0.3981056947940583,different detection/effect pattern; not a tested cluster-by-condition interaction
cluster_tissue__C0__bone_marrow,bone_marrow,C0,Esco1,-0.26180464,0.0241344417219061,-0.23415507,0.0225141525005896,-0.2584524,2.5638618852087695e-07,different detection/effect pattern; not a tested cluster-by-condition interaction
cluster_tissue__C0__bone_marrow,bone_marrow,C0,Tlr7,2.3589907,0.0251497924777704,0.8104388,0.3900084724510112,0.41473028,0.1414058495330744,different detection/effect pattern; not a tested cluster-by-condition interaction
cluster_tissue__C0__bone_marrow,bone_marrow,C0,Smarcb1,-0.3293051,0.0264656237472831,-0.2010563,0.1800251543005554,-0.08109749,0.4564440529919361,different detection/effect pattern; not a tested cluster-by-condition interaction
cluster_tissue__C0__bone_marrow,bone_marrow,C0,Dhx32,-0.64965755,0.0265485667364523,-0.45853955,0.108529286367958,-0.3182241,0.0508700789495382,different detection/effect pattern; not a tested cluster-by-condition interaction
cluster_tissue__C0__bone_marrow,bone_marrow,C0,Golga3,-0.4192639,0.0277074178116281,-0.33430257,0.0614033569406236,-0.25008327,0.0110715875706828,different detection/effect pattern; not a tested cluster-by-condition interaction
cluster_tissue__C0__bone_marrow,bone_marrow,C0,Socs3,0.45726925,0.0287766519704022,0.19808589,0.291758931625613,-0.020421335,0.9303375291845088,different detection/effect pattern; not a tested cluster-by-condition interaction
cluster_tissue__C0__bone_marrow,bone_marrow,C0,Pxdc1,-1.1701127,0.0290910317446294,-0.13832021,0.7996553631052975,0.1267728,0.5796777759683317,different detection/effect pattern; not a tested cluster-by-condition interaction
cluster_tissue__C0__bone_marrow,bone_marrow,C0,Gm20559,0.27156523,0.0291653685634706,0.23763531,0.019901129162691,0.20704919,0.0002219733008986,different detection/effect pattern; not a tested cluster-by-condition interaction
cluster_tissue__C0__bone_marrow,bone_marrow,C0,Alg9,-0.8901032,0.0292905456839947,-0.6339725,0.0859948719890923,-0.1081011,0.7091705100155172,different detection/effect pattern; not a tested cluster-by-condition interaction
cluster_tissue__C0__bone_marrow,bone_marrow,C0,Enpp4,-0.42213276,0.0320630494761595,-0.33069474,0.0614033569406236,-0.35275054,0.0002223512354303,different detection/effect pattern; not a tested cluster-by-condition interaction
cluster_tissue__C0__bone_marrow,bone_marrow,C0,2410004B18Rik,-0.38773757,0.0329086527548579,-0.28796187,0.1027371109820826,-0.30050585,0.0002420428761723,different detection/effect pattern; not a tested cluster-by-condition interaction
cluster_tissue__C0__bone_marrow,bone_marrow,C0,Zbtb44,-0.45468464,0.0329688095490556,-0.2684699,0.2555855872338742,-0.076335885,0.6207909717589425,different detection/effect pattern; not a tested cluster-by-condition interaction
cluster_tissue__C0__bone_marrow,bone_marrow,C0,Cd7,-0.39874387,0.033099888540616,-0.109749846,0.3548554826403236,-0.14719221,0.0138193298517836,different detection/effect pattern; not a tested cluster-by-condition interaction
cluster_tissue__C0__bone_marrow,bone_marrow,C0,Lrrc42,-0.71913636,0.033099888540616,-0.40220296,0.165941516161317,-0.24850947,0.1357584978610457,different detection/effect pattern; not a tested cluster-by-condition interaction
cluster_tissue__C0__bone_marrow,bone_marrow,C0,Ptrhd1,0.4155093,0.0336361744144351,0.27224177,0.1554853964811048,0.25871438,0.0079497284202035,different detection/effect pattern; not a tested cluster-by-condition interaction
cluster_tissue__C0__bone_marrow,bone_marrow,C0,Gadd45g,0.62041116,0.0345742223712392,0.42342782,0.0977887974151722,0.35347643,0.01555040328657,different detection/effect pattern; not a tested cluster-by-condition interaction
cluster_tissue__C0__bone_marrow,bone_marrow,C0,Fem1b,0.5847744,0.0345882573915179,0.41119033,0.0555995579528404,0.18496925,0.1326912329983854,different detection/effect pattern; not a tested cluster-by-condition interaction
cluster_tissue__C0__bone_marrow,bone_marrow,C0,Pip4p1,-0.32869527,0.0349811416960231,-0.2666465,0.0721503236063711,-0.2468946,0.0004650165738487,different detection/effect pattern; not a tested cluster-by-condition interaction
cluster_tissue__C0__bone_marrow,bone_marrow,C0,Swt1,-0.27706063,0.0351463486823135,-0.20106345,0.0938881312189635,-0.12146311,0.0473521301271604,different detection/effect pattern; not a tested cluster-by-condition interaction
cluster_tissue__C0__bone_marrow,bone_marrow,C0,Fam49a,-0.39762607,0.0363625227071805,-0.29465792,0.076058729678914,-0.11809512,0.3306138182657963,different detection/effect pattern; not a tested cluster-by-condition interaction
cluster_tissue__C0__bone_marrow,bone_marrow,C0,Gm10369,1.6585084,0.0364005581081527,1.2716386,0.0818481633916258,0.4768541,0.1489037873604012,different detection/effect pattern; not a tested cluster-by-condition interaction
cluster_tissue__C0__bone_marrow,bone_marrow,C0,Ddx47,-0.30468354,0.036670545388594,-0.20303929,0.1511469303085052,-0.12890704,0.080930302537698,different detection/effect pattern; not a tested cluster-by-condition interaction
cluster_tissue__C0__bone_marrow,bone_marrow,C0,Traf3ip2,-0.39399385,0.0370244747294437,-0.3355402,0.0506938492142626,-0.1906391,0.0826400330881665,different detection/effect pattern; not a tested cluster-by-condition interaction
cluster_tissue__C0__bone_marrow,bone_marrow,C0,Gm15764,0.95251447,0.0374154215279698,0.5526109,0.1115131794038828,0.38093132,0.0460361882547465,different detection/effect pattern; not a tested cluster-by-condition interaction
cluster_tissue__C0__bone_marrow,bone_marrow,C0,Mrs2,0.41090664,0.0378315694909318,0.29073274,0.0856876419347325,0.1889558,0.0405628075591507,different detection/effect pattern; not a tested cluster-by-condition interaction
cluster_tissue__C0__bone_marrow,bone_marrow,C0,Gm4924,0.9288324,0.0380134891557931,0.751624,0.0502130463240223,0.36813426,0.1073599271240361,different detection/effect pattern; not a tested cluster-by-condition interaction
cluster_tissue__C0__bone_marrow,bone_marrow,C0,Acap2,-0.33223584,0.0385707397929224,-0.25583792,0.0960545631243967,-0.26085812,0.0003962410912201,different detection/effect pattern; not a tested cluster-by-condition interaction
cluster_tissue__C0__bone_marrow,bone_marrow,C0,Epg5,0.71174455,0.039017148409173,0.47574553,0.0860359947927255,0.294196,0.0530037728978764,different detection/effect pattern; not a tested cluster-by-condition interaction
cluster_tissue__C0__bone_marrow,bone_marrow,C0,Psme4,0.34628525,0.039082155832798,0.24076726,0.1074345891555686,0.04588426,0.4642649684502719,different detection/effect pattern; not a tested cluster-by-condition interaction
cluster_tissue__C0__bone_marrow,bone_marrow,C0,Taf12,-0.28437373,0.0391735762359593,-0.24521661,0.0442467932897505,-0.16379039,0.0192971495725306,different detection/effect pattern; not a tested cluster-by-condition interaction
cluster_tissue__C0__bone_marrow,bone_marrow,C0,Ammecr1l,-0.6257807,0.0391735762359593,-0.48690924,0.0583959826132772,-0.2930791,0.0891603056383356,different detection/effect pattern; not a tested cluster-by-condition interaction
cluster_tissue__C0__bone_marrow,bone_marrow,C0,Trnt1,-0.36607867,0.0393060811505029,-0.2785561,0.0803322833618648,-0.18959197,0.0353384441759403,different detection/effect pattern; not a tested cluster-by-condition interaction
cluster_tissue__C0__bone_marrow,bone_marrow,C0,Gm4890,0.7778471,0.0395736398528792,0.50811946,0.0817764349181664,0.3991155,0.0105162120787087,different detection/effect pattern; not a tested cluster-by-condition interaction
cluster_tissue__C0__bone_marrow,bone_marrow,C0,Prmt2,-0.4820381,0.0404618752155023,-0.40146264,0.0575743536754667,-0.33543333,0.0046930329718135,different detection/effect pattern; not a tested cluster-by-condition interaction
cluster_tissue__C0__bone_marrow,bone_marrow,C0,Gm19325,-2.2982042,0.040506291677406,-1.6469784,0.0912549577694386,-0.33916253,0.6094989471134635,different detection/effect pattern; not a tested cluster-by-condition interaction
cluster_tissue__C0__bone_marrow,bone_marrow,C0,4833417C18Rik,1.8345972,0.0411351018399819,1.1268297,0.0705629362059857,0.48442364,0.1294403254076563,different detection/effect pattern; not a tested cluster-by-condition interaction
cluster_tissue__C0__bone_marrow,bone_marrow,C0,Tapt1,-0.41031876,0.0420431901283597,-0.26188648,0.1546138311194072,-0.12816595,0.3227583503938295,different detection/effect pattern; not a tested cluster-by-condition interaction
cluster_tissue__C0__bone_marrow,bone_marrow,C0,Nudt13,-0.50379354,0.0420431901283597,-0.3929929,0.0818481633916258,-0.2876432,0.0267258359972268,different detection/effect pattern; not a tested cluster-by-condition interaction
cluster_tissue__C0__bone_marrow,bone_marrow,C0,Zkscan3,-0.2687239,0.0438939856107413,-0.2152299,0.0815324292519282,-0.13204461,0.0417778290639952,different detection/effect pattern; not a tested cluster-by-condition interaction
cluster_tissue__C0__bone_marrow,bone_marrow,C0,Prrc1,0.39272287,0.0471153946159611,0.35028028,0.0517864433306902,-0.019438572,0.9640821039612778,different detection/effect pattern; not a tested cluster-by-condition interaction
cluster_tissue__C0__bone_marrow,bone_marrow,C0,E130311K13Rik,0.66067505,0.0478385793169509,0.41579387,0.14364008101395,0.45184112,0.0021627466998307,different detection/effect pattern; not a tested cluster-by-condition interaction
cluster_tissue__C0__bone_marrow,bone_marrow,C0,Mapk8ip3,-0.38328925,0.0483642129659147,-0.3211331,0.0860662476905705,-0.16281103,0.1519170010153217,different detection/effect pattern; not a tested cluster-by-condition interaction
cluster_tissue__C0__bone_marrow,bone_marrow,C0,Mcm3,-0.46220553,0.0485481137409201,-0.34675094,0.1427185312265192,-0.20220321,0.1281401411978342,different detection/effect pattern; not a tested cluster-by-condition interaction
cluster_tissue__C0__bone_marrow,bone_marrow,C0,Tmem165,-0.29752338,0.049145370943108,-0.23939446,0.081490936498805,-0.30146918,3.074087954897144e-06,different detection/effect pattern; not a tested cluster-by-condition interaction
cluster_tissue__C0__bone_marrow,bone_marrow,C0,Ccsap,-0.679619,0.0493566760595458,-0.34742495,0.2997281738658686,-0.09767668,0.8132189751636721,different detection/effect pattern; not a tested cluster-by-condition interaction
cluster_tissue__C3__bone_marrow,bone_marrow,C3,Rpl38,0.32281762,0.0029726198749195,0.23624542,6.758230990141023e-56,0.25972018,2.792940765275288e-168,different detection/effect pattern; not a tested cluster-by-condition interaction
cluster_tissue__C3__bone_marrow,bone_marrow,C3,Rpl6,-0.3382084,0.0080219131207887,-0.08693851,3.058603376367773e-09,-0.050953615,6.766368499908455e-11,different detection/effect pattern; not a tested cluster-by-condition interaction
cluster_tissue__C3__bone_marrow,bone_marrow,C3,Rpsa,-0.25915325,0.0183571858374378,-0.14293627,5.5793082416617805e-25,-0.117292166,2.0046575787341615e-35,different detection/effect pattern; not a tested cluster-by-condition interaction
cluster_tissue__C3__bone_marrow,bone_marrow,C3,Araf,1.4158756,0.0243878893412666,0.12721251,0.3904379147977041,0.01052365,0.8706499208369213,different detection/effect pattern; not a tested cluster-by-condition interaction
cluster_tissue__C3__bone_marrow,bone_marrow,C3,Rplp2,0.29159823,0.0328438808987428,0.24078839,7.033625606241419e-63,0.24843892,9.704103481703934e-181,different detection/effect pattern; not a tested cluster-by-condition interaction
cluster_tissue__C4__bone_marrow,bone_marrow,C4,Actb,0.37581688,6.283888649000686e-08,0.15911445,2.966774754006141e-24,0.15813306,9.67912953214926e-50,different detection/effect pattern; not a tested cluster-by-condition interaction
cluster_tissue__C4__bone_marrow,bone_marrow,C4,mt-Cytb,0.38144952,1.2222876967540652e-05,0.22070505,5.881480868776675e-41,0.24755041,1.083747569828899e-120,different detection/effect pattern; not a tested cluster-by-condition interaction
cluster_tissue__C4__bone_marrow,bone_marrow,C4,Hspbp1,1.730267,8.465139071371068e-05,0.010382512,0.8591682834550066,-0.07053081,0.3701869407341133,different detection/effect pattern; not a tested cluster-by-condition interaction
cluster_tissue__C4__bone_marrow,bone_marrow,C4,S100a6,0.7267001,0.0001562853503742,0.16585003,0.0030067713040799,-0.04879557,0.267694302360289,different detection/effect pattern; not a tested cluster-by-condition interaction
cluster_tissue__C4__bone_marrow,bone_marrow,C4,Actg1,0.45770556,0.0003332107793318,0.24040407,1.832372067267729e-18,0.2145459,1.4135929245408674e-30,different detection/effect pattern; not a tested cluster-by-condition interaction
cluster_tissue__C4__bone_marrow,bone_marrow,C4,Rpl7,-0.2591712,0.0024459434513543,-0.16352582,1.833573446600924e-29,-0.1331401,7.906737426641014e-51,different detection/effect pattern; not a tested cluster-by-condition interaction
cluster_tissue__C4__bone_marrow,bone_marrow,C4,H2afz,-0.4573016,0.0029637680945159,-0.24480893,8.458957330756412e-06,-0.22600636,4.2928502797095385e-15,different detection/effect pattern; not a tested cluster-by-condition interaction
cluster_tissue__C4__bone_marrow,bone_marrow,C4,Naca,-0.29680762,0.0035540234674647,-0.16518693,1.4520055870513447e-16,-0.12022338,1.9202029647384007e-25,different detection/effect pattern; not a tested cluster-by-condition interaction
cluster_tissue__C4__bone_marrow,bone_marrow,C4,mt-Co3,0.2524995,0.0040734143712381,0.18581085,1.1177314747813392e-37,0.20629409,1.5475618183768823e-99,different detection/effect pattern; not a tested cluster-by-condition interaction
cluster_tissue__C4__bone_marrow,bone_marrow,C4,Ptpn18,0.37077594,0.0055122818090265,0.24201666,4.1259034896033715e-21,0.2011995,4.891488153626314e-34,different detection/effect pattern; not a tested cluster-by-condition interaction
cluster_tissue__C4__bone_marrow,bone_marrow,C4,Rpl7a,-0.2636521,0.005581806384663,-0.18804233,9.153921670822527e-27,-0.1283846,1.2099634663812384e-30,different detection/effect pattern; not a tested cluster-by-condition interaction
cluster_tissue__C4__bone_marrow,bone_marrow,C4,Atp1b3,-0.6915711,0.005581806384663,-0.14698423,0.2146256501990021,-0.12859505,0.009936232066104,different detection/effect pattern; not a tested cluster-by-condition interaction
cluster_tissue__C4__bone_marrow,bone_marrow,C4,Arl3,-2.7374399,0.0067901731541781,-0.30532843,0.2282290430179739,-0.22469844,0.1434738822968392,different detection/effect pattern; not a tested cluster-by-condition interaction
cluster_tissue__C4__bone_marrow,bone_marrow,C4,Rac2,0.28651986,0.0068463556921888,0.02577871,0.6598832166805376,0.036760353,0.095841416359276,different detection/effect pattern; not a tested cluster-by-condition interaction
cluster_tissue__C4__bone_marrow,bone_marrow,C4,Myl6,0.26159143,0.0082739811995243,0.10411416,1.8864659883274656e-06,0.122662425,2.9438980130362466e-17,different detection/effect pattern; not a tested cluster-by-condition interaction
cluster_tissue__C4__bone_marrow,bone_marrow,C4,Tcf7,-0.8991752,0.0091371180768795,-0.2235084,0.0864962773198978,0.023271644,0.7647355280450113,different detection/effect pattern; not a tested cluster-by-condition interaction
cluster_tissue__C4__bone_marrow,bone_marrow,C4,Emb,-1.3364456,0.0110133621914894,-0.14653406,0.2451745286585973,-0.036893856,0.588496724416858,different detection/effect pattern; not a tested cluster-by-condition interaction
cluster_tissue__C4__bone_marrow,bone_marrow,C4,Ly6e,0.33098298,0.0131743337120131,0.14215054,2.1745395329439275e-09,0.09403267,1.8697517986045573e-09,different detection/effect pattern; not a tested cluster-by-condition interaction
cluster_tissue__C4__bone_marrow,bone_marrow,C4,Cbx1,-1.0117632,0.0158118926108415,-0.20010541,0.0408810337583139,-0.12654753,0.0192850053427202,different detection/effect pattern; not a tested cluster-by-condition interaction
cluster_tissue__C4__bone_marrow,bone_marrow,C4,Clta,-0.51291,0.0245337513974023,-0.1714743,8.301267181594382e-06,-0.117172405,3.410298833076958e-07,different detection/effect pattern; not a tested cluster-by-condition interaction
cluster_tissue__C4__bone_marrow,bone_marrow,C4,Evi2a,1.3107649,0.0245337513974023,0.04124195,0.7732230429222544,0.026088942,0.6597284754085321,different detection/effect pattern; not a tested cluster-by-condition interaction
cluster_tissue__C4__bone_marrow,bone_marrow,C4,Cdca4,1.5241959,0.0284961562335729,0.10234075,0.6045356811022595,0.044600468,0.6603278592396533,different detection/effect pattern; not a tested cluster-by-condition interaction
cluster_tissue__C4__bone_marrow,bone_marrow,C4,Mrnip,25.937082,0.0297948761966475,0.41678983,0.3791453139103662,0.46075225,0.0344880016505543,different detection/effect pattern; not a tested cluster-by-condition interaction
cluster_tissue__C4__bone_marrow,bone_marrow,C4,Ly6a,0.8171086,0.0333652446578311,0.11608508,0.0784403811554062,0.07435632,0.0541822031986398,different detection/effect pattern; not a tested cluster-by-condition interaction
cluster_tissue__C4__bone_marrow,bone_marrow,C4,Secisbp2,-1.2342571,0.0387427004556216,-0.22232838,0.145172923183036,-0.25066227,0.0008335149397055,different detection/effect pattern; not a tested cluster-by-condition interaction
cluster_tissue__C4__bone_marrow,bone_marrow,C4,Gm4208,0.8475419,0.0387427004556216,0.51530224,0.063005890502328,0.087033644,0.7065099849638729,different detection/effect pattern; not a tested cluster-by-condition interaction
cluster_tissue__C4__bone_marrow,bone_marrow,C4,Ankrd11,-0.5079763,0.0393634435182253,-0.14443381,0.0118570762717667,-0.15449943,1.5964792676194463e-08,different detection/effect pattern; not a tested cluster-by-condition interaction
cluster_tissue__C4__bone_marrow,bone_marrow,C4,Rce1,-1.2894622,0.04686077927454,-0.29274443,0.0644226775653539,-0.16761708,0.0868951184780413,different detection/effect pattern; not a tested cluster-by-condition interaction
cluster_tissue__C4__bone_marrow,bone_marrow,C4,Sec11a,-0.56457365,0.0472437731288723,-0.19402303,0.0002998189905752,-0.15201572,6.903514083618783e-07,different detection/effect pattern; not a tested cluster-by-condition interaction
cluster_tissue__C4__bone_marrow,bone_marrow,C4,Ly6g5b,1.7080286,0.0486256934125841,0.18859851,0.1518908995754825,0.020764695,0.6858794375022544,different detection/effect pattern; not a tested cluster-by-condition interaction
cluster_tissue__C5-1__bone_marrow,bone_marrow,C5-1,mt-Cytb,0.5772517,6.597409376625103e-05,0.22070505,5.881480868776675e-41,0.24755041,1.083747569828899e-120,different detection/effect pattern; not a tested cluster-by-condition interaction
cluster_tissue__C5-1__bone_marrow,bone_marrow,C5-1,mt-Co3,0.5278384,0.0001041753049704,0.18581085,1.1177314747813392e-37,0.20629409,1.5475618183768823e-99,different detection/effect pattern; not a tested cluster-by-condition interaction
cluster_tissue__C5-1__bone_marrow,bone_marrow,C5-1,Tpt1,-0.2536415,0.0284746636692013,-0.14356852,9.251722923545081e-54,-0.11447003,1.5005146450088372e-84,different detection/effect pattern; not a tested cluster-by-condition interaction
cluster_tissue__C5-2__bone_marrow,bone_marrow,C5-2,Rpl34,0.37716314,0.0001767478039384,0.24615791,2.995089409907951e-66,0.28002626,2.482069042748498e-225,different detection/effect pattern; not a tested cluster-by-condition interaction
cluster_tissue__C5-2__bone_marrow,bone_marrow,C5-2,Rplp2,0.31331673,0.0002936701164756,0.24078839,7.033625606241419e-63,0.24843892,9.704103481703934e-181,different detection/effect pattern; not a tested cluster-by-condition interaction
cluster_tissue__C5-2__bone_marrow,bone_marrow,C5-2,Rpl22,0.35616958,0.0039387839390418,0.23014177,7.821226446135703e-37,0.26705778,2.755238080496741e-125,different detection/effect pattern; not a tested cluster-by-condition interaction
cluster_tissue__C5-2__bone_marrow,bone_marrow,C5-2,Rpl38,0.29600444,0.0111755293056071,0.23624542,6.758230990141023e-56,0.25972018,2.792940765275288e-168,different detection/effect pattern; not a tested cluster-by-condition interaction
cluster_tissue__C5-2__bone_marrow,bone_marrow,C5-2,Rps28,0.27332735,0.0237495084438197,0.22457422,4.589487956961989e-34,0.24925166,1.435523247322756e-111,different detection/effect pattern; not a tested cluster-by-condition interaction
cluster_tissue__C5-2__bone_marrow,bone_marrow,C5-2,Shld1,-1.9108474,0.0308223888621354,0.11440438,0.4856501883033362,0.14190945,0.0663744510877391,different detection/effect pattern; not a tested cluster-by-condition interaction
cluster_tissue__C5-2__bone_marrow,bone_marrow,C5-2,Rpl26,0.25625703,0.0308223888621354,0.07831957,9.696208013520098e-05,0.09008253,4.802213566268201e-17,different detection/effect pattern; not a tested cluster-by-condition interaction
cluster_tissue__C0__spleen,spleen,C0,Rpl5,-0.31070974,0.0465383838082431,-0.1943594,1.2501617179814613e-43,-0.2116643,8.985892557002097e-117,different detection/effect pattern; not a tested cluster-by-condition interaction
cluster_tissue__C3__spleen,spleen,C3,Xcl1,0.31843504,2.334334884351672e-09,0.16462252,0.0044474096533933,0.12593111,0.0003569895258011,different detection/effect pattern; not a tested cluster-by-condition interaction
cluster_tissue__C3__spleen,spleen,C3,Son,0.26226175,2.5257890284844542e-08,0.24093431,1.1416864064473132e-08,0.26745448,2.7647536089276363e-24,different detection/effect pattern; not a tested cluster-by-condition interaction
cluster_tissue__C3__spleen,spleen,C3,Rtraf,-0.2859482,7.868716957274024e-08,-0.21676174,3.9760608400831083e-07,-0.14019042,1.687927428589893e-06,different detection/effect pattern; not a tested cluster-by-condition interaction
cluster_tissue__C3__spleen,spleen,C3,Cct8,-0.31563535,4.901822573718472e-07,-0.22120737,7.364934900840723e-05,-0.21503606,3.195041616066293e-10,different detection/effect pattern; not a tested cluster-by-condition interaction
cluster_tissue__C3__spleen,spleen,C3,Acin1,-0.2812354,8.27285803850509e-07,-0.243633,4.758709303014392e-07,-0.24459586,1.9371063266105628e-15,different detection/effect pattern; not a tested cluster-by-condition interaction
cluster_tissue__C3__spleen,spleen,C3,Pcbp1,-0.26352686,1.2703009461417918e-05,-0.23718286,4.770646517516102e-06,-0.16066638,3.074087954897144e-06,different detection/effect pattern; not a tested cluster-by-condition interaction
cluster_tissue__C3__spleen,spleen,C3,Asb2,0.30269954,2.350334301611373e-05,0.17035009,0.0369493708355253,0.14689949,0.008031375622255,different detection/effect pattern; not a tested cluster-by-condition interaction
cluster_tissue__C3__spleen,spleen,C3,Rexo2,-0.3849495,5.867486833548499e-05,-0.24281332,0.0040353396815738,-0.21853855,2.3897906449474723e-06,different detection/effect pattern; not a tested cluster-by-condition interaction
cluster_tissue__C3__spleen,spleen,C3,Cct2,-0.25502628,5.933855156580024e-05,-0.24866624,1.2652678234729746e-06,-0.21030386,1.9333217435275568e-11,different detection/effect pattern; not a tested cluster-by-condition interaction
cluster_tissue__C3__spleen,spleen,C3,Tpst2,-0.29228133,8.476934460814158e-05,-0.24929857,0.00010408712236,-0.19219054,8.806892453879985e-07,different detection/effect pattern; not a tested cluster-by-condition interaction
cluster_tissue__C3__spleen,spleen,C3,Klra9,-1.0703063,0.000165765929725,-0.17510566,0.2495582375664688,-0.022857258,0.3142385608810215,different detection/effect pattern; not a tested cluster-by-condition interaction
cluster_tissue__C3__spleen,spleen,C3,Arid4b,-0.2604072,0.0002733278691832,-0.24893184,4.2967313456617633e-05,-0.25215274,7.802751544495866e-11,different detection/effect pattern; not a tested cluster-by-condition interaction
cluster_tissue__C3__spleen,spleen,C3,Abhd8,-0.2722878,0.0002948703521826,-0.2447441,0.0002727119933175,-0.14458379,0.0009455446883446,different detection/effect pattern; not a tested cluster-by-condition interaction
cluster_tissue__C3__spleen,spleen,C3,Psmc5,-0.29426706,0.0003043320656202,-0.24579617,0.0006090277863041,-0.13409105,0.0053344726567319,different detection/effect pattern; not a tested cluster-by-condition interaction
cluster_tissue__C3__spleen,spleen,C3,S100a6,-0.31759942,0.0004481386961124,0.0040514553,0.489720041339897,-0.04879557,0.267694302360289,different detection/effect pattern; not a tested cluster-by-condition interaction
cluster_tissue__C3__spleen,spleen,C3,Rab10,-0.30264443,0.0005072285068083,-0.2318232,0.0030088909514131,-0.21479605,1.0142246577601216e-06,different detection/effect pattern; not a tested cluster-by-condition interaction
cluster_tissue__C3__spleen,spleen,C3,Sf3a3,-0.3447476,0.0006982735907766,-0.2361355,0.0116469023753329,-0.18888038,0.0018613961269606,different detection/effect pattern; not a tested cluster-by-condition interaction
cluster_tissue__C3__spleen,spleen,C3,Zfp617,-0.7733872,0.0007156820050262,-0.4334298,0.0783533621393447,-0.39105123,0.004601401703212,different detection/effect pattern; not a tested cluster-by-condition interaction
cluster_tissue__C3__spleen,spleen,C3,Dusp2,0.25916538,0.0011394226774188,0.16689152,0.0259064101284994,0.17200978,1.1976471975196391e-05,different detection/effect pattern; not a tested cluster-by-condition interaction
cluster_tissue__C3__spleen,spleen,C3,Mrpl32,-0.325838,0.0018946520765925,-0.21833685,0.0289345214041823,-0.1733968,0.0025918162645649,different detection/effect pattern; not a tested cluster-by-condition interaction
cluster_tissue__C3__spleen,spleen,C3,Fbxl6,-0.44776207,0.0020817526379726,-0.27008384,0.0730436242945575,-0.20470847,0.0156771791247286,different detection/effect pattern; not a tested cluster-by-condition interaction
cluster_tissue__C3__spleen,spleen,C3,Ndufa5,0.25026608,0.0025319229344907,0.20729572,0.0062609930738901,0.26682064,9.894871384633556e-11,different detection/effect pattern; not a tested cluster-by-condition interaction
cluster_tissue__C3__spleen,spleen,C3,Lsm1,-0.31021953,0.0026708143312481,-0.23209246,0.0146054057989748,-0.21463005,5.7252940500615416e-05,different detection/effect pattern; not a tested cluster-by-condition interaction
cluster_tissue__C3__spleen,spleen,C3,Ywhag,-0.42196774,0.0027200568706714,-0.25917467,0.0575728656191581,-0.16844606,0.0477078260621975,different detection/effect pattern; not a tested cluster-by-condition interaction
cluster_tissue__C3__spleen,spleen,C3,Jtb,-0.2688965,0.0028769770213937,-0.2487804,0.0009177157579445,-0.27833575,1.2173039710979992e-10,different detection/effect pattern; not a tested cluster-by-condition interaction
cluster_tissue__C3__spleen,spleen,C3,Grpel1,-0.25374088,0.0032022571170444,-0.16361415,0.0253822690213538,-0.17652434,7.376183058228635e-05,different detection/effect pattern; not a tested cluster-by-condition interaction
cluster_tissue__C3__spleen,spleen,C3,Vim,-0.8141285,0.0032470054728572,-0.0015167588,0.9611744490700131,-0.15062538,0.0546686452001479,different detection/effect pattern; not a tested cluster-by-condition interaction
cluster_tissue__C3__spleen,spleen,C3,Ralbp1,-0.2520286,0.0035728787607664,-0.24671271,0.0006693475205368,-0.19166563,1.0067229084703417e-05,different detection/effect pattern; not a tested cluster-by-condition interaction
cluster_tissue__C3__spleen,spleen,C3,0610012G03Rik,-0.28311232,0.0037386991011778,-0.21321161,0.0111766576142752,-0.11596794,0.038664072819826,different detection/effect pattern; not a tested cluster-by-condition interaction
cluster_tissue__C3__spleen,spleen,C3,Nop16,-0.5879578,0.004094902100753,-0.38872886,0.0639847496205883,-0.30213052,0.0090902563782979,different detection/effect pattern; not a tested cluster-by-condition interaction
cluster_tissue__C3__spleen,spleen,C3,Ebna1bp2,-0.2766955,0.0042193911301941,-0.23281085,0.0062625876728666,-0.2514265,8.271495293086919e-08,different detection/effect pattern; not a tested cluster-by-condition interaction
cluster_tissue__C3__spleen,spleen,C3,Cd7,-0.3085451,0.0049708416795515,-0.20785087,0.0181339674299035,-0.14719221,0.0138193298517836,different detection/effect pattern; not a tested cluster-by-condition interaction
cluster_tissue__C3__spleen,spleen,C3,Cep104,-0.80502063,0.0054735267891553,-0.548307,0.0747883422918386,-0.33037087,0.0680976757269147,different detection/effect pattern; not a tested cluster-by-condition interaction
cluster_tissue__C3__spleen,spleen,C3,Rbbp7,-0.28136143,0.0056277949571394,-0.21592903,0.0193712600684164,-0.17112632,0.002126816263841,different detection/effect pattern; not a tested cluster-by-condition interaction
cluster_tissue__C3__spleen,spleen,C3,Pold4,-0.2521776,0.0062568142545613,-0.2035182,0.0128202186461842,-0.15110658,0.0027482956060541,different detection/effect pattern; not a tested cluster-by-condition interaction
cluster_tissue__C3__spleen,spleen,C3,Cdk9,-0.26066923,0.0069644909447165,-0.21970846,0.0083526499565961,-0.16254258,0.0008735924888787,different detection/effect pattern; not a tested cluster-by-condition interaction
cluster_tissue__C3__spleen,spleen,C3,Wdr46,-0.5216369,0.006990250405006,-0.31219864,0.1368402165081522,-0.2280436,0.0529962878125888,different detection/effect pattern; not a tested cluster-by-condition interaction
cluster_tissue__C3__spleen,spleen,C3,Unc50,-0.30212423,0.0069934716669683,-0.21273161,0.0425849908194057,-0.17161795,0.0095415559217816,different detection/effect pattern; not a tested cluster-by-condition interaction
cluster_tissue__C3__spleen,spleen,C3,Rb1cc1,-0.26714402,0.0073677949529018,-0.22895928,0.0106842952823152,-0.22050594,2.807662900400116e-05,different detection/effect pattern; not a tested cluster-by-condition interaction
cluster_tissue__C3__spleen,spleen,C3,Rab18,-0.27250412,0.0078277056481401,-0.23757893,0.0103035507473464,-0.15063322,0.0086110488285588,different detection/effect pattern; not a tested cluster-by-condition interaction
cluster_tissue__C3__spleen,spleen,C3,Gimap1os,0.27103552,0.0081084895780945,0.22231859,0.0116299882807595,0.19269915,0.0005505311075874,different detection/effect pattern; not a tested cluster-by-condition interaction
cluster_tissue__C3__spleen,spleen,C3,Rnpepl1,-0.34469515,0.0082563253053563,-0.19199228,0.1412467352351021,-0.10901449,0.1757402879028567,different detection/effect pattern; not a tested cluster-by-condition interaction
cluster_tissue__C3__spleen,spleen,C3,Gar1,-0.33158523,0.0085456188389618,-0.23939826,0.0461980189576464,-0.22827883,0.0004752773641576,different detection/effect pattern; not a tested cluster-by-condition interaction
cluster_tissue__C3__spleen,spleen,C3,Tspan13,0.2730447,0.0086582699613376,0.2208993,0.0193267959733382,0.11365028,0.0995211703821157,different detection/effect pattern; not a tested cluster-by-condition interaction
cluster_tissue__C3__spleen,spleen,C3,Ebpl,-0.3560237,0.0088147789624464,-0.25644836,0.0531176455343773,-0.18547577,0.0140905484518232,different detection/effect pattern; not a tested cluster-by-condition interaction
cluster_tissue__C3__spleen,spleen,C3,Mllt10,-0.2899615,0.0088370248597325,-0.23165424,0.0221988792598427,-0.09620276,0.187409059118577,different detection/effect pattern; not a tested cluster-by-condition interaction
cluster_tissue__C3__spleen,spleen,C3,Kdelr1,-0.2766096,0.0096343083445147,-0.22705479,0.0137303756853302,-0.22993544,1.464038996474053e-05,different detection/effect pattern; not a tested cluster-by-condition interaction
cluster_tissue__C3__spleen,spleen,C3,Atp6v1h,-0.32507762,0.010873914156527,-0.24302003,0.0459910959989913,-0.1351057,0.0671470796332181,different detection/effect pattern; not a tested cluster-by-condition interaction
cluster_tissue__C3__spleen,spleen,C3,Pgs1,-0.29356024,0.011231935961371,-0.22554432,0.0316658044960005,-0.15494697,0.0231568299732446,different detection/effect pattern; not a tested cluster-by-condition interaction
cluster_tissue__C3__spleen,spleen,C3,Mrpl47,-0.63327754,0.0112548762009227,-0.40620986,0.1157869200304752,-0.13960242,0.4530275004880851,different detection/effect pattern; not a tested cluster-by-condition interaction
cluster_tissue__C3__spleen,spleen,C3,Rab22a,-0.34994414,0.0123800751880346,-0.26128983,0.054841980187421,-0.19126587,0.0108713810177347,different detection/effect pattern; not a tested cluster-by-condition interaction
cluster_tissue__C3__spleen,spleen,C3,Exosc4,-0.26592812,0.0149222341613892,-0.18654138,0.0632224415950693,-0.07482696,0.32112503098492,different detection/effect pattern; not a tested cluster-by-condition interaction
cluster_tissue__C3__spleen,spleen,C3,Suz12,-0.25428188,0.0149762638285865,-0.23875576,0.0124909882593859,-0.13567054,0.0257769387521111,different detection/effect pattern; not a tested cluster-by-condition interaction
cluster_tissue__C3__spleen,spleen,C3,Impa1,-0.27121195,0.0154073001087279,-0.24341054,0.0162299653697725,-0.18130508,0.0029995989863143,different detection/effect pattern; not a tested cluster-by-condition interaction
cluster_tissue__C3__spleen,spleen,C3,Taf7,0.2947682,0.0158742734763859,0.23670658,0.0175130843321968,0.262734,1.163530768522068e-06,different detection/effect pattern; not a tested cluster-by-condition interaction
cluster_tissue__C3__spleen,spleen,C3,Lypd6b,0.6426924,0.0163343454526937,0.47465578,0.0839996410695274,0.5665943,0.001255314078824,different detection/effect pattern; not a tested cluster-by-condition interaction
cluster_tissue__C3__spleen,spleen,C3,Tarbp2,-0.455976,0.0171202829016994,-0.23572722,0.1998991603199314,-0.10858655,0.4538890582074275,different detection/effect pattern; not a tested cluster-by-condition interaction
cluster_tissue__C3__spleen,spleen,C3,G0s2,-1.5855663,0.0172059596621465,-0.92857254,0.0516844114256976,-0.85552263,0.0003290227120957,different detection/effect pattern; not a tested cluster-by-condition interaction
cluster_tissue__C3__spleen,spleen,C3,Cks2,-0.44957632,0.0180053675397505,-0.27017063,0.1278585131748183,-0.29028055,0.0011719410022952,different detection/effect pattern; not a tested cluster-by-condition interaction
cluster_tissue__C3__spleen,spleen,C3,Stk25,-0.39685866,0.018670245487109,-0.28273612,0.0783533621393447,-0.15655863,0.0978702391558462,different detection/effect pattern; not a tested cluster-by-condition interaction
cluster_tissue__C3__spleen,spleen,C3,Triobp,-0.36238274,0.0186966865186675,-0.27260348,0.0525374113621334,-0.18924055,0.0186468950411658,different detection/effect pattern; not a tested cluster-by-condition interaction
cluster_tissue__C3__spleen,spleen,C3,Mea1,0.25462422,0.0190893080149067,0.2033588,0.0294420332660643,0.0676386,0.2924004001571955,different detection/effect pattern; not a tested cluster-by-condition interaction
cluster_tissue__C3__spleen,spleen,C3,Ube2t,-0.8757996,0.0191427890461189,-0.53536683,0.1310031593013572,-0.37143427,0.0719680028238094,different detection/effect pattern; not a tested cluster-by-condition interaction
cluster_tissue__C3__spleen,spleen,C3,Cd320,-0.801205,0.0197559737302682,-0.40338987,0.3246720704872104,-0.50768423,0.0023889425754801,different detection/effect pattern; not a tested cluster-by-condition interaction
cluster_tissue__C3__spleen,spleen,C3,Prickle3,-0.525898,0.0206891162074558,-0.2992835,0.1852506274617232,-0.29526463,0.0131702054185746,different detection/effect pattern; not a tested cluster-by-condition interaction
cluster_tissue__C3__spleen,spleen,C3,Pisd,-0.70111716,0.0211457665942493,-0.52377397,0.0539611823403475,-0.21145186,0.2878962657509802,different detection/effect pattern; not a tested cluster-by-condition interaction
cluster_tissue__C3__spleen,spleen,C3,Scaf1,-0.36872247,0.0224448377639687,-0.2535069,0.1404574033814079,-0.17242579,0.0987760032824871,different detection/effect pattern; not a tested cluster-by-condition interaction
cluster_tissue__C3__spleen,spleen,C3,Usp45,-0.43356112,0.0226320960104965,-0.2683283,0.1767805771443567,-0.20696335,0.095044178609862,different detection/effect pattern; not a tested cluster-by-condition interaction
cluster_tissue__C3__spleen,spleen,C3,Hsdl1,-0.5397779,0.0234635237439046,-0.2287392,0.384132443676515,-0.20076592,0.1612452971532754,different detection/effect pattern; not a tested cluster-by-condition interaction
cluster_tissue__C3__spleen,spleen,C3,Tk2,0.2784131,0.0235603486894643,0.2489751,0.0196670219460654,0.21474321,0.0019365181325205,different detection/effect pattern; not a tested cluster-by-condition interaction
cluster_tissue__C3__spleen,spleen,C3,Eif4e,-0.28409266,0.0238546079366057,-0.20294628,0.1036065624550209,-0.18035084,0.0059337239869569,different detection/effect pattern; not a tested cluster-by-condition interaction
cluster_tissue__C3__spleen,spleen,C3,Akt2,-0.34179515,0.024207603707906,-0.18875101,0.2501831670570694,-0.024257254,0.8701913432844371,different detection/effect pattern; not a tested cluster-by-condition interaction
cluster_tissue__C3__spleen,spleen,C3,Arid3b,-0.4610557,0.0246252673487023,-0.35574627,0.0549875777521408,-0.28143042,0.0128320706280852,different detection/effect pattern; not a tested cluster-by-condition interaction
cluster_tissue__C3__spleen,spleen,C3,Vps26a,-0.3613917,0.0251324062125653,-0.26473394,0.0856905599628313,-0.24539943,0.0053924675485629,different detection/effect pattern; not a tested cluster-by-condition interaction
cluster_tissue__C3__spleen,spleen,C3,Stim1,-0.25455356,0.0252807968277536,-0.21495874,0.0292046747774452,-0.19215558,0.000762668283579,different detection/effect pattern; not a tested cluster-by-condition interaction
cluster_tissue__C3__spleen,spleen,C3,Tfpt,0.44422695,0.0252807968277536,0.29940608,0.1114592060411014,0.12053762,0.3054248385184257,different detection/effect pattern; not a tested cluster-by-condition interaction
cluster_tissue__C3__spleen,spleen,C3,Sept11,-0.28617743,0.025380966563685,-0.11595732,0.3502931503753102,-0.171064,0.0023235731579759,different detection/effect pattern; not a tested cluster-by-condition interaction
cluster_tissue__C3__spleen,spleen,C3,Irgm1,-0.29854375,0.025633170596981,-0.2257283,0.0674323053988782,-0.17693087,0.0179585920110006,different detection/effect pattern; not a tested cluster-by-condition interaction
cluster_tissue__C3__spleen,spleen,C3,Xkr6,-0.6217243,0.0262253670176169,-0.43283957,0.0962679444047982,-0.3256071,0.072261483268861,different detection/effect pattern; not a tested cluster-by-condition interaction
cluster_tissue__C3__spleen,spleen,C3,Slc37a4,0.7089994,0.0268883306811982,0.5724151,0.0551101564438422,0.33711383,0.0334281849870507,different detection/effect pattern; not a tested cluster-by-condition interaction
cluster_tissue__C3__spleen,spleen,C3,Ccdc93,-0.45635462,0.0277520420525196,-0.36130384,0.0622136905487362,-0.20159023,0.1253624682502202,different detection/effect pattern; not a tested cluster-by-condition interaction
cluster_tissue__C3__spleen,spleen,C3,Tmem147,-0.29476327,0.0281219611527617,-0.2465698,0.033053016509136,-0.1396025,0.0636406637715822,different detection/effect pattern; not a tested cluster-by-condition interaction
cluster_tissue__C3__spleen,spleen,C3,Osbpl8,-0.3451193,0.0294028163829782,-0.17381777,0.3239934608611559,-0.14969245,0.0983157785839587,different detection/effect pattern; not a tested cluster-by-condition interaction
cluster_tissue__C3__spleen,spleen,C3,Mttp,0.901728,0.0304264776068246,0.6468004,0.0711047046343727,0.66668105,0.0003223797225072,different detection/effect pattern; not a tested cluster-by-condition interaction
cluster_tissue__C3__spleen,spleen,C3,Sh3rf1,-1.5810833,0.0306659541386548,-1.0173054,0.0974028684334267,-0.47420302,0.196018387863159,different detection/effect pattern; not a tested cluster-by-condition interaction
cluster_tissue__C3__spleen,spleen,C3,Kansl2,-0.45233673,0.0307375055694178,-0.35475048,0.0730436242945575,-0.22483183,0.0496225776298429,different detection/effect pattern; not a tested cluster-by-condition interaction
cluster_tissue__C3__spleen,spleen,C3,Slc39a6,-0.36385584,0.0307858678146483,-0.26953915,0.0944607657305564,-0.14622672,0.1977413493379077,different detection/effect pattern; not a tested cluster-by-condition interaction
cluster_tissue__C3__spleen,spleen,C3,9030025P20Rik,0.9252386,0.0308645341106218,0.6235022,0.1018841286145926,0.64126766,0.0111513827553657,different detection/effect pattern; not a tested cluster-by-condition interaction
cluster_tissue__C3__spleen,spleen,C3,Slc41a3,0.7287539,0.0310165640376416,0.530007,0.0714687385685333,0.2192833,0.1600270345309263,different detection/effect pattern; not a tested cluster-by-condition interaction
cluster_tissue__C3__spleen,spleen,C3,Pik3ip1,-0.32363418,0.0312358349672174,-0.20322286,0.1793455663490387,-0.26025215,0.0006088588390137,different detection/effect pattern; not a tested cluster-by-condition interaction
cluster_tissue__C3__spleen,spleen,C3,Rgl2,-0.4451661,0.0319581662372888,-0.32236338,0.1091963833816634,-0.16510317,0.2182907012555161,different detection/effect pattern; not a tested cluster-by-condition interaction
cluster_tissue__C3__spleen,spleen,C3,Nae1,-0.26510352,0.0319789932944176,-0.17515013,0.1497868319505217,-0.14814536,0.0276829658535301,different detection/effect pattern; not a tested cluster-by-condition interaction
cluster_tissue__C3__spleen,spleen,C3,Nek3,-1.5871385,0.0320783849868422,-0.77095133,0.3336640979788586,-0.68935883,0.0255510335259238,different detection/effect pattern; not a tested cluster-by-condition interaction
cluster_tissue__C3__spleen,spleen,C3,Mob1b,-0.40774664,0.0325745711646869,-0.30493817,0.0764350130415046,-0.12996328,0.3184392694652189,different detection/effect pattern; not a tested cluster-by-condition interaction
cluster_tissue__C3__spleen,spleen,C3,Fbxo34,-0.4829198,0.0332722181475967,-0.33976933,0.1393986428276165,-0.23096997,0.0559396646553718,different detection/effect pattern; not a tested cluster-by-condition interaction
cluster_tissue__C3__spleen,spleen,C3,Usp49,1.7298524,0.0338592245258689,1.0347377,0.083708055322426,0.6462748,0.0446564309577798,different detection/effect pattern; not a tested cluster-by-condition interaction
cluster_tissue__C3__spleen,spleen,C3,Tpgs1,-0.31729892,0.0350593792968144,-0.17170663,0.3009311719019023,-0.14218304,0.1434738822968392,different detection/effect pattern; not a tested cluster-by-condition interaction
cluster_tissue__C3__spleen,spleen,C3,Klf2,0.38636714,0.0360284360905248,0.21634273,0.0075073146189133,0.13036546,0.0197973401462979,different detection/effect pattern; not a tested cluster-by-condition interaction
cluster_tissue__C3__spleen,spleen,C3,Rps6ka3,-0.26038533,0.0362297362678286,-0.20294663,0.0833124680438652,-0.103001535,0.2323852453296822,different detection/effect pattern; not a tested cluster-by-condition interaction
cluster_tissue__C3__spleen,spleen,C3,Ccna2,-3.619377,0.0367582885108914,-1.3823833,0.1070791827878441,-1.075893,0.0685225231677522,different detection/effect pattern; not a tested cluster-by-condition interaction
cluster_tissue__C3__spleen,spleen,C3,Adipor2,-0.259491,0.0369308289195126,-0.18291673,0.1393986428276165,-0.15137278,0.0304747490253405,different detection/effect pattern; not a tested cluster-by-condition interaction
cluster_tissue__C3__spleen,spleen,C3,Prkcsh,-0.27056342,0.0369413991754944,-0.23835438,0.0470040584019871,-0.20464608,0.0018567294844759,different detection/effect pattern; not a tested cluster-by-condition interaction
cluster_tissue__C3__spleen,spleen,C3,Pias2,-0.5891193,0.0377078301435268,-0.42659912,0.1368402165081522,-0.24899557,0.1299881397893478,different detection/effect pattern; not a tested cluster-by-condition interaction
cluster_tissue__C3__spleen,spleen,C3,Map2k7,-0.35868883,0.0379173018311233,-0.24445188,0.1996302712213783,-0.2425672,0.0104586593198793,different detection/effect pattern; not a tested cluster-by-condition interaction
cluster_tissue__C3__spleen,spleen,C3,Abhd14a,-0.93596256,0.0381712936037428,-0.30315003,0.5670043656265948,-0.4246435,0.0080681545988138,different detection/effect pattern; not a tested cluster-by-condition interaction
cluster_tissue__C3__spleen,spleen,C3,Stk38l,-1.0226537,0.038471212345435,-0.84246904,0.0563324066974642,-0.643148,0.0146010001849541,different detection/effect pattern; not a tested cluster-by-condition interaction
cluster_tissue__C3__spleen,spleen,C3,Spred2,0.46031493,0.0389025785617347,0.38330948,0.062172266810236,0.3961882,0.0001024645652026,different detection/effect pattern; not a tested cluster-by-condition interaction
cluster_tissue__C3__spleen,spleen,C3,Lig1,-0.67592335,0.0389025785617347,-0.42452583,0.1673074192222609,-0.16987291,0.4706534082376156,different detection/effect pattern; not a tested cluster-by-condition interaction
cluster_tissue__C3__spleen,spleen,C3,Gm4814,1.0325314,0.0390747481913636,0.63824856,0.1497868319505217,0.27135482,0.3417759099025367,different detection/effect pattern; not a tested cluster-by-condition interaction
cluster_tissue__C3__spleen,spleen,C3,Ncoa3,-0.26774377,0.0392025586006656,-0.21601059,0.0705731061522192,-0.2869975,1.949550866495996e-06,different detection/effect pattern; not a tested cluster-by-condition interaction
cluster_tissue__C3__spleen,spleen,C3,Cox19,-0.3121856,0.0397209257951381,-0.23323503,0.1149174205133592,-0.18429244,0.0339962195808732,different detection/effect pattern; not a tested cluster-by-condition interaction
cluster_tissue__C3__spleen,spleen,C3,Dcaf1,-0.34067172,0.0398166789703564,-0.25004643,0.1426201039993099,-0.16374859,0.0883736304224976,different detection/effect pattern; not a tested cluster-by-condition interaction
cluster_tissue__C3__spleen,spleen,C3,9130401M01Rik,-0.34970018,0.0398479930377622,-0.28431752,0.0840847605081703,-0.09479315,0.5723493679875841,different detection/effect pattern; not a tested cluster-by-condition interaction
cluster_tissue__C3__spleen,spleen,C3,Meaf6,-0.35056576,0.0402575801077387,-0.30397287,0.0663282001527103,-0.15883823,0.1774040634072118,different detection/effect pattern; not a tested cluster-by-condition interaction
cluster_tissue__C3__spleen,spleen,C3,Ftsj3,-0.3075255,0.0405652619060902,-0.19235471,0.1958130433218368,-0.1961173,0.0137632367166938,different detection/effect pattern; not a tested cluster-by-condition interaction
cluster_tissue__C3__spleen,spleen,C3,Nip7,-0.27846548,0.0406453642106842,-0.24208911,0.0515056569087436,-0.20752308,0.0020633300673007,different detection/effect pattern; not a tested cluster-by-condition interaction
cluster_tissue__C3__spleen,spleen,C3,Gclm,-0.5298136,0.040877512557713,-0.27798772,0.3727576096777945,-0.23531833,0.0954990041370842,different detection/effect pattern; not a tested cluster-by-condition interaction
cluster_tissue__C3__spleen,spleen,C3,Dusp28,0.52471375,0.0409283933541172,0.3780096,0.1278585131748183,0.13939281,0.3458150333713112,different detection/effect pattern; not a tested cluster-by-condition interaction
cluster_tissue__C3__spleen,spleen,C3,Seh1l,-0.3449643,0.0409412537546465,-0.23689637,0.1541624115860274,-0.040404215,0.946348304584474,different detection/effect pattern; not a tested cluster-by-condition interaction
cluster_tissue__C3__spleen,spleen,C3,3110009E18Rik,0.5334507,0.0415868929614225,0.42696986,0.0533884698193389,0.1393017,0.2467352920997683,different detection/effect pattern; not a tested cluster-by-condition interaction
cluster_tissue__C3__spleen,spleen,C3,Myo6,0.31510192,0.0417125033547639,0.2317728,0.150877974426822,0.12925646,0.1937559279020173,different detection/effect pattern; not a tested cluster-by-condition interaction
cluster_tissue__C3__spleen,spleen,C3,Plin3,-0.45881325,0.0430360035104139,-0.2690957,0.1875681430530606,-0.33433893,0.0040390407297328,different detection/effect pattern; not a tested cluster-by-condition interaction
cluster_tissue__C3__spleen,spleen,C3,Cfap20,-0.3652601,0.0430593920055558,-0.2995328,0.0569114328869982,-0.15588458,0.205544803660633,different detection/effect pattern; not a tested cluster-by-condition interaction
cluster_tissue__C3__spleen,spleen,C3,Parp10,-0.33852345,0.0432445455989172,-0.30134347,0.0543873620850921,-0.14397946,0.2038167565337269,different detection/effect pattern; not a tested cluster-by-condition interaction
cluster_tissue__C3__spleen,spleen,C3,Polr2i,0.28159916,0.0436494972334959,0.24417013,0.0254389148292808,0.23229477,0.0001479019152865,different detection/effect pattern; not a tested cluster-by-condition interaction
cluster_tissue__C3__spleen,spleen,C3,Crem,-0.7178242,0.0452766596655256,-0.5293518,0.0817921227943866,-0.10124408,0.4841235787745899,different detection/effect pattern; not a tested cluster-by-condition interaction
cluster_tissue__C3__spleen,spleen,C3,4930542C12Rik,1.0889744,0.0455982573438613,0.7482845,0.1461600089374188,0.7691194,0.0114796423857181,different detection/effect pattern; not a tested cluster-by-condition interaction
cluster_tissue__C3__spleen,spleen,C3,Heatr3,-0.539275,0.0458886243165615,-0.4283975,0.1066053673863413,-0.2452117,0.1002316986975363,different detection/effect pattern; not a tested cluster-by-condition interaction
cluster_tissue__C3__spleen,spleen,C3,Tdrd7,-0.8548662,0.0467396387925939,-0.67414963,0.0666573537627424,-0.41822904,0.059452930698886,different detection/effect pattern; not a tested cluster-by-condition interaction
cluster_tissue__C3__spleen,spleen,C3,Nfat5,-0.2797155,0.0468504863402815,-0.23880951,0.0635437212815688,-0.15691245,0.0769256195035689,different detection/effect pattern; not a tested cluster-by-condition interaction
cluster_tissue__C3__spleen,spleen,C3,Txnl4a,-0.2546973,0.0472426872421069,-0.17672366,0.1299578300801937,-0.16289583,0.0095080356645775,different detection/effect pattern; not a tested cluster-by-condition interaction
cluster_tissue__C3__spleen,spleen,C3,Prf1,-0.26316598,0.0472514387428654,-0.24332196,0.0424393557310616,-0.104166314,0.2073549712124409,different detection/effect pattern; not a tested cluster-by-condition interaction
cluster_tissue__C3__spleen,spleen,C3,Mterf4,-0.46101522,0.0475915117562045,-0.32543495,0.1996302712213783,-0.10773433,0.5961760582404909,different detection/effect pattern; not a tested cluster-by-condition interaction
cluster_tissue__C3__spleen,spleen,C3,Enpp4,-0.37588105,0.0475915117562045,-0.3200438,0.0743344160485816,-0.35275054,0.0002223512354303,different detection/effect pattern; not a tested cluster-by-condition interaction
cluster_tissue__C3__spleen,spleen,C3,Ppm1k,-0.3181398,0.0499293999096105,-0.25594482,0.0689889789234988,-0.15300392,0.0839623489133248,different detection/effect pattern; not a tested cluster-by-condition interaction
cluster_tissue__C4__spleen,spleen,C4,Rplp2,0.2853741,1.938838148114265e-07,0.22565542,2.957605310972837e-78,0.24843892,9.704103481703934e-181,different detection/effect pattern; not a tested cluster-by-condition interaction
cluster_tissue__C4__spleen,spleen,C4,Rpl38,0.33852443,1.1934918729795998e-06,0.24992257,4.912071438491712e-79,0.25972018,2.792940765275288e-168,different detection/effect pattern; not a tested cluster-by-condition interaction
cluster_tissue__C4__spleen,spleen,C4,Rplp1,0.27871037,5.0010364842157e-05,0.24228995,4.631426286866559e-98,0.2032562,1.3258258315053422e-147,different detection/effect pattern; not a tested cluster-by-condition interaction
cluster_tissue__C4__spleen,spleen,C4,Rpl27,0.27009732,0.0003357678422295,0.20926417,3.223084686847357e-58,0.21278806,3.9233207587582896e-123,different detection/effect pattern; not a tested cluster-by-condition interaction
cluster_tissue__C4__spleen,spleen,C4,Rps19,0.36443153,0.0004599417756147,0.22939381,7.607552359514236e-51,0.19386986,1.1693009061822032e-74,different detection/effect pattern; not a tested cluster-by-condition interaction
cluster_tissue__C4__spleen,spleen,C4,Rps12,0.27419975,0.0094914492492213,0.20567097,2.212273804685441e-50,0.17366529,6.31225304748265e-63,different detection/effect pattern; not a tested cluster-by-condition interaction
cluster_tissue__C4__spleen,spleen,C4,mt-Co2,0.26592913,0.0159191351427449,0.17066586,2.60985316056649e-35,0.15129957,6.02750761842215e-67,different detection/effect pattern; not a tested cluster-by-condition interaction
cluster_tissue__C4__spleen,spleen,C4,Pitpnm2,1.7988302,0.0285285402702591,-0.04560189,0.954872696569432,-0.02212464,0.9366910467732222,different detection/effect pattern; not a tested cluster-by-condition interaction
cluster_tissue__C4__spleen,spleen,C4,Eloa,-1.6087576,0.030601474686312,-0.1391635,0.3944868498164925,-0.15101852,0.0335073425851469,different detection/effect pattern; not a tested cluster-by-condition interaction
cluster_tissue__C4__spleen,spleen,C4,Tax1bp1,-0.6173483,0.030601474686312,-0.11594191,0.0577254899375548,-0.1343632,1.5119521720132029e-05,different detection/effect pattern; not a tested cluster-by-condition interaction
cluster_tissue__C4__spleen,spleen,C4,Myl6,0.32119036,0.0413305731824189,0.20194493,4.7143226405802913e-23,0.122662425,2.9438980130362466e-17,different detection/effect pattern; not a tested cluster-by-condition interaction
cluster_tissue__C4__spleen,spleen,C4,Dnajc15,-0.50175816,0.0413305731824189,-0.2306715,2.597835179151341e-05,-0.19996075,3.305872904338919e-09,different detection/effect pattern; not a tested cluster-by-condition interaction
cluster_tissue__C4__spleen,spleen,C4,Gm11110,26.21721,0.0432665730114464,0.21182238,0.5142757685043163,0.1989007,0.230398510177294,different detection/effect pattern; not a tested cluster-by-condition interaction
cluster_tissue__C4__spleen,spleen,C4,Brf2,-3.3434017,0.0466916122815162,-0.17037328,0.6722674751510396,-0.03038263,0.8820897615938902,different detection/effect pattern; not a tested cluster-by-condition interaction
cluster_tissue__C5-1__spleen,spleen,C5-1,Rpl5,-0.28578117,7.530801165923259e-11,-0.1943594,1.2501617179814613e-43,-0.2116643,8.985892557002097e-117,different detection/effect pattern; not a tested cluster-by-condition interaction
cluster_tissue__C5-1__spleen,spleen,C5-1,Rpl38,0.2718172,2.8160598915317485e-08,0.24992257,4.912071438491712e-79,0.25972018,2.792940765275288e-168,different detection/effect pattern; not a tested cluster-by-condition interaction
cluster_tissue__C5-1__spleen,spleen,C5-1,Rps6,-0.2558746,1.7939306262077804e-07,-0.18738672,1.9507630434405937e-36,-0.18097721,2.2408414328478397e-77,different detection/effect pattern; not a tested cluster-by-condition interaction
cluster_tissue__C5-1__spleen,spleen,C5-1,mt-Co3,0.25852782,9.097313529653448e-07,0.22070746,2.1083915974179497e-49,0.20629409,1.5475618183768823e-99,different detection/effect pattern; not a tested cluster-by-condition interaction
cluster_tissue__C5-1__spleen,spleen,C5-1,Grcc10,0.39719725,0.0042857395813672,0.23740903,3.6951388975264733e-09,0.24402398,9.358336124451396e-23,different detection/effect pattern; not a tested cluster-by-condition interaction
cluster_tissue__C5-1__spleen,spleen,C5-1,Il7r,0.5143346,0.004692917300638,0.07394703,0.3270508287352123,0.09512669,0.0523913925422239,different detection/effect pattern; not a tested cluster-by-condition interaction
cluster_tissue__C5-1__spleen,spleen,C5-1,Vps13c,-1.4755687,0.0075570066606949,-0.16706865,0.4427564399360637,-0.10303844,0.4500643560666749,different detection/effect pattern; not a tested cluster-by-condition interaction
cluster_tissue__C5-1__spleen,spleen,C5-1,Smg8,-2.5322244,0.0092407716489705,-0.3978231,0.1887251520353783,-0.10111689,0.7296541087160594,different detection/effect pattern; not a tested cluster-by-condition interaction
cluster_tissue__C5-1__spleen,spleen,C5-1,Zfp873,-1.8762468,0.0201792162023047,-0.40428466,0.1797048360653344,-0.14034636,0.6254224995342345,different detection/effect pattern; not a tested cluster-by-condition interaction
cluster_tissue__C5-1__spleen,spleen,C5-1,Aen,-1.1293546,0.021657163666391,0.004150118,0.9752846369191264,-0.14855586,0.1544900340059923,different detection/effect pattern; not a tested cluster-by-condition interaction
cluster_tissue__C5-1__spleen,spleen,C5-1,Pms1,-2.44458,0.0278663616010687,-0.12970631,0.7845886530851517,-0.093759365,0.5950302124697155,different detection/effect pattern; not a tested cluster-by-condition interaction
cluster_tissue__C5-1__spleen,spleen,C5-1,Bop1,-1.2351687,0.0285201128649885,-0.17926568,0.2729677016834307,-0.086661145,0.5281433334763878,different detection/effect pattern; not a tested cluster-by-condition interaction
cluster_tissue__C5-1__spleen,spleen,C5-1,Map4k3,-3.4028041,0.0311657114847012,-0.5246381,0.2137239640985352,-0.4735378,0.037602215232874,different detection/effect pattern; not a tested cluster-by-condition interaction
cluster_tissue__C5-1__spleen,spleen,C5-1,Xcl1,-1.4612092,0.0311657114847012,0.16462252,0.0044474096533933,0.12593111,0.0003569895258011,different detection/effect pattern; not a tested cluster-by-condition interaction
cluster_tissue__C5-1__spleen,spleen,C5-1,Eef1g,-0.3158067,0.0421064820231551,-0.12115182,0.0025081314058013,-0.12158738,4.611346696428241e-08,different detection/effect pattern; not a tested cluster-by-condition interaction
cluster_tissue__C5-1__spleen,spleen,C5-1,Ctdp1,3.226237,0.0445849348895503,-0.26002926,0.4101212564614729,-0.22601041,0.1508310935550081,different detection/effect pattern; not a tested cluster-by-condition interaction
cluster_tissue__C5-1__spleen,spleen,C5-1,Ywhah,-0.55615294,0.0452887374373547,-0.12937494,0.1255755176524805,-0.15716368,0.0001485649940723,different detection/effect pattern; not a tested cluster-by-condition interaction
cluster_tissue__C6__thymus,thymus,C6,Nme2,-0.26104307,5.908493784569142e-05,-0.16916172,0.0108413900863453,-0.120282724,2.8495446754018027e-05,different detection/effect pattern; not a tested cluster-by-condition interaction
cluster_tissue__C6__thymus,thymus,C6,Klrb1c,0.31758544,0.0001779666828527,0.23409548,0.0170276922382749,0.26863334,3.0839827415799124e-12,different detection/effect pattern; not a tested cluster-by-condition interaction
cluster_tissue__C6__thymus,thymus,C6,Sptssa,-0.31730697,0.0002974659709438,-0.1565743,0.1596872683268397,-0.064971015,0.0173352079266371,different detection/effect pattern; not a tested cluster-by-condition interaction
cluster_tissue__C6__thymus,thymus,C6,Mcl1,-0.269298,0.0034999724950199,-0.23138002,0.0142213402925551,-0.2607222,1.4712818559902454e-18,different detection/effect pattern; not a tested cluster-by-condition interaction
cluster_tissue__C6__thymus,thymus,C6,Srsf5,0.25121608,0.0038743737524033,0.23144417,0.0049278229746507,0.4187675,1.6178652064208234e-52,different detection/effect pattern; not a tested cluster-by-condition interaction
cluster_tissue__C6__thymus,thymus,C6,Mycbp2,-0.27830282,0.004740603379279,-0.17654577,0.1554669429109421,-0.17456739,1.4386347949954331e-08,different detection/effect pattern; not a tested cluster-by-condition interaction
cluster_tissue__C6__thymus,thymus,C6,Zfand6,-0.39550173,0.0064421035402732,-0.2799374,0.0785036476138186,-0.1242522,0.0135982657145714,different detection/effect pattern; not a tested cluster-by-condition interaction
cluster_tissue__C6__thymus,thymus,C6,Fcho2,-0.4715871,0.0160499151860119,-0.3605554,0.0672942349201235,-0.4105009,1.5560944009546968e-11,different detection/effect pattern; not a tested cluster-by-condition interaction
cluster_tissue__C6__thymus,thymus,C6,Nptn,-0.42331427,0.0160499151860119,-0.31664103,0.0744281436154162,-0.24699885,1.458178141488852e-07,different detection/effect pattern; not a tested cluster-by-condition interaction
cluster_tissue__C6__thymus,thymus,C6,Gimap9,-0.29350087,0.0168774510129219,-0.24038489,0.0786946655994417,-0.12707637,0.0001228825942632,different detection/effect pattern; not a tested cluster-by-condition interaction
cluster_tissue__C6__thymus,thymus,C6,Ubtf,-0.3168446,0.0174353950321302,-0.2549819,0.0737816650270357,-0.24880725,7.017805525666046e-09,different detection/effect pattern; not a tested cluster-by-condition interaction
cluster_tissue__C6__thymus,thymus,C6,P2rx7,-2.9381738,0.0185817739697337,0.5685079,0.7456189030317081,0.11842117,0.0296576644832913,different detection/effect pattern; not a tested cluster-by-condition interaction
cluster_tissue__C6__thymus,thymus,C6,Fubp1,-0.26221973,0.0191850716468485,-0.23029122,0.0529277586495247,-0.2398341,5.01917982581799e-14,different detection/effect pattern; not a tested cluster-by-condition interaction
cluster_tissue__C6__thymus,thymus,C6,Itgb7,-0.27847302,0.0207914611348404,-0.24597666,0.0739965025364701,0.031041846,0.5297356317260304,different detection/effect pattern; not a tested cluster-by-condition interaction
cluster_tissue__C6__thymus,thymus,C6,Hspa14,-0.43244246,0.0209066466287634,-0.33918893,0.0753030248506623,-0.15983301,0.0166992796384514,different detection/effect pattern; not a tested cluster-by-condition interaction
cluster_tissue__C6__thymus,thymus,C6,Abhd17a,-0.3130446,0.0211217788737388,-0.22545174,0.139792245822493,-0.104421265,0.0346688889048855,different detection/effect pattern; not a tested cluster-by-condition interaction
cluster_tissue__C6__thymus,thymus,C6,Plcxd2,0.49155605,0.0240616934345626,0.37622777,0.0692540793632995,0.24670352,0.0013462969562736,different detection/effect pattern; not a tested cluster-by-condition interaction
cluster_tissue__C6__thymus,thymus,C6,Erg28,-0.4568738,0.0256131573961415,-0.36436716,0.0753030248506623,-0.08033525,0.2584349754678133,different detection/effect pattern; not a tested cluster-by-condition interaction
cluster_tissue__C6__thymus,thymus,C6,Nop14,-0.4456584,0.027197193430999,-0.35251203,0.0978953598405664,-0.35204244,8.076986587770033e-08,different detection/effect pattern; not a tested cluster-by-condition interaction
cluster_tissue__C6__thymus,thymus,C6,Polr2e,-0.26435667,0.027536160517026,-0.19180219,0.1630211355314937,-0.17957745,3.3665448015309885e-06,different detection/effect pattern; not a tested cluster-by-condition interaction
cluster_tissue__C6__thymus,thymus,C6,Mttp,1.3162392,0.0280223316844971,0.9368703,0.0852008071181321,0.66668105,0.0003223797225072,different detection/effect pattern; not a tested cluster-by-condition interaction
cluster_tissue__C6__thymus,thymus,C6,Grb2,-0.28332683,0.029576842168824,-0.24105704,0.0753030248506623,-0.2565885,3.5360866852561285e-13,different detection/effect pattern; not a tested cluster-by-condition interaction
cluster_tissue__C6__thymus,thymus,C6,Cbarp,1.2299216,0.0300536398092776,1.0702174,0.0684690681428086,0.30413374,0.1763518646538293,different detection/effect pattern; not a tested cluster-by-condition interaction
cluster_tissue__C6__thymus,thymus,C6,Zbtb11,-0.49703363,0.0311377001285877,-0.31325668,0.2255871457553504,-0.3065625,0.0001075019860491,different detection/effect pattern; not a tested cluster-by-condition interaction
cluster_tissue__C6__thymus,thymus,C6,Drap1,-0.2516675,0.0312834605597966,-0.2274157,0.0614224129937568,-0.14588177,1.673047214049677e-06,different detection/effect pattern; not a tested cluster-by-condition interaction
cluster_tissue__C6__thymus,thymus,C6,Glmn,-0.60240674,0.0328488086005495,-0.49657777,0.0764177622158281,-0.25411054,0.0064323994560068,different detection/effect pattern; not a tested cluster-by-condition interaction
cluster_tissue__C6__thymus,thymus,C6,Selenoi,-0.65150553,0.0356469871789669,-0.47163785,0.0876245687118577,-0.14622688,0.2637747170136489,different detection/effect pattern; not a tested cluster-by-condition interaction
cluster_tissue__C6__thymus,thymus,C6,Arpc4,-0.26637697,0.0363691028190771,-0.23751368,0.0864017167878347,-0.15385242,1.679230703225561e-05,different detection/effect pattern; not a tested cluster-by-condition interaction
cluster_tissue__C6__thymus,thymus,C6,Tmem33,-0.4955294,0.0373196586965385,-0.42896095,0.0568794331544247,-0.3165231,7.448206950758034e-06,different detection/effect pattern; not a tested cluster-by-condition interaction
cluster_tissue__C6__thymus,thymus,C6,Riox2,-0.56889117,0.0378741380108617,-0.40984336,0.141828951412008,-0.38259935,1.153114108926276e-05,different detection/effect pattern; not a tested cluster-by-condition interaction
cluster_tissue__C6__thymus,thymus,C6,Dhodh,-0.7543646,0.0378741380108617,-0.63251585,0.0855838723537874,-0.32621947,0.0102203399982672,different detection/effect pattern; not a tested cluster-by-condition interaction
cluster_tissue__C6__thymus,thymus,C6,Map3k10,-0.9630816,0.0393009774307422,-0.81182283,0.0814022923344052,-0.37208825,0.0099168385110078,different detection/effect pattern; not a tested cluster-by-condition interaction
cluster_tissue__C6__thymus,thymus,C6,Eml3,-0.7348894,0.0423872668773341,-0.6293179,0.0694784236297724,-0.097190805,0.5686946616637456,different detection/effect pattern; not a tested cluster-by-condition interaction
cluster_tissue__C6__thymus,thymus,C6,Mob3a,-0.41525668,0.0433648624378058,-0.33635348,0.1390727240320096,-0.29362574,1.6733343330534274e-08,different detection/effect pattern; not a tested cluster-by-condition interaction
cluster_tissue__C6__thymus,thymus,C6,Yipf4,-0.37200066,0.0448208208012885,-0.29729855,0.1171047801158331,-0.22317214,3.324738216307328e-05,different detection/effect pattern; not a tested cluster-by-condition interaction
cluster_tissue__C6__thymus,thymus,C6,Tfdp2,-0.5121245,0.0455977214638576,-0.330637,0.1864097576570479,-0.28782663,0.0020712351442808,different detection/effect pattern; not a tested cluster-by-condition interaction
cluster_tissue__C6__thymus,thymus,C6,Plin3,-0.76652545,0.0465671093723947,-0.5132473,0.1644029949723638,-0.33433893,0.0040390407297328,different detection/effect pattern; not a tested cluster-by-condition interaction
cluster_tissue__C6__thymus,thymus,C6,Trmt6,0.462893,0.0473954018729548,0.44136888,0.0503910365865981,0.2269778,0.0025866159114332,different detection/effect pattern; not a tested cluster-by-condition interaction
cluster_tissue__C6__thymus,thymus,C6,Atp6v0b,-0.28227824,0.0474322395871538,-0.22025642,0.2108286491491127,-0.16224231,0.0001424860132998,different detection/effect pattern; not a tested cluster-by-condition interaction
cluster_tissue__C6__thymus,thymus,C6,Urm1,-0.5195593,0.0483124395477848,-0.35959616,0.2074434495101361,-0.22886817,0.0181737517530103,different detection/effect pattern; not a tested cluster-by-condition interaction
cluster_tissue__C6__thymus,thymus,C6,Synj2bp,-0.357573,0.0483124395477848,-0.27077618,0.1297441215295541,-0.1727822,0.0010784621475868,different detection/effect pattern; not a tested cluster-by-condition interaction
cluster_tissue__C6__thymus,thymus,C6,Rbm5,-0.26957127,0.0487664592143116,-0.25264123,0.0649116063631514,-0.21012153,5.927798613792881e-09,different detection/effect pattern; not a tested cluster-by-condition interaction
cluster_tissue__C6__thymus,thymus,C6,Gdi1,-0.51154846,0.049355457833189,-0.49186644,0.060285754278351,-0.21640283,0.0138729980239236,different detection/effect pattern; not a tested cluster-by-condition interaction
