unit_id,scope,cluster,tissue,n_tumor,n_control,strict_min20,status,n_up_fdr05_fc025,n_down_fdr05_fc025
local__bone_marrow_L0,local_recluster,bone_marrow_L0,bone_marrow,1148,1238,True,computed,178,111
local__bone_marrow_L1,local_recluster,bone_marrow_L1,bone_marrow,962,1383,True,computed,171,110
local__bone_marrow_L2,local_recluster,bone_marrow_L2,bone_marrow,360,399,True,computed,116,42
local__bone_marrow_L3,local_recluster,bone_marrow_L3,bone_marrow,71,166,True,computed,3,1
local__bone_marrow_L4,local_recluster,bone_marrow_L4,bone_marrow,100,108,True,computed,18,3
local__bone_marrow_L5,local_recluster,bone_marrow_L5,bone_marrow,52,62,True,computed,1,2
local__bone_marrow_L6,local_recluster,bone_marrow_L6,bone_marrow,38,23,True,computed,0,0
local__spleen_L0,local_recluster,spleen_L0,spleen,1094,1026,True,computed,153,121
local__spleen_L1,local_recluster,spleen_L1,spleen,1538,1826,True,computed,212,300
local__spleen_L2,local_recluster,spleen_L2,spleen,378,259,True,computed,46,32
local__spleen_L3,local_recluster,spleen_L3,spleen,65,52,True,computed,4,1
local__spleen_L4,local_recluster,spleen_L4,spleen,252,238,True,computed,43,19
local__spleen_L5,local_recluster,spleen_L5,spleen,44,21,True,computed,0,0
local__thymus_L0,local_recluster,thymus_L0,thymus,207,399,True,computed,36,14
local__thymus_L1,local_recluster,thymus_L1,thymus,460,499,True,computed,51,26
local__thymus_L2,local_recluster,thymus_L2,thymus,477,391,True,computed,62,20
local__thymus_L3,local_recluster,thymus_L3,thymus,30,26,True,computed,0,0
local__thymus_L4,local_recluster,thymus_L4,thymus,38,11,False,computed,0,0
local__thymus_L5,local_recluster,thymus_L5,thymus,45,46,True,computed,0,0
