signature,source_gene,measured_mouse_gene,retained_cells_detected,retained_total_UMI,in_primary_filtered_genes,status
NK_resting,KLRC1,,0,,False,ambiguous_or_unmapped
NK_resting,NCAM1,Ncam1,0,0.0,False,too_sparse_or_zero
NK_resting,GZMK,Gzmk,17,19.0,False,used
NK_resting,GZMA,Gzma,938,7359.0,True,used
NK_resting,KLRB1,Klrb1c,8342,17407.0,True,used
NK_adaptive,KLRC2,,0,,False,ambiguous_or_unmapped
NK_adaptive,GZMH,,0,,False,ambiguous_or_unmapped
NK_adaptive,LAG3,Lag3,33,43.0,False,used
NK_adaptive,HLA-DRA,,0,,False,ambiguous_or_unmapped
NK_activated,TNFRSF18,Tnfrsf18,9289,15548.0,True,used
NK_activated,TNFRSF9,Tnfrsf9,1240,1496.0,True,used
NK_activated,TNFRSF4,Tnfrsf4,205,288.0,True,used
NK_activated,CRTAM,Crtam,52,65.0,False,used
NK_activated,ENTPD1,Entpd1,1625,1825.0,True,used
NK_activated,HAVCR2,Havcr2,1,2.0,False,too_sparse_or_zero
NK_activated,TIGIT,Tigit,2,2.0,False,too_sparse_or_zero
NK_activated,TNFSF10,Tnfsf10,3304,3887.0,True,used
NK_activated,BCL2L11,Bcl2l11,2266,2788.0,True,used
NK_type_I_IFN,ISG15,Isg15,4005,9226.0,True,used
NK_type_I_IFN,OAS3,Oas3,1427,1718.0,True,used
NK_type_I_IFN,MX1,,0,,False,ambiguous_or_unmapped
NK_type_I_IFN,IRF7,Irf7,3350,4518.0,True,used
NK_type_I_IFN,MX2,,0,,False,ambiguous_or_unmapped
NK_type_I_IFN,IRF9,Irf9,3589,4519.0,True,used
NK_type_I_IFN,OAS1,Oas1g,0,0.0,False,too_sparse_or_zero
NK_type_I_IFN,EIF2AK2,Eif2ak2,1988,2484.0,True,used
NK_type_I_IFN,OAS2,Oas2,199,213.0,True,used
NK_type_I_IFN,LAG3,Lag3,33,43.0,False,used
NK_cytokine,CCL3,,0,,False,ambiguous_or_unmapped
NK_cytokine,CCL4,,0,,False,ambiguous_or_unmapped
NK_cytokine,TNF,Tnf,1340,1681.0,True,used
NK_cytokine,IFNG,Ifng,3355,6791.0,True,used
NK_cytokine,CD69,Cd69,4108,7922.0,True,used
NK_early_activated,GZMB,Gzmb,2748,8912.0,True,used
NK_early_activated,XCL1,,0,,False,ambiguous_or_unmapped
NK_early_activated,XCL2,,0,,False,ambiguous_or_unmapped
NK_early_activated,TNFRSF9,Tnfrsf9,1240,1496.0,True,used
NK_early_activated,CRTAM,Crtam,52,65.0,False,used
iNKT1,Il2rb,Il2rb,12984,39554.0,True,used
iNKT1,Tbx21,Tbx21,5685,7744.0,True,used
iNKT1,Ifng,Ifng,3355,6791.0,True,used
iNKT2,Zbtb16,Zbtb16,3606,4766.0,True,used
iNKT2,Gata3,Gata3,6696,9657.0,True,used
iNKT2,Cd4,Cd4,2527,3052.0,True,used
iNKT2,Il4,Il4,2733,3520.0,True,used
iNKT2,Il17rb,Il17rb,1008,1249.0,True,used
iNKT17,Rorc,Rorc,194,259.0,True,used
iNKT17,Ccr6,Ccr6,60,111.0,False,used
iNKT17,Zbtb16,Zbtb16,3606,4766.0,True,used
iNKT17,Il23r,Il23r,85,113.0,True,used
iNKT_precursor,Cd24a,Cd24a,62,100.0,False,used
iNKT_precursor,Egr2,Egr2,113,185.0,True,used
iNKT_precursor,Hivep3,Hivep3,1494,1724.0,True,used
Cycling,Mki67,Mki67,181,264.0,True,used
Cycling,Top2a,Top2a,331,413.0,True,used
Cycling,Cks1b,Cks1b,672,755.0,True,used
NK_maturation,Itgam,Itgam,15,15.0,False,used
NK_maturation,S1pr5,S1pr5,74,94.0,False,used
NK_maturation,Gzma,Gzma,938,7359.0,True,used
NK_maturation,Zeb2,Zeb2,148,200.0,True,used
NK_maturation,Klf2,Klf2,4792,18609.0,True,used
NK_immaturity,Cd27,Cd27,9346,15910.0,True,used
NK_immaturity,Kit,Kit,2,3.0,False,too_sparse_or_zero
NK_immaturity,Il7r,Il7r,10602,52815.0,True,used
TNF_SOCS_hypothesis,Tnf,Tnf,1340,1681.0,True,used
TNF_SOCS_hypothesis,Tnfrsf1b,Tnfrsf1b,1961,2141.0,True,used
TNF_SOCS_hypothesis,Cish,Cish,2699,3389.0,True,used
TNF_SOCS_hypothesis,Socs1,Socs1,5616,8332.0,True,used
TNF_SOCS_hypothesis,Socs2,Socs2,4724,7625.0,True,used
TNF_SOCS_hypothesis,Il2ra,Il2ra,2161,2680.0,True,used
TNF_SOCS_hypothesis,Il2rb,Il2rb,12984,39554.0,True,used
TNF_SOCS_hypothesis,Il7r,Il7r,10602,52815.0,True,used
Cytotoxic_effector,Prf1,Prf1,2715,3337.0,True,used
Cytotoxic_effector,Gzmb,Gzmb,2748,8912.0,True,used
Cytotoxic_effector,Gzma,Gzma,938,7359.0,True,used
Cytotoxic_effector,Nkg7,Nkg7,14132,97011.0,True,used
Heat_shock,Hspa8,Hspa8,15061,88755.0,True,used
Heat_shock,Hspa1a,Hspa1a,2661,14961.0,True,used
Heat_shock,Hspa1b,Hspa1b,3432,13619.0,True,used
Heat_shock,Hsp90aa1,Hsp90aa1,10901,24561.0,True,used
Heat_shock,Hsp90ab1,Hsp90ab1,15116,107506.0,True,used
Heat_shock,Dnaja1,Dnaja1,12974,37605.0,True,used
Heat_shock,Hsph1,Hsph1,2738,3642.0,True,used
