tissue,cluster,marker,n_Ctrl,Ctrl_x,Ctrl_y,n_T2,T2_x,T2_y,median_displacement
all,C0,all_cells,2630,-1.8575968742370605,9.876411437988281,2198,-1.923771858215332,9.514322280883789,0.3680865168571472
all,C0,Il4,369,-1.7050803899765015,10.112065315246582,306,-1.6704707145690918,9.835966110229492,0.2782599627971649
all,C0,Klrd1,1115,-2.2580039501190186,9.350988388061523,974,-2.2940146923065186,9.059829711914062,0.293377161026001
all,C1,all_cells,84,-5.12789249420166,7.812824249267578,78,-5.180098533630371,7.850490093231201,0.06437535583972931
all,C1,Il4,9,-4.820277214050293,8.448907852172852,14,-5.01932954788208,8.29700756072998,0.25039076805114746
all,C1,Klrd1,29,-5.059497356414795,7.718441963195801,31,-5.2042460441589355,7.754037857055664,0.14906123280525208
all,C2,all_cells,187,0.7066338062286377,7.464473724365234,191,1.6534686088562012,8.045268058776855,1.1107736825942993
all,C2,Il4,10,1.3704787492752075,7.953164577484131,18,1.9650923013687134,8.510845184326172,0.8152134418487549
all,C2,Klrd1,36,0.4486877918243408,7.180141448974609,54,1.5239384174346924,7.131374359130859,1.0763559341430664
all,C3,all_cells,2998,0.8122574090957642,13.058369636535645,2679,1.084446907043457,12.931158065795898,0.30044952034950256
all,C3,Il4,701,0.9123188853263855,13.030048370361328,708,1.181288242340088,12.937505722045898,0.2844444811344147
all,C3,Klrd1,951,0.6791054010391235,12.994536399841309,919,0.8417408466339111,13.044273376464844,0.17007073760032654
all,C4,all_cells,454,-1.965611457824707,5.262092590332031,433,-2.056380033493042,5.2289862632751465,0.09661760926246643
all,C4,Il4,9,-1.8832226991653442,5.392927646636963,5,-1.6299664974212646,5.175299644470215,0.33391714096069336
all,C4,Klrd1,386,-1.9843790531158447,5.219952583312988,375,-2.0640149116516113,5.200932502746582,0.08187571913003922
all,C5-1,all_cells,372,2.611175060272217,7.1187286376953125,440,2.9159750938415527,7.183707237243652,0.31164929270744324
all,C5-1,Il4,87,3.0887598991394043,7.461601734161377,93,3.1894590854644775,7.447007656097412,0.10175123065710068
all,C5-1,Klrd1,48,2.076798439025879,5.5753583908081055,55,2.2049944400787354,6.707639217376709,1.1395148038864136
all,C5-2,all_cells,143,5.330697536468506,7.9274983406066895,174,5.316776752471924,7.799782752990723,0.12847201526165009
all,C5-2,Il4,23,5.21408748626709,7.864858627319336,14,5.27717924118042,7.738681793212891,0.14107148349285126
all,C5-2,Klrd1,11,5.445700168609619,7.9915852546691895,9,5.2570061683654785,8.288810729980469,0.3520630896091461
all,C6,all_cells,1257,-1.1494860649108887,1.905786395072937,1122,-0.8395326137542725,1.4989129304885864,0.51148521900177
all,C6,Il4,190,-0.31022781133651733,1.1572601795196533,174,-0.1440521478652954,1.0022201538085938,0.2272702306509018
all,C6,Klrd1,1089,-1.1960324048995972,1.969269871711731,966,-0.9281984567642212,1.56087064743042,0.48839014768600464
all,C7,all_cells,48,8.543901443481445,2.7755751609802246,44,8.633051872253418,2.7202987670898438,0.10489650815725327
all,C7,Il4,2,8.536746978759766,2.793642282485962,1,8.648287773132324,2.7199180126190186,0.13370347023010254
all,C7,Klrd1,3,8.585437774658203,2.7550816535949707,2,8.686737060546875,2.7875137329101562,0.10636439174413681
bone_marrow,C0,all_cells,2533,-1.8997989892959595,9.859918594360352,2090,-1.9891605377197266,9.495100021362305,0.3756036162376404
bone_marrow,C0,Il4,354,-1.7294211387634277,10.076976776123047,286,-1.7318893671035767,9.82817268371582,0.2488163262605667
bone_marrow,C0,Klrd1,1070,-2.2897589206695557,9.329156875610352,929,-2.360898494720459,9.037089347839355,0.30060651898384094
bone_marrow,C1,all_cells,46,-5.043224334716797,7.784979820251465,32,-5.124414920806885,7.480905532836914,0.31472697854042053
bone_marrow,C1,Il4,4,-4.648740291595459,8.560060501098633,3,-5.016982555389404,7.941612720489502,0.7197777628898621
bone_marrow,C1,Klrd1,18,-5.029535293579102,7.727385520935059,14,-5.194375991821289,7.213886260986328,0.5393087863922119
bone_marrow,C2,all_cells,78,0.9138637781143188,7.986721515655518,67,1.6873012781143188,8.174206733703613,0.795836865901947
bone_marrow,C2,Il4,4,1.7506895065307617,9.13331127166748,4,1.388002872467041,8.31950569152832,0.8909664154052734
bone_marrow,C2,Klrd1,12,1.3544182777404785,8.421224594116211,16,1.6109225749969482,8.103017807006836,0.4087175130844116
bone_marrow,C3,all_cells,236,0.20230546593666077,11.771575927734375,115,0.43149134516716003,11.309998512268066,0.5153444409370422
bone_marrow,C3,Il4,29,-0.08931688964366913,11.454376220703125,25,0.12336914241313934,11.13497257232666,0.3837369382381439
bone_marrow,C3,Klrd1,63,-0.023928191512823105,11.819899559020996,42,0.3311566710472107,11.436159133911133,0.5228211879730225
bone_marrow,C4,all_cells,244,-1.7307240962982178,5.277654647827148,223,-2.0203654766082764,5.272284984588623,0.28969115018844604
bone_marrow,C4,Il4,4,-1.4004569053649902,5.261886119842529,4,-1.6794602870941162,4.984401702880859,0.3934977650642395
bone_marrow,C4,Klrd1,208,-1.774658441543579,5.264923095703125,195,-2.008364677429199,5.230196952819824,0.23627211153507233
bone_marrow,C5-1,all_cells,124,2.0384106636047363,6.813814163208008,85,2.086733341217041,7.44574499130249,0.6337757110595703
bone_marrow,C5-1,Il4,13,2.5532498359680176,7.009253025054932,12,2.601877212524414,8.034860610961914,1.0267597436904907
bone_marrow,C5-1,Klrd1,24,2.076798439025879,5.3128509521484375,15,1.8284437656402588,6.763439655303955,1.4716955423355103
bone_marrow,C5-2,all_cells,104,5.425439357757568,7.983487129211426,96,5.378380298614502,7.91465425491333,0.0833817720413208
bone_marrow,C5-2,Il4,13,5.401406288146973,7.980887413024902,6,5.326694488525391,8.031933784484863,0.09048527479171753
bone_marrow,C5-2,Klrd1,8,5.480379581451416,7.941585540771484,4,5.179177761077881,8.10696792602539,0.343618780374527
bone_marrow,C6,all_cells,14,-1.9600722789764404,4.109795570373535,23,-1.4036059379577637,3.4633448123931885,0.852967381477356
bone_marrow,C6,Il4,0,,,0,,,
bone_marrow,C6,Klrd1,11,-1.9014170169830322,4.2930121421813965,18,-1.4401814937591553,3.4211721420288086,0.9863281846046448
bone_marrow,C7,all_cells,0,,,0,,,
bone_marrow,C7,Il4,0,,,0,,,
bone_marrow,C7,Klrd1,0,,,0,,,
spleen,C0,all_cells,97,-0.8419938087463379,10.410700798034668,88,-0.9552160501480103,10.628238677978516,0.24523866176605225
spleen,C0,Il4,15,-0.8909857273101807,10.464859008789062,16,-0.9142180681228638,10.290637016296387,0.17576417326927185
spleen,C0,Klrd1,45,-1.1847082376480103,10.016793251037598,40,-1.4603288173675537,10.381280899047852,0.45696601271629333
spleen,C1,all_cells,36,-5.301380634307861,7.995572090148926,45,-5.18041467666626,8.16498851776123,0.2081698626279831
spleen,C1,Il4,5,-5.210899353027344,7.791019916534424,11,-5.021676540374756,8.457208633422852,0.6925407648086548
spleen,C1,Klrd1,10,-5.393754959106445,7.533153533935547,17,-5.207103252410889,8.032865524291992,0.5334331393241882
spleen,C2,all_cells,45,1.1436594724655151,8.458985328674316,74,1.9894230365753174,8.376758575439453,0.8497512936592102
spleen,C2,Il4,1,1.9824193716049194,8.42599868774414,13,1.9883102178573608,8.622821807861328,0.1969112604856491
spleen,C2,Klrd1,5,2.146627902984619,8.947612762451172,17,1.9938470125198364,8.396012306213379,0.5723679661750793
spleen,C3,all_cells,2762,0.8664035797119141,13.1525239944458,2557,1.131163239479065,12.981066703796387,0.3154287338256836
spleen,C3,Il4,672,0.9333197474479675,13.100665092468262,681,1.2129673957824707,12.996933937072754,0.29826658964157104
spleen,C3,Klrd1,888,0.705578625202179,13.103296279907227,874,0.876821756362915,13.124753952026367,0.17258226871490479
spleen,C4,all_cells,196,-2.1840784549713135,5.284426689147949,208,-2.0777852535247803,5.200963020324707,0.13514594733715057
spleen,C4,Il4,4,-2.7570433616638184,5.448249816894531,1,0.08651047945022583,6.8249969482421875,3.159308671951294
spleen,C4,Klrd1,166,-2.3321917057037354,5.195381164550781,178,-2.110520362854004,5.181191444396973,0.22212503850460052
spleen,C5-1,all_cells,239,2.9564290046691895,7.235538005828857,345,3.0417611598968506,7.175288200378418,0.10445868223905563
spleen,C5-1,Il4,68,3.165452241897583,7.629354476928711,78,3.2211849689483643,7.424831390380859,0.21198073029518127
spleen,C5-1,Klrd1,22,2.1393260955810547,6.856548309326172,36,2.2742419242858887,6.682102203369141,0.22053055465221405
spleen,C5-2,all_cells,28,4.665220260620117,8.016756057739258,42,4.735506057739258,7.908147811889648,0.12936709821224213
spleen,C5-2,Il4,7,4.403777599334717,8.154346466064453,6,4.74384880065918,7.702877998352051,0.5652186870574951
spleen,C5-2,Klrd1,3,4.607875823974609,8.01114273071289,2,5.204813003540039,8.612456321716309,0.847296953201294
spleen,C6,all_cells,16,-1.3234997987747192,3.4749903678894043,12,-1.5311189889907837,3.7280826568603516,0.32735520601272583
spleen,C6,Il4,3,-2.425506591796875,3.3068947792053223,0,,,
spleen,C6,Klrd1,14,-1.3234997987747192,3.415579080581665,12,-1.5311189889907837,3.7280826568603516,0.3751855492591858
spleen,C7,all_cells,3,8.578460693359375,2.7977559566497803,0,,,
spleen,C7,Il4,0,,,0,,,
spleen,C7,Klrd1,0,,,0,,,
thymus,C0,all_cells,0,,,20,-0.294707715511322,10.105510711669922,
thymus,C0,Il4,0,,,4,0.07473725080490112,9.125410079956055,
thymus,C0,Klrd1,0,,,5,-0.32243895530700684,9.276689529418945,
thymus,C1,all_cells,2,-5.006858825683594,6.9860029220581055,1,-5.287450790405273,6.9806952476501465,0.28064215183258057
thymus,C1,Il4,0,,,0,,,
thymus,C1,Klrd1,1,-4.984846115112305,6.6915059089660645,0,,,
thymus,C2,all_cells,64,0.5149943828582764,6.407581329345703,50,0.6314926147460938,6.576671600341797,0.20533718168735504
thymus,C2,Il4,5,0.23741310834884644,6.459822654724121,1,1.5322660207748413,6.955056667327881,1.3863264322280884
thymus,C2,Klrd1,19,-0.010096888989210129,6.139194488525391,21,0.5515010356903076,6.5494208335876465,0.6954695582389832
thymus,C3,all_cells,0,,,7,-0.41135549545288086,11.845664024353027,
thymus,C3,Il4,0,,,2,0.23986899852752686,11.272943496704102,
thymus,C3,Klrd1,0,,,3,-0.07187053561210632,11.845664024353027,
thymus,C4,all_cells,14,-1.898878574371338,4.285633087158203,2,-2.381802558898926,4.353509902954102,0.48767080903053284
thymus,C4,Il4,1,-1.8832226991653442,4.244494438171387,0,,,
thymus,C4,Klrd1,12,-1.898878574371338,4.340864181518555,2,-2.381802558898926,4.353509902954102,0.48308953642845154
thymus,C5-1,all_cells,9,2.359715700149536,7.336505889892578,10,1.7963261604309082,3.7625327110290527,3.6181061267852783
thymus,C5-1,Il4,6,2.154320240020752,7.03865909576416,3,1.7710310220718384,1.7958873510360718,5.256763458251953
thymus,C5-1,Klrd1,2,1.6407994031906128,7.440060615539551,4,2.0522899627685547,5.565581798553467,1.9191131591796875
thymus,C5-2,all_cells,11,5.548031330108643,7.455838203430176,36,5.489045143127441,7.464235782623291,0.05958094820380211
thymus,C5-2,Il4,3,5.630070209503174,7.8575873374938965,2,5.637960910797119,7.233626365661621,0.6240108609199524
thymus,C5-2,Klrd1,0,,,3,5.521400451660156,8.152291297912598,
thymus,C6,all_cells,1227,-1.1340006589889526,1.8673709630966187,1087,-0.8136206269264221,1.456146240234375,0.5212956070899963
thymus,C6,Il4,187,-0.23523928225040436,1.1473159790039062,174,-0.1440521478652954,1.0022201538085938,0.17137062549591064
thymus,C6,Klrd1,1064,-1.1703099012374878,1.9174295663833618,936,-0.8860548138618469,1.5139801502227783,0.4935305416584015
thymus,C7,all_cells,45,8.539437294006348,2.7751171588897705,44,8.633051872253418,2.7202987670898438,0.10848385095596313
thymus,C7,Il4,2,8.536746978759766,2.793642282485962,1,8.648287773132324,2.7199180126190186,0.13370347023010254
thymus,C7,Klrd1,3,8.585437774658203,2.7550816535949707,2,8.686737060546875,2.7875137329101562,0.10636439174413681
