Name,Term,ES,NES,NOM p-val,FDR q-val,FWER p-val,Tag %,Gene %,Lead_genes,unit_id,sensitivity,library,permutation_num,display_rank,selected_top10,selection_rule
prerank,Oxidative phosphorylation,0.7779820050156014,2.866141414262727,0.0,0.0,0.0,42/101,3.99%,Atp5e;Cox6c;Cox8a;Ndufa13;Cox7c;Ndufa4;Cox6b1;Ndufa7;Ndufa2;Atp5l;Atp5j2;Cox7a2;Cox5b;Cox17;Atp5j;Ndufv3;Cox7b;Ndufb4;Ndufs6;Uqcr10;Ndufa3;Ndufa1;Uqcrh;Uqcrq;Uqcr11;Ndufb7;Ndufb3;Uqcrb;Ndufc1;Atp5k;Cox6a1;Ndufs5;Ndufa5;Ndufb2;Ndufa6;Cox10;Ndufa11;Ndufc2;Ndufb11;Atp5g1;Atp5h;Ndufa12,global,full,KEGG_Mouse_2019,5000,1,True,All q<=.05 terms ordered by q then NES; first10 displayed; no category grouping
prerank,Alzheimer disease,0.7172990250650675,2.745125706765928,0.0,0.0,0.0,40/127,4.89%,Atp5e;Cox6c;Cox8a;Ndufa13;Cox7c;Ndufa4;Cox6b1;Ndufa7;Ndufa2;Cox7a2;Cox5b;Atp5j;Ndufv3;Cox7b;Ndufb4;Ndufs6;Uqcr10;Ndufa3;Ndufa1;Uqcrh;Uqcrq;Uqcr11;Ndufb7;Ndufb3;Uqcrb;Ndufc1;Cox6a1;Ndufs5;Ndufa5;Ndufb2;Ndufa6;Ndufa11;Ndufc2;Ndufb11;Atp5g1;Atp5h;Ndufa12;Cycs;Psenen;Casp8,global,full,KEGG_Mouse_2019,5000,2,True,All q<=.05 terms ordered by q then NES; first10 displayed; no category grouping
prerank,Parkinson disease,0.7274892625996392,2.6846905351785035,0.0,0.0,0.0,39/101,4.20%,Atp5e;Cox6c;Cox8a;Ndufa13;Cox7c;Ndufa4;Cox6b1;Ndufa7;Ndufa2;Cox7a2;Cox5b;Atp5j;Ndufv3;Cox7b;Ndufb4;Ndufs6;Uqcr10;Ndufa3;Ndufa1;Uqcrh;Uqcrq;Uqcr11;Ndufb7;Ndufb3;Uqcrb;Ndufc1;Ubb;Cox6a1;Ndufs5;Ndufa5;Ndufb2;Ndufa6;Ndufa11;Ndufc2;Ndufb11;Atp5g1;Atp5h;Ndufa12;Cycs,global,full,KEGG_Mouse_2019,5000,3,True,All q<=.05 terms ordered by q then NES; first10 displayed; no category grouping
prerank,Ribosome,0.701048378677626,2.678593246208768,0.0,0.0,0.0,51/128,2.31%,Rpl37a;Rps21;Rpl41;Rps27;Rpl39;Rpl36;Rps15a;Rpl37;Rpl30;Rpl35a;Rpl34;Rplp2;Rpl38;Rplp1;Rpl35;Fau;Rpl22;Rpl27;Rpl23;Rps26;Rps28;Rpl36a;Rpl27a;Rps29;Rps23;Rps24;Rps19;Rps12;Rps20;Rpl36al;Rps13;Rps25;Rpl32;Uba52;Rps11;Rpl28;Rps18;Rps16;Rpl21;Rpl31;Rpl22l1;Rps14;Rps8;Rpl26;Rps15;Mrpl33;Rps27a;Mrps21;Rps17;Mrpl23;Mrps18c,global,full,KEGG_Mouse_2019,5000,4,True,All q<=.05 terms ordered by q then NES; first10 displayed; no category grouping
prerank,Non-alcoholic fatty liver disease (NAFLD),0.7053042666832086,2.655074314719366,0.0,0.0,0.0,37/116,4.89%,Cox6c;Jun;Cox8a;Ndufa13;Cox7c;Ndufa4;Cox6b1;Ndufa7;Ndufa2;Cox7a2;Cox5b;Ndufv3;Cox7b;Ndufb4;Ndufs6;Uqcr10;Ndufa3;Ndufa1;Uqcrh;Uqcrq;Uqcr11;Ndufb7;Ndufb3;Uqcrb;Ndufc1;Cox6a1;Ndufs5;Ndufa5;Ndufb2;Ndufa6;Ndufa11;Ndufc2;Ndufb11;Il6ra;Ndufa12;Cycs;Casp8,global,full,KEGG_Mouse_2019,5000,5,True,All q<=.05 terms ordered by q then NES; first10 displayed; no category grouping
prerank,Thermogenesis,0.6617799565224993,2.640605544921764,0.0,0.0,0.0,45/167,2.86%,Atp5e;Cox6c;Cox8a;Ndufa13;Cox7c;Ndufa4;Actb;Cox6b1;Ndufa7;Ndufa2;Atp5l;Atp5j2;Cox7a2;Cox5b;Cox17;Actg1;Atp5j;Ndufv3;Cox7b;Ndufb4;Ndufs6;Uqcr10;Ndufa3;Ndufa1;Uqcrh;Uqcrq;Uqcr11;Cox20;Ndufb7;Ndufb3;Uqcrb;Ndufc1;Atp5k;Cox14;Cox6a1;Ndufs5;Ndufa5;Ndufb2;Ndufa6;Cox10;Ndufa11;Ndufc2;Ndufb11;Atp5g1;Cox16,global,full,KEGG_Mouse_2019,5000,6,True,All q<=.05 terms ordered by q then NES; first10 displayed; no category grouping
prerank,Huntington disease,0.6372407612520251,2.4959105342328867,0.0,0.0,0.0,43/141,5.87%,Atp5e;Cox6c;Cox8a;Ndufa13;Cox7c;Ndufa4;Cox6b1;Ndufa7;Ndufa2;Cox7a2;Cox5b;Atp5j;Ndufv3;Cox7b;Ndufb4;Ndufs6;Uqcr10;Ndufa3;Ndufa1;Uqcrh;Uqcrq;Uqcr11;Ndufb7;Ndufb3;Uqcrb;Ndufc1;Cox6a1;Ndufs5;Ndufa5;Ndufb2;Ndufa6;Ndufa11;Ndufc2;Ndufb11;Atp5g1;Polr2l;Polr2i;Atp5h;Ndufa12;Cycs;Casp8;Polr2a;Ndufs4,global,full,KEGG_Mouse_2019,5000,7,True,All q<=.05 terms ordered by q then NES; first10 displayed; no category grouping
prerank,Retrograde endocannabinoid signaling,0.6954278946208954,2.433011901573552,0.0,0.0,0.0,22/74,3.99%,Ndufa13;Ndufa4;Ndufa7;Ndufa2;Ndufv3;Ndufb4;Ndufs6;Ndufa3;Ndufa1;Ndufb7;Ndufb3;Ndufc1;Gng5;Ndufs5;Ndufa5;Ndufb2;Ndufa6;Ndufa11;Ndufc2;Ndufb11;Gngt2;Ndufa12,global,full,KEGG_Mouse_2019,5000,8,True,All q<=.05 terms ordered by q then NES; first10 displayed; no category grouping
prerank,Cardiac muscle contraction,0.8138987881819734,2.394131185824546,0.0,0.0,0.0,13/32,1.68%,Cox6c;Cox8a;Cox7c;Cox6b1;Cox7a2;Cox5b;Cox7b;Uqcr10;Uqcrh;Uqcrq;Uqcr11;Uqcrb;Cox6a1,global,full,KEGG_Mouse_2019,5000,9,True,All q<=.05 terms ordered by q then NES; first10 displayed; no category grouping
prerank,Antigen processing and presentation,-0.5576505166661997,-1.8553771619547932,0.0003480682213713,0.0215889134652786,0.0842,14/54,7.93%,Hspa8;Hsp90ab1;H2-K1;B2m;H2-D1;Hspa5;H2-T23;Tap2;Rfxap;H2-Q4;Hspa4;H2-T22;H2-Q7;Hsp90aa1,global,full,KEGG_Mouse_2019,5000,10,True,All q<=.05 terms ordered by q then NES; first10 displayed; no category grouping
prerank,Cellular senescence,-0.4857533310725917,-1.8574855949339095,0.0,0.0257090198930658,0.0808,48/129,21.63%,Ccnd2;H2-K1;H2-D1;Ppp1cc;Ccnd3;H2-T23;Vdac3;Trp53;H2-Q4;Hipk1;Rheb;Slc25a4;H2-T22;Rad50;Ets1;Vdac2;Map2k3;Mapk1;H2-Q7;Lin9;Rras2;Slc25a5;H2-M3;Eif4ebp1;Calm1;Rras;Ccnb2;Chek2;Pten;Cdk2;Cdk1;Map2k6;Ppid;Mdm2;Ccna2;Mapk14;Traf3ip2;Nfatc1;Map2k2;Lin52;Foxm1;Cdk4;Pik3r1;Itpr2;Tsc1;Rb1;Ccnb1;Raf1,global,full,KEGG_Mouse_2019,5000,11,False,All q<=.05 terms ordered by q then NES; first10 displayed; no category grouping
prerank,RNA transport,-0.5035014891631717,-1.9360536107881543,0.0,0.0277635204028788,0.0234,35/142,12.19%,Eif3f;Eef1a1;Acin1;Tpr;Eif5;Pnn;Pop5;Ube2i;Ran;Eif3i;Eif3a;Eif4g2;Pabpc1;Eif3e;Sumo2;Rangap1;Upf3a;Fxr1;Paip1;Nup50;Nup35;Eif4e2;Eif3g;Strap;Eif3b;Sumo1;Eif2s1;Gemin7;Eif1b;Eif4e;Eif4a1;Eif4a2;Gemin5;Fxr2;Eif4ebp1,global,full,KEGG_Mouse_2019,5000,12,False,All q<=.05 terms ordered by q then NES; first10 displayed; no category grouping
prerank,Lysine degradation,-0.5752680752997148,-1.8584473506463624,0.0003424657534246,0.03346429659227,0.079,17/49,15.94%,Kmt2a;Nsd1;Kmt5a;Prdm2;Kmt2b;Ehmt1;Ash1l;Nsd3;Setdb1;Kmt2e;Kmt2c;Setdb2;Suv39h1;Ehmt2;Setd7;Dot1l;Aldh2,global,full,KEGG_Mouse_2019,5000,13,False,All q<=.05 terms ordered by q then NES; first10 displayed; no category grouping
prerank,Type I diabetes mellitus,-0.6662336302374826,-1.8698721872525472,0.0010263427984946,0.0422005510123759,0.0682,10/23,14.12%,H2-K1;Hspd1;H2-D1;H2-T23;H2-Q4;H2-T22;H2-Q7;Fasl;H2-M3;Il2,global,full,KEGG_Mouse_2019,5000,14,False,All q<=.05 terms ordered by q then NES; first10 displayed; no category grouping
prerank,Oxidative phosphorylation,0.7532344259328119,2.936480845034076,0.0,0.0,0.0,41/101,5.10%,Atp5e;Cox6c;Cox8a;Cox7c;Ndufa13;Cox6b1;Ndufa4;Ndufa2;Ndufa7;Atp5l;Atp5j2;Cox7a2;Cox5b;Ndufb4;Atp5j;Cox17;Ndufv3;Uqcrq;Cox7b;Ndufs6;Uqcr10;Ndufa3;Uqcr11;Uqcrh;Ndufa1;Ndufa5;Ndufs5;Ndufb7;Cox6a1;Ndufc1;Ndufb2;Uqcrb;Ndufc2;Ndufa11;Ndufb3;Atp5k;Atp5g1;Ndufa6;Cox10;Ndufb11;Atp6v0a1,tissue__bone_marrow,full,KEGG_Mouse_2019,5000,1,True,All q<=.05 terms ordered by q then NES; first10 displayed; no category grouping
prerank,Alzheimer disease,0.6686384248836545,2.6987378265988795,0.0,0.0,0.0,38/127,5.84%,Atp5e;Cox6c;Cox8a;Cox7c;Ndufa13;Cox6b1;Ndufa4;Ndufa2;Ndufa7;Cox7a2;Cox5b;Ndufb4;Atp5j;Ndufv3;Uqcrq;Cox7b;Ndufs6;Uqcr10;Ndufa3;Uqcr11;Uqcrh;Ndufa1;Ndufa5;Ndufs5;Ndufb7;Cox6a1;Ndufc1;Ndufb2;Uqcrb;Ndufc2;Ndufa11;Ndufb3;Atp5g1;Ndufa6;Cycs;Ndufb11;Psenen;Tnf,tissue__bone_marrow,full,KEGG_Mouse_2019,5000,2,True,All q<=.05 terms ordered by q then NES; first10 displayed; no category grouping
prerank,Non-alcoholic fatty liver disease (NAFLD),0.6739881540625076,2.6831028951659164,0.0,0.0,0.0,36/116,4.62%,Cox6c;Cox8a;Cox7c;Ndufa13;Cox6b1;Ndufa4;Jun;Ndufa2;Ndufa7;Cox7a2;Cox5b;Ndufb4;Ndufv3;Uqcrq;Cox7b;Ndufs6;Uqcr10;Ndufa3;Uqcr11;Uqcrh;Ndufa1;Ndufa5;Ndufs5;Ndufb7;Cox6a1;Ndufc1;Ndufb2;Uqcrb;Ndufc2;Ndufa11;Ndufb3;Pik3cd;Atf4;Ndufa6;Cycs;Ndufb11,tissue__bone_marrow,full,KEGG_Mouse_2019,5000,3,True,All q<=.05 terms ordered by q then NES; first10 displayed; no category grouping
prerank,Parkinson disease,0.6806267831359244,2.651477390905112,0.0,0.0,0.0,37/101,4.62%,Atp5e;Cox6c;Cox8a;Cox7c;Ndufa13;Cox6b1;Ndufa4;Ndufa2;Ndufa7;Cox7a2;Cox5b;Ndufb4;Atp5j;Ndufv3;Uqcrq;Cox7b;Ndufs6;Uqcr10;Ndufa3;Uqcr11;Uqcrh;Ndufa1;Ndufa5;Ndufs5;Ndufb7;Cox6a1;Ndufc1;Ndufb2;Uqcrb;Ndufc2;Ndufa11;Ndufb3;Ubb;Atp5g1;Ndufa6;Cycs;Ndufb11,tissue__bone_marrow,full,KEGG_Mouse_2019,5000,4,True,All q<=.05 terms ordered by q then NES; first10 displayed; no category grouping
prerank,Cardiac muscle contraction,0.8027337025302497,2.5033990523808303,0.0,0.0,0.0,13/32,1.97%,Cox6c;Cox8a;Cox7c;Cox6b1;Cox7a2;Cox5b;Uqcrq;Cox7b;Uqcr10;Uqcr11;Uqcrh;Cox6a1;Uqcrb,tissue__bone_marrow,full,KEGG_Mouse_2019,5000,5,True,All q<=.05 terms ordered by q then NES; first10 displayed; no category grouping
prerank,Thermogenesis,0.5965453639226992,2.499518760948398,0.0,0.0,0.0,48/167,6.66%,Atp5e;Cox6c;Cox8a;Cox7c;Ndufa13;Actb;Cox6b1;Actg1;Ndufa4;Ndufa2;Ndufa7;Atp5l;Atp5j2;Cox7a2;Cox5b;Ndufb4;Atp5j;Cox17;Ndufv3;Uqcrq;Cox7b;Ndufs6;Uqcr10;Cox20;Ndufa3;Uqcr11;Uqcrh;Ndufa1;Ndufa5;Ndufs5;Ndufb7;Cox6a1;Ndufc1;Ndufb2;Uqcrb;Ndufc2;Ndufa11;Ndufb3;Atp5k;Atp5g1;Ndufa6;Cox10;Coa7;Ndufb11;Slc25a20;Acsl1;Prkacb;Cox14,tissue__bone_marrow,full,KEGG_Mouse_2019,5000,6,True,All q<=.05 terms ordered by q then NES; first10 displayed; no category grouping
prerank,Ribosome,0.5973854253681999,2.4050644606393443,0.0,0.0,0.0,48/128,3.52%,Rpl37a;Rps21;Rps27;Rpl41;Rpl36;Rpl39;Rpl37;Rps15a;Rpl35a;Rpl30;Rpl34;Rplp2;Rpl38;Rpl35;Fau;Rpl27;Rps26;Rpl22;Rps28;Rpl36a;Rpl23;Rpl27a;Rplp1;Rps29;Rps23;Rps24;Rpl36al;Rps19;Rps12;Rps25;Rpl32;Rps20;Rps13;Uba52;Mrpl33;Rpl21;Rpl28;Rpl22l1;Rpl31;Rps8;Rps11;Rpl26;Mrps21;Rps14;Rps16;Mrps18c;Rps17;Rps18,tissue__bone_marrow,full,KEGG_Mouse_2019,5000,7,True,All q<=.05 terms ordered by q then NES; first10 displayed; no category grouping
prerank,Retrograde endocannabinoid signaling,0.6433042079415897,2.365933417008292,0.0,0.0,0.0,21/74,4.80%,Ndufa13;Ndufa4;Ndufa2;Ndufa7;Ndufb4;Ndufv3;Ndufs6;Ndufa3;Gng5;Ndufa1;Ndufa5;Ndufs5;Ndufb7;Ndufc1;Ndufb2;Ndufc2;Ndufa11;Ndufb3;Ndufa6;Ndufb11;Gngt2,tissue__bone_marrow,full,KEGG_Mouse_2019,5000,8,True,All q<=.05 terms ordered by q then NES; first10 displayed; no category grouping
prerank,Huntington disease,0.5676542236470578,2.3352042198313976,0.0,0.0,0.0,37/141,4.64%,Atp5e;Cox6c;Cox8a;Cox7c;Ndufa13;Cox6b1;Ndufa4;Ndufa2;Ndufa7;Cox7a2;Cox5b;Ndufb4;Atp5j;Ndufv3;Uqcrq;Cox7b;Ndufs6;Uqcr10;Ndufa3;Uqcr11;Uqcrh;Ndufa1;Ndufa5;Ndufs5;Ndufb7;Cox6a1;Ndufc1;Ndufb2;Uqcrb;Ndufc2;Ndufa11;Ndufb3;Atp5g1;Ndufa6;Cycs;Ndufb11;Cltc,tissue__bone_marrow,full,KEGG_Mouse_2019,5000,9,True,All q<=.05 terms ordered by q then NES; first10 displayed; no category grouping
prerank,Proteasome,-0.6539704512483795,-2.2020460430099527,0.0,0.0,0.0,25/44,14.36%,Psmb8;Pomp;Psma7;Psmd2;Psmd6;Psmb1;Psmb10;Psmb2;Psmb5;Psmd7;Psmd14;Psma1;Psma5;Psmc3;Psmc4;Psmd11;Psmd12;Psma4;Psme2;Psmc2;Psma3;Psmd13;Psmd4;Psme1;Psmb4,tissue__bone_marrow,full,KEGG_Mouse_2019,5000,10,True,All q<=.05 terms ordered by q then NES; first10 displayed; no category grouping
prerank,RNA transport,-0.4800408329721328,-1.9752932659099176,0.0,0.0097192570715761,0.0174,42/142,13.81%,Eef1a1;Acin1;Ran;Eif3e;Pnn;Eif3f;Eif3i;Rangap1;Nup35;Eif5;Upf3a;Tpr;Pabpc1;Ube2i;Pop5;Eif4a2;Gemin7;Eif3a;Eif3h;Eif4g2;Fxr2;Eif2s3x;Eif2s1;Nup153;Eif4e2;Trnt1;Upf3b;Sumo2;Eif1b;Eif3g;Magoh;Fxr1;Paip1;Eif3b;Nup62;Nup160;Strap;Nxt1;Upf1;Nup50;Eif4b;Rae1,tissue__bone_marrow,full,KEGG_Mouse_2019,5000,11,False,All q<=.05 terms ordered by q then NES; first10 displayed; no category grouping
prerank,Oxidative phosphorylation,0.7131678915058886,2.871426334009922,0.0,0.0,0.0,40/101,5.20%,Atp5e;Cox6c;Ndufa13;Cox8a;Cox7c;Cox6b1;Ndufa7;Ndufa2;Ndufa4;Atp5l;Cox7a2;Atp5j2;Cox5b;Cox7b;Uqcr11;Ndufb4;Ndufa3;Ndufv3;Atp5j;Ndufa5;Cox17;Uqcr10;Uqcrh;Ndufa1;Ndufs6;Uqcrq;Ndufs5;Ndufb7;Ndufc1;Ndufc2;Ndufb3;Uqcrb;Ndufb2;Ndufa11;Cox6a1;Cox10;Atp5k;Ndufa6;Atp5g1;Atp6v0a1,cluster_tissue__C0__bone_marrow,full,KEGG_Mouse_2019,5000,1,True,All q<=.05 terms ordered by q then NES; first10 displayed; no category grouping
prerank,Non-alcoholic fatty liver disease (NAFLD),0.6525115201598323,2.6633811189621976,0.0,0.0,0.0,38/116,5.30%,Cox6c;Ndufa13;Cox8a;Cox7c;Jun;Cox6b1;Ndufa7;Ndufa2;Ndufa4;Cox7a2;Cox5b;Cox7b;Uqcr11;Ndufb4;Ndufa3;Ndufv3;Ndufa5;Uqcr10;Uqcrh;Ndufa1;Ndufs6;Uqcrq;Ndufs5;Ndufb7;Ndufc1;Ndufc2;Ndufb3;Uqcrb;Ndufb2;Pik3cd;Cycs;Ndufa11;Cox6a1;Socs3;Atf4;Ndufa6;Il6ra;Tnf,cluster_tissue__C0__bone_marrow,full,KEGG_Mouse_2019,5000,2,True,All q<=.05 terms ordered by q then NES; first10 displayed; no category grouping
prerank,Parkinson disease,0.6567009678462493,2.650328419189484,0.0,0.0,0.0,37/101,4.83%,Atp5e;Cox6c;Ndufa13;Cox8a;Cox7c;Cox6b1;Ndufa7;Ndufa2;Ndufa4;Cox7a2;Cox5b;Cox7b;Uqcr11;Ndufb4;Ndufa3;Ndufv3;Atp5j;Ndufa5;Uqcr10;Uqcrh;Ndufa1;Ndufs6;Uqcrq;Ndufs5;Ndufb7;Ndufc1;Ndufc2;Ndufb3;Uqcrb;Ndufb2;Cycs;Ndufa11;Cox6a1;Prkacb;Ndufa6;Ubb;Atp5g1,cluster_tissue__C0__bone_marrow,full,KEGG_Mouse_2019,5000,3,True,All q<=.05 terms ordered by q then NES; first10 displayed; no category grouping
prerank,Alzheimer disease,0.6227998566205395,2.5862269803847746,0.0,0.0,0.0,37/127,5.44%,Atp5e;Cox6c;Ndufa13;Cox8a;Cox7c;Cox6b1;Ndufa7;Ndufa2;Ndufa4;Cox7a2;Cox5b;Cox7b;Uqcr11;Ndufb4;Ndufa3;Ndufv3;Atp5j;Ndufa5;Uqcr10;Uqcrh;Ndufa1;Ndufs6;Uqcrq;Ndufs5;Ndufb7;Ndufc1;Ndufc2;Ndufb3;Uqcrb;Ndufb2;Cycs;Ndufa11;Cox6a1;Ndufa6;Atp5g1;Tnf;Ppp3r1,cluster_tissue__C0__bone_marrow,full,KEGG_Mouse_2019,5000,4,True,All q<=.05 terms ordered by q then NES; first10 displayed; no category grouping
prerank,Cardiac muscle contraction,0.7948391396438906,2.5410291752501584,0.0,0.0,0.0,13/32,2.69%,Cox6c;Cox8a;Cox7c;Cox6b1;Cox7a2;Cox5b;Cox7b;Uqcr11;Uqcr10;Uqcrh;Uqcrq;Uqcrb;Cox6a1,cluster_tissue__C0__bone_marrow,full,KEGG_Mouse_2019,5000,5,True,All q<=.05 terms ordered by q then NES; first10 displayed; no category grouping
prerank,Thermogenesis,0.5780565476732217,2.516656820274884,0.0,0.0,0.0,45/167,4.83%,Atp5e;Cox6c;Ndufa13;Cox8a;Cox7c;Actb;Cox6b1;Ndufa7;Ndufa2;Actg1;Ndufa4;Atp5l;Cox7a2;Atp5j2;Cox5b;Cox7b;Uqcr11;Ndufb4;Ndufa3;Ndufv3;Atp5j;Ndufa5;Cox17;Uqcr10;Cox20;Uqcrh;Ndufa1;Ndufs6;Uqcrq;Ndufs5;Ndufb7;Ndufc1;Ndufc2;Ndufb3;Uqcrb;Ndufb2;Ndufa11;Cox6a1;Cox10;Atp5k;Prkacb;Ndufa6;Coa7;Acsl1;Atp5g1,cluster_tissue__C0__bone_marrow,full,KEGG_Mouse_2019,5000,6,True,All q<=.05 terms ordered by q then NES; first10 displayed; no category grouping
prerank,Ribosome,0.5965286836448035,2.4750885888435223,0.0,0.0,0.0,47/128,2.79%,Rps21;Rpl37a;Rps27;Rpl41;Rpl37;Rpl36;Rpl39;Rps15a;Rpl35a;Rpl30;Rpl34;Rplp2;Rpl35;Rpl38;Fau;Rpl27;Rps28;Rps26;Rps29;Rpl22;Rplp1;Rpl36a;Rpl27a;Rpl23;Rps24;Rpl36al;Rps23;Rps19;Rps25;Rps12;Rps20;Rps13;Rpl32;Uba52;Rpl21;Rps8;Rps11;Rpl28;Rpl22l1;Mrpl33;Rpl31;Mrps18c;Rps14;Rpl26;Mrps21;Rps17;Rps16,cluster_tissue__C0__bone_marrow,full,KEGG_Mouse_2019,5000,7,True,All q<=.05 terms ordered by q then NES; first10 displayed; no category grouping
prerank,Retrograde endocannabinoid signaling,0.612335019386013,2.321355842357216,0.0,0.0,0.0,21/74,4.04%,Ndufa13;Ndufa7;Ndufa2;Ndufa4;Ndufb4;Ndufa3;Ndufv3;Ndufa5;Ndufa1;Ndufs6;Ndufs5;Gng5;Ndufb7;Ndufc1;Ndufc2;Ndufb3;Ndufb2;Ndufa11;Prkacb;Gngt2;Ndufa6,cluster_tissue__C0__bone_marrow,full,KEGG_Mouse_2019,5000,8,True,All q<=.05 terms ordered by q then NES; first10 displayed; no category grouping
prerank,Huntington disease,0.5340428625479304,2.268331949639694,0.0,7.099317805089055e-05,0.0006,33/141,2.69%,Atp5e;Cox6c;Ndufa13;Cox8a;Cox7c;Cox6b1;Ndufa7;Ndufa2;Ndufa4;Cox7a2;Cox5b;Cox7b;Uqcr11;Ndufb4;Ndufa3;Ndufv3;Atp5j;Ndufa5;Uqcr10;Uqcrh;Ndufa1;Ndufs6;Uqcrq;Ndufs5;Ndufb7;Ndufc1;Ndufc2;Ndufb3;Uqcrb;Ndufb2;Cycs;Ndufa11;Cox6a1,cluster_tissue__C0__bone_marrow,full,KEGG_Mouse_2019,5000,9,True,All q<=.05 terms ordered by q then NES; first10 displayed; no category grouping
prerank,Proteasome,-0.6200593409660584,-2.0972717104399665,0.0,0.0026726583579001,0.0028,28/44,19.96%,Psmb8;Pomp;Psmd2;Psmd6;Psmb1;Psmb10;Psma7;Psmb2;Psmd7;Psmb5;Psmd14;Psma5;Psme2;Psmc4;Psmd12;Psmc3;Psmc2;Psma1;Psma4;Psmb4;Psmd11;Psmc6;Psme1;Psmb9;Psmd3;Psmd13;Psma3;Psmd4,cluster_tissue__C0__bone_marrow,full,KEGG_Mouse_2019,5000,10,True,All q<=.05 terms ordered by q then NES; first10 displayed; no category grouping
prerank,RNA transport,-0.4697385571069391,-1.9415813304052636,0.0,0.0107542681544079,0.0312,44/142,15.15%,Eef1a1;Acin1;Ran;Eif3f;Nup35;Eif3e;Eif3i;Pnn;Pabpc1;Rangap1;Eif5;Eif3b;Eif4a2;Tpr;Eif3a;Eif3h;Ube2i;Trnt1;Pop5;Magoh;Gemin7;Eif3g;Eif2s3x;Eif4ebp1;Upf3a;Sumo2;Nup153;Eif4a1;Eif2s1;Eif4g2;Fxr1;Nup93;Strap;Eif4e2;Nup205;Phax;Upf3b;Eif4e;Nup50;Rae1;Fxr2;Nxt1;Sumo1;Upf1,cluster_tissue__C0__bone_marrow,full,KEGG_Mouse_2019,5000,11,False,All q<=.05 terms ordered by q then NES; first10 displayed; no category grouping
prerank,Lysine degradation,-0.5636226296063808,-1.9422794684191669,0.0,0.0157495938947689,0.0304,26/49,23.86%,Kmt2a;Nsd1;Kmt2e;Kmt5a;Plod1;Prdm2;Kmt2b;Suv39h1;Acat2;Setd7;Ash1l;Aldh9a1;Aldh7a1;Kmt2c;Dot1l;Setdb2;Echs1;Ehmt1;Hadha;Ehmt2;Aldh2;Setd3;Nsd3;Setd1b;Hadh;Setdb1,cluster_tissue__C0__bone_marrow,full,KEGG_Mouse_2019,5000,12,False,All q<=.05 terms ordered by q then NES; first10 displayed; no category grouping
prerank,Ribosome,0.7223784564255856,2.780474630249904,0.0,0.0,0.0,81/128,15.54%,Rps27;Rps15a;Rpl22;Rps21;Rpl32;Rpl37a;Rpl36al;Rpl36;Rpl26;Rpl11;Rps14;Rplp1;Rpl35a;Rpl28;Rps24;Rpl30;Rpsa;Rps3a1;Rpl31;Rpl37;Rps20;Rps28;Rps19;Rpl23;Rpl39;Rps16;Rpl13;Rpl34;Rps3;Fau;Rpl27;Rps10;Rpl21;Rps27a;Rpl18a;Rps5;Rpl9;Rps11;Rpl13a;Rps9;Mrps5;Rplp0;Rps23;Rpl27a;Rpl3;Rps13;Rps29;Rplp2;Rpl41;Rpl29;Rpl36a;Rps26;Mrpl33;Rpl7;Rpl19;Rpl24;Mrpl22;Rpl18;Rpl35;Rpl38;Rpl7a;Mrpl11;Rps27rt;Rpl14;Rpl12;Rpl17;Rps12;Mrps18a;Rpl15;Mrpl36;Rpl4;Rps6;Uba52;Rps4x;Rpl10a;Rps7;Mrps14;Mrpl20;Rpl8;Rpl6;Mrpl34,cluster_tissue__C2__bone_marrow,full,KEGG_Mouse_2019,5000,1,True,All q<=.05 terms ordered by q then NES; first10 displayed; no category grouping
prerank,Oxidative phosphorylation,0.6399313251191875,2.3953280576391194,0.0,0.0,0.0,49/101,16.79%,Ndufb9;Cox8a;Atp5b;Cox17;Atp5e;Cox6a1;Cox6b1;Ndufs5;Atp6v0e;Cox7a2;Atp6v1c1;Ndufb4;Ndufb2;Atp5j;Cox7b;Ndufa4;Atp5o;Atp6v1e1;Ndufb7;Ndufa10;Ndufc2;Ndufa5;Uqcrb;Atp5j2;Atp5c1;Uqcrc2;Atp6v0d1;Ndufb11;Uqcrh;Atp6v1b2;Cox6c;Ndufs4;Cox7a2l;Ndufv2;Ndufa6;Sdhd;Atp6v1h;Cox7c;Ndufa12;Cox4i1;Ndufa11;Ndufs6;Ndufa2;Ndufs1;Ndufb10;Ndufa9;Cox5a;Atp6v1g2;Cox15,cluster_tissue__C2__bone_marrow,full,KEGG_Mouse_2019,5000,2,True,All q<=.05 terms ordered by q then NES; first10 displayed; no category grouping
prerank,Parkinson disease,0.603371129947456,2.25143696952522,0.0,0.0,0.0,47/101,15.49%,Ndufb9;Cox8a;Atp5b;Atp5e;Cox6a1;Cox6b1;Ndufs5;Cox7a2;Ndufb4;Ndufb2;Atp5j;Cox7b;Ndufa4;Atp5o;Ubb;Ndufb7;Ndufa10;Ndufc2;Slc25a5;Park7;Ndufa5;Uqcrb;Atp5c1;Uqcrc2;Ube2l3;Ndufb11;Uqcrh;Casp9;Cox6c;Ndufs4;Cox7a2l;Ndufv2;Ndufa6;Sdhd;Cox7c;Ndufa12;Cox4i1;Ndufa11;Ube2j1;Ndufs6;Ndufa2;Ndufs1;Ube2g2;Ndufb10;Ndufa9;Ube2g1;Cox5a,cluster_tissue__C2__bone_marrow,full,KEGG_Mouse_2019,5000,3,True,All q<=.05 terms ordered by q then NES; first10 displayed; no category grouping
prerank,Cardiac muscle contraction,0.6901571357107893,2.1124842014410143,0.0,9.89853996535511e-05,0.0004,18/32,16.41%,Cox8a;Cox6a1;Cox6b1;Atp2a2;Cox7a2;Cox7b;Uqcrb;Uqcrc2;Uqcrh;Cox6c;Cox7a2l;Cox7c;Tpm4;Cox4i1;Tpm3;Atp1b3;Cox5a;Cacnb1,cluster_tissue__C2__bone_marrow,full,KEGG_Mouse_2019,5000,4,True,All q<=.05 terms ordered by q then NES; first10 displayed; no category grouping
prerank,Huntington disease,0.5224839079406521,2.0416519218495317,0.0,0.0003959415986142,0.002,53/141,15.49%,Ndufb9;Cox8a;Atp5b;Atp5e;Cox6a1;Polr2c;Cox6b1;Ndufs5;Hdac2;Cox7a2;Polr2e;Ndufb4;Ndufb2;Atp5j;Tfam;Sod2;Cox7b;Ndufa4;Atp5o;Ndufb7;Ndufa10;Ndufc2;Slc25a5;Ndufa5;Ap2a1;Nrf1;Uqcrb;Atp5c1;Uqcrc2;Trp53;Polr2j;Ndufb11;Clta;Uqcrh;Casp9;Cox6c;Ndufs4;Cox7a2l;Ndufv2;Ndufa6;Sdhd;Bax;Cox7c;Ndufa12;Cox4i1;Ndufa11;Polr2i;Ndufs6;Ndufa2;Ndufs1;Ndufb10;Ndufa9;Cox5a,cluster_tissue__C2__bone_marrow,full,KEGG_Mouse_2019,5000,5,True,All q<=.05 terms ordered by q then NES; first10 displayed; no category grouping
prerank,Alzheimer disease,0.5154409717829422,1.9850207498527976,0.0,0.0009898539965355,0.006,45/127,15.49%,Ndufb9;Cox8a;Atp5b;Atp5e;Cox6a1;Cox6b1;Ndufs5;Atp2a2;Cox7a2;Ndufb4;Ndufb2;Atp5j;Cox7b;Ndufa4;Atp5o;Ndufb7;Ndufa10;Ndufc2;Ndufa5;Uqcrb;Atp5c1;Uqcrc2;Itpr3;Ide;Ndufb11;Uqcrh;Casp9;Cox6c;Ndufs4;Cox7a2l;Ndufv2;Ndufa6;Sdhd;Rtn3;Cox7c;Ndufa12;Cox4i1;Ndufa11;Fadd;Ndufs6;Ndufa2;Ndufs1;Ndufb10;Ndufa9;Cox5a,cluster_tissue__C2__bone_marrow,full,KEGG_Mouse_2019,5000,6,True,All q<=.05 terms ordered by q then NES; first10 displayed; no category grouping
prerank,Non-alcoholic fatty liver disease (NAFLD),0.5164087503966216,1.9616791589070277,0.0,0.0014989217661823,0.0106,45/116,16.11%,Ndufb9;Cox8a;Cox6a1;Cox6b1;Ndufs5;Akt1;Tgfb1;Cox7a2;Mlx;Ndufb4;Ndufb2;Cox7b;Ndufa4;Ndufb7;Eif2s1;Ndufa10;Ndufc2;Ndufa5;Mapk8;Uqcrb;Uqcrc2;Ndufb11;Uqcrh;Ddit3;Cox6c;Ndufs4;Itch;Cox7a2l;Ndufv2;Ndufa6;Sdhd;Bax;Cox7c;Prkag1;Ndufa12;Cox4i1;Ndufa11;Ndufs6;Ndufa2;Ndufs1;Rela;Ndufb10;Ndufa9;Cox5a;Akt3,cluster_tissue__C2__bone_marrow,full,KEGG_Mouse_2019,5000,7,True,All q<=.05 terms ordered by q then NES; first10 displayed; no category grouping
prerank,Retrograde endocannabinoid signaling,0.5229788941818243,1.8590490316451047,0.0002644802962179,0.0084385053204652,0.0628,33/74,19.09%,Ndufb9;Ndufs5;Gng10;Ndufb4;Gnb2;Ndufb2;Ndufa4;Ndufb7;Ndufa10;Ndufc2;Ndufa5;Mapk8;Itpr3;Ndufb11;Gng5;Ndufs4;Ndufv2;Ndufa6;Ndufa12;Ndufa11;Prkca;Ndufs6;Ndufa2;Ndufs1;Gnb1;Ndufb10;Ndufa9;Prkcb;Abhd6;Adcy3;Gnaq;Mapk11;Mgll,cluster_tissue__C2__bone_marrow,full,KEGG_Mouse_2019,5000,8,True,All q<=.05 terms ordered by q then NES; first10 displayed; no category grouping
prerank,Allograft rejection,-0.6114860562900057,-1.9327982483499888,0.0011806375442739,0.0307626269852625,0.0556,11/23,24.08%,H2-Q7;Prf1;H2-T22;Cd40lg;Cd28;H2-K1;H2-Q4;H2-D1;Ifng;Fas;H2-Q10,cluster_tissue__C2__bone_marrow,full,KEGG_Mouse_2019,5000,9,True,All q<=.05 terms ordered by q then NES; first10 displayed; no category grouping
prerank,Thermogenesis,0.4381635041191958,1.7382011166429086,0.0,0.0391762215073276,0.2754,73/167,26.31%,Ndufb9;Cox8a;Atp5b;Cox17;Atp5e;Cox6a1;Cox6b1;Ndufs5;Cox7a2;Gnas;Ndufb4;Ndufb2;Atp5j;Cox7b;Ndufa4;Atp5o;Ndufb7;Ndufa10;Ndufc2;Ndufa5;Ndufaf3;Uqcrb;Rps6kb2;Atp5j2;Atp5c1;Actb;Uqcrc2;Smarca2;Ndufb11;Uqcrh;Rps6ka3;Sirt6;Cox6c;Ndufs4;Cox7a2l;Ndufv2;Ndufa6;Sdhd;Cox7c;Prkag1;Kras;Ndufa12;Rps6;Cox4i1;Ndufa11;Ndufs6;Ndufa2;Coa6;Ndufs1;Ndufb10;Ndufa9;Cox5a;Adcy3;Coa7;Cox15;Mapk11;Mgll;Mlst8;Ndufaf5;Slc25a20;Zfp516;Ndufaf7;Uqcrq;Cox14;Smarce1;Ndufv1;Smarcb1;Actg1;Ndufa3;Ndufs7;Atp5h;Ndufa7;Uqcr10,cluster_tissue__C2__bone_marrow,full,KEGG_Mouse_2019,5000,10,True,All q<=.05 terms ordered by q then NES; first10 displayed; no category grouping
prerank,Collecting duct acid secretion,0.6646083893017267,1.7202033533217276,0.0069996818326439,0.0449591685226429,0.3312,5/16,6.71%,Atp6v0e;Atp6v1c1;Atp6v1e1;Atp6v0d1;Atp6v1b2,cluster_tissue__C2__bone_marrow,full,KEGG_Mouse_2019,5000,11,False,All q<=.05 terms ordered by q then NES; first10 displayed; no category grouping
prerank,Proteasome,-0.5517200332075064,-2.042921039240349,0.0006922810661128,0.0086760620201221,0.0106,25/44,23.09%,Psmb8;Psmb1;Psma7;Psmf1;Psmb10;Psma3;Psma1;Psmd4;Psme2b;Pomp;Psmd11;Psmc4;Psmb5;Psma4;Psmd14;Psmc5;Psma2;Psmc3;Psmb3;Psme2;Psmd2;Psme1;Psme4;Psmb2;Psme3,cluster_tissue__C3__bone_marrow,full,KEGG_Mouse_2019,5000,1,True,All q<=.05 terms ordered by q then NES; first10 displayed; no category grouping
prerank,Oxidative phosphorylation,0.5693612240094069,2.452150988993194,0.0,0.0,0.0,45/101,15.45%,Cox8a;Atp5e;Cox7c;Atp5l;Cox6c;Ndufa4;Cox6b1;Cox5b;Cox17;Ndufa13;Atp5j;Ndufb3;Ndufa7;Atp5j2;Uqcr10;Uqcrb;Cox6a1;Ndufa2;Ndufb7;Atp5h;Ndufs6;Ndufc1;Cox7a2;Ndufa6;Atp5o;Ndufa1;Ndufa3;Ndufb4;Sdhb;Ndufa10;Ndufv3;Ndufb11;Uqcrq;Ndufb2;Atp6v1c1;Atp5k;Atp6v0a1;Cox4i1;Ndufa8;Atp5g1;Ndufa11;Cox5a;Uqcr11;Ndufb8;Ndufc2,cluster_tissue__C4__bone_marrow,full,KEGG_Mouse_2019,5000,1,True,All q<=.05 terms ordered by q then NES; first10 displayed; no category grouping
prerank,Parkinson disease,0.5648625895541405,2.448951009097452,0.0,0.0,0.0,46/101,15.45%,Cox8a;Atp5e;Cox7c;Cox6c;Ndufa4;Cox6b1;Cox5b;Ndufa13;Atp5j;Ndufb3;Ndufa7;Uqcr10;Uqcrb;Cox6a1;Ndufa2;Ndufb7;Ubb;Atp5h;Ndufs6;Prkaca;Ndufc1;Cox7a2;Ndufa6;Atp5o;Ndufa1;Uba1;Ndufa3;Ndufb4;Sdhb;Ndufa10;Ndufv3;Ndufb11;Uqcrq;Ube2l3;Ndufb2;Gnal;Ppif;Cox4i1;Ndufa8;Atp5g1;Ndufa11;Cox5a;Uqcr11;Ndufb8;Cycs;Ndufc2,cluster_tissue__C4__bone_marrow,full,KEGG_Mouse_2019,5000,2,True,All q<=.05 terms ordered by q then NES; first10 displayed; no category grouping
prerank,Thermogenesis,0.483204643920009,2.2646368730928725,0.0,6.0016804705317486e-05,0.0002,58/167,14.82%,Actb;Actg1;Cox8a;Atp5e;Cox7c;Atp5l;Cox6c;Ndufa4;Cox6b1;Cox5b;Cox17;Ndufa13;Atp5j;Ndufb3;Ndufa7;Sirt6;Atp5j2;Uqcr10;Uqcrb;Cox6a1;Ndufa2;Ndufb7;Cox20;Atp5h;Creb1;Ndufs6;Prkaca;Smarcd1;Ndufc1;Cox7a2;Ndufa6;Atp5o;Ndufa1;Ndufa3;Cox16;Ndufb4;Smarcb1;Rps6kb2;Sdhb;Ndufa10;Ndufv3;Ndufb11;Uqcrq;Ndufb2;Atp5k;Cox4i1;Kdm1a;Gnas;Ndufa8;Ndufaf3;Atp5g1;Ndufa11;Cox18;Cox5a;Smarcc2;Kdm3b;Uqcr11;Ndufb8,cluster_tissue__C4__bone_marrow,full,KEGG_Mouse_2019,5000,3,True,All q<=.05 terms ordered by q then NES; first10 displayed; no category grouping
prerank,Alzheimer disease,0.491338546106881,2.2087719486243067,0.0,0.0002250630176449,0.001,46/127,15.45%,Cox8a;Atp5e;Cox7c;Cox6c;Ndufa4;Cox6b1;Cox5b;Ndufa13;Atp5j;Ndufb3;Itpr3;Ndufa7;Uqcr10;Uqcrb;Cox6a1;Ndufa2;Ndufb7;Atp5h;Ndufs6;Ndufc1;Cox7a2;Ndufa6;Atp5o;Ndufa1;Ndufa3;Ndufb4;Sdhb;Ndufa10;Ndufv3;Ndufb11;Uqcrq;Calm3;Ndufb2;Tnf;Psen1;Plcb4;Cox4i1;Casp8;Ndufa8;Atp5g1;Ndufa11;Cox5a;Uqcr11;Ndufb8;Cycs;Ndufc2,cluster_tissue__C4__bone_marrow,full,KEGG_Mouse_2019,5000,4,True,All q<=.05 terms ordered by q then NES; first10 displayed; no category grouping
prerank,Retrograde endocannabinoid signaling,0.515588670942557,2.122862835422916,0.0,0.0007922218221101,0.0044,31/74,17.16%,Ndufa4;Ndufa13;Ndufb3;Itpr3;Gng5;Ndufa7;Ndufa2;Ndufb7;Ndufs6;Prkaca;Ndufc1;Ndufa6;Ndufa1;Ndufa3;Ndufb4;Ndufa10;Ndufv3;Ndufb11;Ndufb2;Prkcb;Gnb5;Plcb4;Ndufa8;Ndufa11;Cacna1a;Gnb1;Gng10;Ndufb8;Ndufc2;Abhd6;Gabrr2,cluster_tissue__C4__bone_marrow,full,KEGG_Mouse_2019,5000,5,True,All q<=.05 terms ordered by q then NES; first10 displayed; no category grouping
prerank,Non-alcoholic fatty liver disease (NAFLD),0.4634581120062898,2.05035011820493,0.0,0.0022506301764494,0.0142,42/116,15.59%,Cox8a;Cox7c;Cox6c;Ndufa4;Cox6b1;Cox5b;Ndufa13;Ndufb3;Jun;Ndufa7;Uqcr10;Uqcrb;Srebf1;Cox6a1;Ndufa2;Ndufb7;Ndufs6;Ndufc1;Cox7a2;Ndufa6;Itch;Ndufa1;Ndufa3;Ndufb4;Sdhb;Ndufa10;Ndufv3;Ndufb11;Uqcrq;Ndufb2;Tnf;Cox4i1;Casp8;Ndufa8;Insr;Ndufa11;Cox5a;Uqcr11;Ndufb8;Cycs;Ndufc2;Xbp1,cluster_tissue__C4__bone_marrow,full,KEGG_Mouse_2019,5000,6,True,All q<=.05 terms ordered by q then NES; first10 displayed; no category grouping
prerank,Huntington disease,0.4340195779207872,1.9803017780763588,0.0,0.0050928545707083,0.0368,48/141,15.45%,Cox8a;Atp5e;Cox7c;Cox6c;Ndufa4;Cox6b1;Cox5b;Ndufa13;Atp5j;Ndufb3;Ndufa7;Uqcr10;Uqcrb;Cox6a1;Ndufa2;Ndufb7;Atp5h;Creb1;Ndufs6;Ndufc1;Cox7a2;Ndufa6;Atp5o;Ndufa1;Polr2f;Ndufa3;Ndufb4;Sdhb;Ndufa10;Ndufv3;Ndufb11;Uqcrq;Ndufb2;Polr2a;Plcb4;Ppif;Cox4i1;Casp8;Hip1;Ndufa8;Atp5g1;Ndufa11;Cox5a;Dctn2;Uqcr11;Ndufb8;Cycs;Ndufc2,cluster_tissue__C4__bone_marrow,full,KEGG_Mouse_2019,5000,7,True,All q<=.05 terms ordered by q then NES; first10 displayed; no category grouping
prerank,Ribosome,0.5780565034691474,2.7076020931883926,0.0,0.0,0.0,39/128,4.39%,Rpl39;Rpl34;Rplp2;Rpl36;Rps15a;Rpl30;Rpl37a;Rpl41;Rpl22;Rpl38;Rps21;Rps27;Rpl35a;Rpl23;Rpl37;Rps28;Rpl26;Fau;Rpl36a;Rpl35;Mrpl33;Rpl27;Rpl32;Rpl27a;Rps12;Rpl22l1;Rpl21;Rplp1;Rpl28;Mrps21;Rps11;Rps24;Rps26;Rps29;Uba52;Rps13;Mrpl2;Rpl29;Rps18,cluster_tissue__C5-2__bone_marrow,full,KEGG_Mouse_2019,5000,1,True,All q<=.05 terms ordered by q then NES; first10 displayed; no category grouping
prerank,Ribosome,0.7314920842458617,2.959488747407653,0.0,0.0,0.0,53/128,2.81%,Rps21;Rpl37a;Rpl41;Rps15a;Rpl39;Rps27;Rpl30;Rpl34;Rpl35a;Rpl36;Rpl37;Rplp1;Rpl38;Rplp2;Rpl23;Fau;Rpl35;Rps26;Rpl22;Rpl27;Rpl27a;Rps28;Rpl36a;Rps23;Rps29;Rps19;Rps12;Rps24;Rps20;Rps13;Rpl36al;Rps25;Uba52;Rps16;Rpl32;Rps18;Rps8;Rps15;Rpl28;Rps14;Rpl31;Rpl22l1;Rpl26;Rpl21;Rps11;Rps27a;Mrpl23;Mrps21;Mrpl33;Rps17;Mrpl10;Mrps16;Mrps18c,tissue__spleen,full,KEGG_Mouse_2019,5000,1,True,All q<=.05 terms ordered by q then NES; first10 displayed; no category grouping
prerank,Oxidative phosphorylation,0.762758979709442,2.949455596277769,0.0,0.0,0.0,47/101,5.78%,Cox6c;Atp5e;Ndufa13;Cox7c;Ndufa4;Cox8a;Cox6b1;Ndufa7;Atp5j;Atp5l;Atp5j2;Cox7a2;Cox5b;Ndufa2;Cox17;Ndufv3;Cox7b;Ndufs6;Uqcr10;Ndufa3;Ndufa1;Ndufb4;Uqcrb;Uqcr11;Ndufb7;Ndufb3;Atp5k;Ndufb11;Ndufc1;Uqcrh;Uqcrq;Ndufb2;Ndufa6;Cox6a1;Cox10;Ndufa11;Atp5g1;Ndufs5;Ndufa5;Ndufa12;Ndufc2;Ndufs4;Ndufb6;Atp5h;Cox15;Atp6v0d2;Ndufb9,tissue__spleen,full,KEGG_Mouse_2019,5000,2,True,All q<=.05 terms ordered by q then NES; first10 displayed; no category grouping
prerank,Alzheimer disease,0.7005629768497328,2.8246764985059607,0.0,0.0,0.0,42/127,4.27%,Cox6c;Atp5e;Ndufa13;Cox7c;Ndufa4;Cox8a;Cox6b1;Ndufa7;Atp5j;Cox7a2;Cox5b;Ndufa2;Ndufv3;Cox7b;Ndufs6;Uqcr10;Ndufa3;Ndufa1;Ndufb4;Uqcrb;Uqcr11;Ndufb7;Ndufb3;Ndufb11;Ndufc1;Uqcrh;Uqcrq;Ndufb2;Ndufa6;Cox6a1;Ndufa11;Atp5g1;Ndufs5;Ndufa5;Ndufa12;Psenen;Ndufc2;Casp8;Ndufs4;Cycs;Ndufb6;Atp5h,tissue__spleen,full,KEGG_Mouse_2019,5000,3,True,All q<=.05 terms ordered by q then NES; first10 displayed; no category grouping
prerank,Parkinson disease,0.7081414713565765,2.740204862170023,0.0,0.0,0.0,41/101,4.27%,Cox6c;Atp5e;Ndufa13;Cox7c;Ndufa4;Cox8a;Cox6b1;Ndufa7;Atp5j;Cox7a2;Cox5b;Ndufa2;Ndufv3;Cox7b;Ndufs6;Uqcr10;Ndufa3;Ndufa1;Ndufb4;Uqcrb;Uqcr11;Ndufb7;Ndufb3;Ubb;Ndufb11;Ndufc1;Uqcrh;Uqcrq;Ndufb2;Ndufa6;Cox6a1;Ndufa11;Atp5g1;Ndufs5;Ndufa5;Ndufa12;Ndufc2;Ndufs4;Cycs;Ndufb6;Atp5h,tissue__spleen,full,KEGG_Mouse_2019,5000,4,True,All q<=.05 terms ordered by q then NES; first10 displayed; no category grouping
prerank,Thermogenesis,0.6524064292318068,2.722215567402122,0.0,0.0,0.0,51/167,4.69%,Actb;Cox6c;Atp5e;Ndufa13;Cox7c;Ndufa4;Cox8a;Cox6b1;Actg1;Ndufa7;Atp5j;Atp5l;Atp5j2;Cox7a2;Cox5b;Ndufa2;Cox17;Ndufv3;Cox7b;Ndufs6;Uqcr10;Ndufa3;Ndufa1;Cox14;Ndufb4;Uqcrb;Uqcr11;Ndufb7;Cox20;Ndufb3;Atp5k;Ndufb11;Ndufc1;Uqcrh;Uqcrq;Ndufb2;Ndufa6;Cox6a1;Cox10;Ndufa11;Cox16;Atp5g1;Ndufs5;Ndufa5;Ndufa12;Coa7;Ndufc2;Ndufs4;Ndufb6;Atp5h;Cox15,tissue__spleen,full,KEGG_Mouse_2019,5000,5,True,All q<=.05 terms ordered by q then NES; first10 displayed; no category grouping
prerank,Non-alcoholic fatty liver disease (NAFLD),0.6786669469526219,2.687285898783108,0.0,0.0,0.0,39/116,4.26%,Jun;Cox6c;Ndufa13;Cox7c;Ndufa4;Cox8a;Cox6b1;Ndufa7;Cox7a2;Cox5b;Ndufa2;Ndufv3;Cox7b;Ndufs6;Uqcr10;Ndufa3;Ndufa1;Ndufb4;Uqcrb;Uqcr11;Ndufb7;Ndufb3;Ndufb11;Ndufc1;Uqcrh;Uqcrq;Ndufb2;Ndufa6;Cox6a1;Ndufa11;Il6ra;Ndufs5;Ndufa5;Ndufa12;Ndufc2;Casp8;Ndufs4;Cycs;Ndufb6,tissue__spleen,full,KEGG_Mouse_2019,5000,6,True,All q<=.05 terms ordered by q then NES; first10 displayed; no category grouping
prerank,Huntington disease,0.6446694029827079,2.628166540205329,0.0,0.0,0.0,43/141,4.27%,Cox6c;Atp5e;Ndufa13;Cox7c;Ndufa4;Cox8a;Cox6b1;Ndufa7;Atp5j;Cox7a2;Cox5b;Ndufa2;Ndufv3;Cox7b;Ndufs6;Uqcr10;Ndufa3;Ndufa1;Ndufb4;Uqcrb;Uqcr11;Ndufb7;Ndufb3;Ndufb11;Ndufc1;Uqcrh;Uqcrq;Ndufb2;Ndufa6;Cox6a1;Ndufa11;Atp5g1;Ndufs5;Ndufa5;Polr2l;Ndufa12;Ndufc2;Casp8;Polr2i;Ndufs4;Cycs;Ndufb6;Atp5h,tissue__spleen,full,KEGG_Mouse_2019,5000,7,True,All q<=.05 terms ordered by q then NES; first10 displayed; no category grouping
prerank,Cardiac muscle contraction,0.7896629774977877,2.4149283325691777,0.0,0.0,0.0,13/32,2.12%,Cox6c;Cox7c;Cox8a;Cox6b1;Cox7a2;Cox5b;Cox7b;Uqcr10;Uqcrb;Uqcr11;Uqcrh;Uqcrq;Cox6a1,tissue__spleen,full,KEGG_Mouse_2019,5000,8,True,All q<=.05 terms ordered by q then NES; first10 displayed; no category grouping
prerank,Retrograde endocannabinoid signaling,0.6516150909149876,2.3674500017947304,0.0,0.0,0.0,27/74,7.15%,Ndufa13;Ndufa4;Ndufa7;Ndufa2;Ndufv3;Ndufs6;Ndufa3;Ndufa1;Ndufb4;Ndufb7;Ndufb3;Ndufb11;Ndufc1;Ndufb2;Ndufa6;Ndufa11;Gng5;Ndufs5;Ndufa5;Ndufa12;Ndufc2;Ndufs4;Ndufb6;Ndufb9;Prkca;Gng10;Itpr1,tissue__spleen,full,KEGG_Mouse_2019,5000,9,True,All q<=.05 terms ordered by q then NES; first10 displayed; no category grouping
prerank,Antigen processing and presentation,-0.5886727048146807,-1.985734561979816,0.0,0.0124899496657231,0.0104,14/54,7.99%,Hspa8;Hsp90ab1;H2-K1;Hsp90aa1;H2-D1;Hspa5;B2m;Rfxap;H2-Q4;Tap2;H2-T22;H2-T23;H2-Q6;Hspa4,tissue__spleen,full,KEGG_Mouse_2019,5000,10,True,All q<=.05 terms ordered by q then NES; first10 displayed; no category grouping
prerank,Type I diabetes mellitus,-0.66859275191934,-1.883133634858445,0.0012928248222365,0.0178502197305959,0.0592,10/23,10.76%,H2-K1;Hspd1;H2-D1;H2-Q4;Fasl;H2-T22;H2-T23;H2-Q6;Prf1;H2-Q7,tissue__spleen,full,KEGG_Mouse_2019,5000,11,False,All q<=.05 terms ordered by q then NES; first10 displayed; no category grouping
prerank,Lysine degradation,-0.5588488550556384,-1.8486434959483544,0.0006441223832528,0.0231896732126926,0.0924,17/49,15.36%,Nsd1;Kmt2a;Kmt5a;Kmt2b;Prdm2;Ash1l;Ehmt1;Setdb1;Nsd3;Kmt2c;Aldh2;Dot1l;Setd7;Tmlhe;Plod3;Kmt2e;Aldh3a2,tissue__spleen,full,KEGG_Mouse_2019,5000,12,False,All q<=.05 terms ordered by q then NES; first10 displayed; no category grouping
prerank,PI3K-Akt signaling pathway,-0.4679610736150363,-1.8845584663415136,0.0,0.0233839613186038,0.058,58/165,19.94%,Hsp90ab1;Rps6;Ccnd2;Hsp90aa1;Mcl1;Ccnd3;Ywhab;Lpar6;Cdkn1b;Hsp90b1;Grb2;Bcl2;Ywhae;Itgb1;Chuk;Ppp2cb;Fasl;Ppp2ca;Rac1;Gnb2;Eif4e2;Mapk1;Il2rb;Ppp2r5a;Jak1;Gng12;Trp53;Ywhag;Ccne1;Gsk3b;Pik3r5;Ifnar2;Ikbkb;Eif4e;Cdk4;Eif4b;Igf2;Crtc2;Il3ra;Ywhah;Ppp2r1b;Map2k2;Gnb5;Pik3r1;Ywhaq;Ifnar1;Ppp2r5d;Pten;Creb3l2;Pik3ca;Akt2;Sos1;Myb;Atf2;Ppp2r5c;Bcl2l11;Rheb;Raf1,tissue__spleen,full,KEGG_Mouse_2019,5000,13,False,All q<=.05 terms ordered by q then NES; first10 displayed; no category grouping
prerank,RNA transport,-0.4785398921873883,-1.891475993109334,0.0,0.032265703303118,0.0536,36/142,12.23%,Eif5;Pop5;Pnn;Tpr;Ube2i;Eif3f;Acin1;Eif3a;Pabpc1;Fxr1;Eef1a1;Eif4g2;Sumo2;Eif3i;Paip1;Ran;Nup50;Eif3g;Upf3a;Rangap1;Eif4e2;Sumo1;Eif3e;Eif4g3;Pop1;Eif2s1;Strap;Eif4a1;Gemin5;Nup35;Eif5b;Eif3j2;Eif3b;Eif1b;Eif4e;Eif4b,tissue__spleen,full,KEGG_Mouse_2019,5000,14,False,All q<=.05 terms ordered by q then NES; first10 displayed; no category grouping
prerank,Epstein-Barr virus infection,-0.4488340494340972,-1.7870467997950823,0.0,0.0388675338407146,0.1992,68/156,21.49%,Ccnd2;H2-K1;H2-D1;Runx3;Ccnd3;Cdkn1b;Bcl2;Psmc6;B2m;Psmd11;H2-Q4;Psmc5;Tap2;Chuk;Traf2;Map2k3;Rac1;Irak4;H2-T22;Bax;Cd44;Snw1;H2-T23;Nedd4;Stat3;Hdac2;Jak1;H2-Q6;Psmd6;Trp53;Ccne1;Cd3g;Stat1;H2-Q7;Ifnar2;Polk;Ikbkb;Cdk4;Ccna2;Sap30;Rbpj;Sin3a;Ripk1;Psmc2;Pik3r1;Psmd14;Psmd8;Ifnar1;Psmc3;Psmc4;Cd247;Map2k7;Map2k6;Stat2;Skp2;Traf3;Pik3ca;Akt2;Tbk1;Pdia3;Bcl2l11;H2-M3;Adrm1;Tap1;Lyn;Itgal;Mapk14;Usp7,tissue__spleen,full,KEGG_Mouse_2019,5000,15,False,All q<=.05 terms ordered by q then NES; first10 displayed; no category grouping
prerank,Cellular senescence,-0.4603278386646026,-1.7920367832808644,0.0,0.0422576630356965,0.1874,56/129,28.55%,Ccnd2;H2-K1;Ppp1cc;H2-D1;Ccnd3;H2-Q4;Map2k3;H2-T22;Rad50;Vdac2;H2-T23;Mapk1;Slc25a4;Vdac3;H2-Q6;Lin9;Trp53;Hipk1;Ccne1;Sirt1;Nfatc1;Ets1;Slc25a5;E2f4;H2-Q7;Rras2;Itpr2;Cdk4;Ccna2;Lin52;Map2k2;Pik3r1;Pten;Map2k6;Pik3ca;Akt2;H2-M3;Rheb;Raf1;Rbbp4;Mapk14;Sqstm1;Nfatc3;Cdk2;Tgfbr2;Tgfb1;Mdm2;Cdk6;Eif4ebp1;Smad3;Cdkn1a;Tgfbr1;Rbl1;Foxm1;Ppid;Pik3cb,tissue__spleen,full,KEGG_Mouse_2019,5000,16,False,All q<=.05 terms ordered by q then NES; first10 displayed; no category grouping
prerank,Chronic myeloid leukemia,-0.4978372046927654,-1.7419363718814187,0.0012857602057216,0.0475658916436289,0.3162,32/66,28.55%,Cdkn1b;Grb2;Chuk;Bax;Mapk1;Hdac2;Crkl;Trp53;Polk;Ikbkb;Cdk4;Map2k2;Pik3r1;Pik3ca;Akt2;Sos1;Raf1;Araf;Bcl2l1;Bcr;Tgfbr2;Ikbkg;Tgfb1;Mdm2;Cdk6;Hdac1;Smad3;Cdkn1a;Ctbp1;Tgfbr1;Bad;Pik3cb,tissue__spleen,full,KEGG_Mouse_2019,5000,17,False,All q<=.05 terms ordered by q then NES; first10 displayed; no category grouping
prerank,Hepatitis C,-0.4601472566422457,-1.7564430961410773,0.0006218905472636,0.0494133633650171,0.2766,51/110,28.82%,Ywhab;Grb2;Ywhae;Ctnnb1;Chuk;Ppp2cb;Fasl;Ppp2ca;Traf2;Bax;Mapk1;Eif3e;Stat3;Eif2s1;Jak1;Trp53;Ywhag;Gsk3b;Stat1;Ifnar2;Ikbkb;Cdk4;Ripk1;Ywhah;Ppp2r1b;Map2k2;Pik3r1;Ywhaq;Ifnar1;Stat2;Traf3;Pik3ca;Akt2;Sos1;Tbk1;Raf1;Pias1;Ifng;Araf;Cdk2;Irf3;Ikbkg;Cdk6;Tnfrsf1a;Traf6;Bid;Cdkn1a;Tradd;Bad;Pik3cb;Eif2ak3,tissue__spleen,full,KEGG_Mouse_2019,5000,18,False,All q<=.05 terms ordered by q then NES; first10 displayed; no category grouping
prerank,Ribosome,0.512502469358614,2.314252283046636,0.0,0.0,0.0,29/128,3.12%,Rps21;Rps27;Rpl35;Rpl37a;Rpl41;Rplp1;Rpl30;Rpl38;Rps15a;Rps23;Rpl34;Rpl39;Rpl36a;Rpl27;Rpl36;Rpl37;Rpl27a;Rpl22;Fau;Rpl23;Rpl35a;Rplp2;Mrps15;Rps12;Rps29;Rps17;Rps16;Rpl31;Rps26,cluster_tissue__C0__spleen,full,KEGG_Mouse_2019,5000,1,True,All q<=.05 terms ordered by q then NES; first10 displayed; no category grouping
prerank,Oxidative phosphorylation,0.4754067915418315,2.067182536740398,0.0,0.0048692573581258,0.0098,34/101,12.60%,Uqcr10;Ndufa3;Ndufb9;Cox17;Cox7a2;Atp5j2;Ndufa4;Ndufc1;Ndufa2;Ndufa13;Ndufb7;Cox7c;Cox8a;Ndufs6;Ndufb4;Cox6b1;Cox6c;Ndufa1;Ndufa8;Ndufv3;Cox7b;Ndufa7;Ndufb2;Atp5e;Ndufb11;Uqcr11;Lhpp;Cox6a1;Uqcrh;Atp6v1f;Ppa1;Ndufa5;Atp5j;Ndufa11,cluster_tissue__C0__spleen,full,KEGG_Mouse_2019,5000,2,True,All q<=.05 terms ordered by q then NES; first10 displayed; no category grouping
prerank,Parkinson disease,0.432859915785692,1.8897653315728125,0.0,0.0250279828207669,0.0918,33/101,14.52%,Uqcr10;Ndufa3;Ndufb9;Cox7a2;Ndufa4;Ndufc1;Ndufa2;Ndufa13;Ndufb7;Cox7c;Cox8a;Ndufs6;Ndufb4;Cox6b1;Cox6c;Ndufa1;Ndufa8;Ndufv3;Cox7b;Park7;Ndufa7;Ndufb2;Atp5e;Ndufb11;Cycs;Uqcr11;Cox6a1;Uqcrh;Ndufa5;Atp5j;Ndufa11;Vdac2;Ndufs4,cluster_tissue__C0__spleen,full,KEGG_Mouse_2019,5000,3,True,All q<=.05 terms ordered by q then NES; first10 displayed; no category grouping
prerank,Alzheimer disease,0.4211831581942492,1.8930127026998185,0.0,0.0316177111120972,0.0866,53/127,22.68%,Uqcr10;Ndufa3;Ndufb9;Cox7a2;Ndufa4;Adam17;Ndufc1;Ndufa2;Ndufa13;Ide;Mapk3;Ndufb7;Cox7c;Cox8a;Ndufs6;Ndufb4;Cox6b1;Cox6c;Ndufa1;Ndufa8;Nae1;Ndufv3;Cox7b;Ndufa7;Ndufb2;Atp5e;Ndufb11;Cycs;Ncstn;Uqcr11;Bace1;Gnaq;Cox6a1;Uqcrh;Psenen;Adam10;Ndufa5;Atp5j;Ndufa11;Ndufs4;Ppp3ca;Casp9;Cdk5r1;Ryr3;Ppp3r1;Plcb3;Plcb2;Hsd17b10;Tnfrsf1a;Sdha;Psen1;Uqcrb;Bad,cluster_tissue__C0__spleen,full,KEGG_Mouse_2019,5000,4,True,All q<=.05 terms ordered by q then NES; first10 displayed; no category grouping
prerank,Non-alcoholic fatty liver disease (NAFLD),0.4097707511728993,1.8271895638809543,0.0,0.0424988782217225,0.1796,28/116,6.81%,Jun;Uqcr10;Ndufa3;Prkag1;Ndufb9;Cox7a2;Ndufa4;Ndufc1;Ndufa2;Ndufa13;Ndufb7;Cox7c;Cox8a;Ndufs6;Ndufb4;Cox6b1;Cox6c;Ndufa1;Ndufa8;Ndufv3;Mapk8;Cox7b;Ndufa7;Ndufb2;Mlxip;Ndufb11;Cycs;Uqcr11,cluster_tissue__C0__spleen,full,KEGG_Mouse_2019,5000,5,True,All q<=.05 terms ordered by q then NES; first10 displayed; no category grouping
prerank,Ribosome,0.5273491601911032,2.37151869559619,0.0,0.0,0.0,57/128,15.42%,Rpl41;Rpl37a;Rps20;Rpl35a;Rps15a;Rps21;Rpl39;Rps29;Rpl37;Rpl30;Rps15;Rplp1;Fau;Rps24;Mrps14;Rpl38;Rpl36al;Rps28;Rps18;Rpl34;Rpl36;Rps26;Mrpl21;Rpl35;Rps17;Rps19;Mrps16;Mrpl10;Rps13;Mrpl3;Rpl27;Rpl22;Rpl27a;Mrpl9;Rpl23;Mrpl18;Rps23;Mrpl32;Rps27a;Mrpl17;Rpl28;Rpl31;Rps27;Rps8;Rps25;Mrpl30;Mrpl33;Rps16;Rpl36a;Rps7;Rps10;Rps11;Mrps12;Rpl18;Mrps5;Rpsa;Mrpl2,cluster_tissue__C1__spleen,full,KEGG_Mouse_2019,5000,1,True,All q<=.05 terms ordered by q then NES; first10 displayed; no category grouping
prerank,Parkinson disease,0.4633529908395955,1.9917498884170912,0.0,0.0090485269147129,0.0258,34/101,15.45%,Ndufa4;Ubb;Ndufs5;Ndufa1;Ndufs2;Cox6c;Atp5e;Cox6b1;Uqcr10;Ndufs1;Atp5j;Cox8a;Atp5d;Cox5a;Uqcrh;Park7;Uqcr11;Atp5o;Apaf1;Atp5g1;Ndufa12;Uqcrb;Ndufv1;Cox5b;Ndufb4;Ndufa13;Adora2a;Slc25a4;Ndufa7;Prkaca;Cox4i1;Cox7a2l;Cox7b;Ndufb3,cluster_tissue__C1__spleen,full,KEGG_Mouse_2019,5000,2,True,All q<=.05 terms ordered by q then NES; first10 displayed; no category grouping
prerank,Oxidative phosphorylation,0.4523906791612996,1.9368790315565267,0.0,0.0122434388870684,0.0508,35/101,15.49%,Ndufa4;Ndufs5;Ndufa1;Ndufs2;Cox6c;Atp5e;Cox6b1;Uqcr10;Ndufs1;Atp5j;Cox8a;Atp5d;Cox5a;Uqcrh;Uqcr11;Atp5o;Atp6v1g1;Atp5g1;Atp5j2;Ndufa12;Uqcrb;Ndufv1;Cox5b;Ndufb4;Ndufa13;Tcirg1;Atp5l;Ndufa7;Atp6v0d1;Atp6v1b2;Cox4i1;Cox7a2l;Cox7b;Ndufb3;Atp6v1a,cluster_tissue__C1__spleen,full,KEGG_Mouse_2019,5000,3,True,All q<=.05 terms ordered by q then NES; first10 displayed; no category grouping
prerank,Arrhythmogenic right ventricular cardiomyopathy (ARVC),0.5818216334269853,1.880903577642694,0.0,0.0179965146414847,0.097,12/26,26.01%,Itgb7;Itga6;Actb;Cacna2d4;Ctnna1;Itgb3;Actg1;Itgb1;Jup;Sgcb;Itga1;Ctnnb1,cluster_tissue__C1__spleen,full,KEGG_Mouse_2019,5000,4,True,All q<=.05 terms ordered by q then NES; first10 displayed; no category grouping
prerank,Hypertrophic cardiomyopathy (HCM),0.5372402770117052,1.8016528904451297,0.0004353504571179,0.0336471148976734,0.2116,12/30,24.50%,Itgb7;Prkab1;Itga6;Actb;Tgfb1;Cacna2d4;Itgb3;Actg1;Itgb1;Sgcb;Prkag1;Itga1,cluster_tissue__C1__spleen,full,KEGG_Mouse_2019,5000,5,True,All q<=.05 terms ordered by q then NES; first10 displayed; no category grouping
prerank,Ribosome,0.7762342630929472,3.22068441114382,0.0,0.0,0.0,79/128,7.51%,Rps20;Rpl36a;Rpl11;Rpl34;Rpl36;Rpl23;Rpl22;Rpl38;Rps23;Fau;Rpl30;Rpl41;Rpl27;Rps15a;Rps21;Rpl37a;Rps28;Rpl32;Rpl36al;Rpl18a;Rps29;Mrpl15;Rps5;Rps24;Rps18;Rps27;Mrps16;Rps3a1;Rps8;Rpl28;Rpl19;Rplp1;Rplp2;Rpl21;Rps27a;Rpl35;Rps26;Rpl35a;Mrpl18;Rpl27a;Rpl6;Rps19;Rps27rt;Rps10;Mrpl13;Mrps21;Mrps18a;Mrpl20;Rpl13a;Rplp0;Rpl15;Rps13;Rpl26;Mrpl12;Rps11;Mrpl23;Uba52;Rpl10a;Mrpl9;Rpl37;Rps16;Mrpl14;Rpl3;Rpl17;Rpl4;Rps12;Rpl24;Rpl5;Rpl39;Rpsa;Rps14;Mrpl34;Rpl31;Rps15;Rps2;Mrps17;Rps7;Rpl9;Mrpl19,cluster_tissue__C2__spleen,full,KEGG_Mouse_2019,5000,1,True,All q<=.05 terms ordered by q then NES; first10 displayed; no category grouping
prerank,Oxidative phosphorylation,0.669786884772844,2.683907826913913,0.0,0.0,0.0,63/101,20.02%,Atp5h;Atp5j;Ndufb11;Cox17;Cox6a1;Ndufa1;Ndufb9;Ndufb4;Cox6c;Atp5b;Ndufs5;Ndufb5;Ndufa4;Ndufa12;Ndufa9;Ndufc2;Sdhb;Ndufb3;Cox5b;Cox7a2;Uqcr10;Cox6b1;Atp5g3;Uqcr11;Ndufs6;Ndufb7;Atp5g2;Atp5o;Ppa1;Cox8a;Cox5a;Atp6v0c;Atp5d;Uqcrfs1;Cox4i1;Uqcrh;Atp5a1;Ndufa2;Ndufv2;Atp6v0e;Atp5j2;Ndufb6;Ndufs7;Ndufa7;Atp6v0d2;Ndufs1;Ndufa3;Atp5e;Ndufs3;Atp6v1f;Sdhc;Atp6v1b2;Ppa2;Uqcrb;Ndufb8;Ndufa10;Ndufc1;Atp5f1;Ndufb10;Cox7a2l;Ndufa13;Ndufa5;Ndufab1,cluster_tissue__C2__spleen,full,KEGG_Mouse_2019,5000,2,True,All q<=.05 terms ordered by q then NES; first10 displayed; no category grouping
prerank,Alzheimer disease,0.61789083391845,2.5563613736731874,0.0,0.0,0.0,64/127,20.02%,Atp5h;Calm3;Atp5j;Ndufb11;Cox6a1;Ndufa1;Ndufb9;Ndufb4;Cycs;Cox6c;Atp5b;Ndufs5;Ndufb5;Ndufa4;Ndufa12;Ndufa9;Ndufc2;Sdhb;Ndufb3;Cox5b;Cox7a2;Uqcr10;Cox6b1;Atp5g3;Uqcr11;Ndufs6;Ndufb7;Atp5g2;Atp5o;Cox8a;Cox5a;Atp5d;Uqcrfs1;Cox4i1;Uqcrh;Atp5a1;Ndufa2;Ndufv2;Ndufb6;Ndufs7;Ndufa7;Ndufs1;Ndufa3;Itpr3;Atp5e;Mapk3;Ndufs3;Adam10;Gapdh;Rtn3;Sdhc;Fadd;Uqcrb;Ncstn;Ndufb8;Ndufa10;Fas;Ndufc1;Atp5f1;Ndufb10;Cox7a2l;Ndufa13;Ndufa5;Ndufab1,cluster_tissue__C2__spleen,full,KEGG_Mouse_2019,5000,3,True,All q<=.05 terms ordered by q then NES; first10 displayed; no category grouping
prerank,Parkinson disease,0.6384893141233023,2.552008784096597,0.0,0.0,0.0,62/101,20.02%,Ubb;Atp5h;Park7;Atp5j;Ndufb11;Cox6a1;Ndufa1;Ndufb9;Ndufb4;Cycs;Cox6c;Atp5b;Ndufs5;Ndufb5;Ndufa4;Ndufa12;Ndufa9;Ndufc2;Sdhb;Ndufb3;Vdac3;Cox5b;Cox7a2;Uqcr10;Cox6b1;Atp5g3;Uqcr11;Ndufs6;Ndufb7;Atp5g2;Atp5o;Cox8a;Cox5a;Atp5d;Uqcrfs1;Cox4i1;Uqcrh;Atp5a1;Ndufa2;Ndufv2;Ndufb6;Ndufs7;Ndufa7;Ndufs1;Ndufa3;Atp5e;Ndufs3;Ube2g2;Sdhc;Uba1;Uqcrb;Ndufb8;Ube2j2;Ndufa10;Ndufc1;Atp5f1;Slc25a4;Ndufb10;Cox7a2l;Ndufa13;Ndufa5;Ndufab1,cluster_tissue__C2__spleen,full,KEGG_Mouse_2019,5000,4,True,All q<=.05 terms ordered by q then NES; first10 displayed; no category grouping
prerank,Thermogenesis,0.5521122148893806,2.381850410232975,0.0,0.0,0.0,79/167,20.02%,Actb;Atp5h;Atp5j;Ndufb11;Cox17;Cox6a1;Ndufa1;Gnas;Ndufb9;Ndufb4;Cox6c;Actg1;Prkag1;Atp5b;Ndufs5;Ndufb5;Creb3;Ndufa4;Ndufa12;Ndufa9;Ndufc2;Sdhb;Ndufb3;Cox5b;Cox7a2;Uqcr10;Cox6b1;Atp5g3;Uqcr11;Ndufs6;Coa3;Ndufb7;Atp5g2;Atp5o;Cox8a;Cox5a;Rheb;Atp5d;Uqcrfs1;Cox4i1;Uqcrh;Atp5a1;Ndufa2;Ndufaf7;Ndufv2;Atp5j2;Cox19;Ndufb6;Ndufs7;Ndufa7;Ndufs1;Ndufa3;Atp5e;Coa7;Ndufs3;Grb2;Ndufaf4;Smarcd2;Cox20;Sdhc;Cpt2;Map3k5;Mgll;Ndufaf1;Sos2;Uqcrb;Ndufaf2;Ndufb8;Ndufa10;Map2k3;Smarcb1;Ndufc1;Atp5f1;Rps6;Ndufb10;Cox7a2l;Ndufa13;Ndufa5;Ndufab1,cluster_tissue__C2__spleen,full,KEGG_Mouse_2019,5000,5,True,All q<=.05 terms ordered by q then NES; first10 displayed; no category grouping
prerank,Huntington disease,0.5617422607178336,2.3568960656870277,0.0,0.0,0.0,68/141,20.02%,Atp5h;Atp5j;Ndufb11;Polr2j;Cox6a1;Ndufa1;Ndufb9;Ndufb4;Cycs;Cox6c;Atp5b;Ndufs5;Ndufb5;Creb3;Ndufa4;Ndufa12;Ndufa9;Ndufc2;Sdhb;Ndufb3;Vdac3;Cox5b;Cox7a2;Uqcr10;Cox6b1;Atp5g3;Uqcr11;Ndufs6;Ndufb7;Atp5g2;Atp5o;Cox8a;Cox5a;Atp5d;Uqcrfs1;Cox4i1;Polr2e;Uqcrh;Atp5a1;Ndufa2;Ndufv2;Ndufb6;Ndufs7;Ndufa7;Polr2g;Ndufs1;Ap2m1;Ndufa3;Atp5e;Ndufs3;Polr2c;Dctn1;Sdhc;Polr2l;Uqcrb;Ndufb8;Ap2s1;Ndufa10;Polr2h;Ndufc1;Gpx1;Atp5f1;Slc25a4;Ndufb10;Cox7a2l;Ndufa13;Ndufa5;Ndufab1,cluster_tissue__C2__spleen,full,KEGG_Mouse_2019,5000,6,True,All q<=.05 terms ordered by q then NES; first10 displayed; no category grouping
prerank,Non-alcoholic fatty liver disease (NAFLD),0.5736819700631974,2.350127517037996,0.0,0.0,0.0,56/116,20.02%,Ndufb11;Cox6a1;Ndufa1;Ndufb9;Ndufb4;Cycs;Cox6c;Prkag1;Ndufs5;Ndufb5;Ndufa4;Cdc42;Ndufa12;Ndufa9;Ndufc2;Sdhb;Ndufb3;Cox5b;Cox7a2;Uqcr10;Srebf1;Cox6b1;Uqcr11;Ndufs6;Adipor1;Ndufb7;Cox8a;Cox5a;Uqcrfs1;Cox4i1;Uqcrh;Ndufa2;Ndufv2;Rac1;Ndufb6;Ndufs7;Ndufa7;Tgfb1;Ndufs1;Ndufa3;Ndufs3;Rela;Sdhc;Map3k5;Mlxip;Uqcrb;Ndufb8;Ndufa10;Fas;Ndufc1;Xbp1;Ndufb10;Cox7a2l;Ndufa13;Ndufa5;Ndufab1,cluster_tissue__C2__spleen,full,KEGG_Mouse_2019,5000,7,True,All q<=.05 terms ordered by q then NES; first10 displayed; no category grouping
prerank,Cardiac muscle contraction,0.6852958109691328,2.1902950914876302,0.0,2.577602216082331e-05,0.0002,14/32,4.66%,Cox6a1;Cox6c;Atp1b3;Cox5b;Cox7a2;Uqcr10;Cox6b1;Uqcr11;Tpm4;Cox8a;Cox5a;Uqcrfs1;Cox4i1;Uqcrh,cluster_tissue__C2__spleen,full,KEGG_Mouse_2019,5000,8,True,All q<=.05 terms ordered by q then NES; first10 displayed; no category grouping
prerank,Retrograde endocannabinoid signaling,0.5647230585435652,2.1502852051494,0.0,6.873605909552882e-05,0.0006,35/74,20.02%,Ndufb11;Ndufa1;Ndufb9;Ndufb4;Gng5;Ndufs5;Ndufb5;Ndufa4;Ndufa12;Ndufa9;Ndufc2;Ndufb3;Ndufs6;Ndufb7;Ndufa2;Ndufv2;Ndufb6;Ndufs7;Ndufa7;Gnb2;Ndufs1;Ndufa3;Itpr3;Mapk3;Ndufs3;Faah;Mgll;Ndufb8;Ndufa10;Ndufc1;Gnb1;Ndufb10;Ndufa13;Ndufa5;Ndufab1,cluster_tissue__C2__spleen,full,KEGG_Mouse_2019,5000,9,True,All q<=.05 terms ordered by q then NES; first10 displayed; no category grouping
prerank,Proteasome,0.6133795192995797,2.10069744035861,0.0,0.0001237249063719,0.001,22/44,19.63%,Psmb6;Psmd4;Sem1;Psmb3;Psma2;Psma4;Psme3;Psmb1;Psmd7;Psmd12;Psma5;Psme2;Psmd2;Psma6;Psmc6;Psmb8;Psmc1;Pomp;Psmc3;Psmc2;Psmd6;Psmb10,cluster_tissue__C2__spleen,full,KEGG_Mouse_2019,5000,10,True,All q<=.05 terms ordered by q then NES; first10 displayed; no category grouping
prerank,Oxidative phosphorylation,0.7324306022285763,2.914371113014328,0.0,0.0,0.0,43/101,4.38%,Cox6c;Atp5e;Ndufa13;Cox8a;Ndufa4;Cox7c;Atp5l;Cox6b1;Ndufa7;Cox7a2;Cox5b;Atp5j2;Atp5j;Cox17;Ndufa2;Cox7b;Uqcrb;Ndufv3;Ndufs6;Ndufa3;Ndufa1;Ndufb7;Uqcr11;Ndufb4;Uqcr10;Ndufb3;Uqcrq;Ndufb2;Uqcrh;Ndufa6;Ndufb11;Cox10;Ndufc1;Atp5k;Cox6a1;Atp5g1;Ndufa5;Ndufa11;Ndufs5;Ndufc2;Ndufa12;Ndufb6;Cox15,cluster_tissue__C3__spleen,full,KEGG_Mouse_2019,5000,1,True,All q<=.05 terms ordered by q then NES; first10 displayed; no category grouping
prerank,Parkinson disease,0.6889382508234372,2.761174989548341,0.0,0.0,0.0,37/101,3.19%,Cox6c;Atp5e;Ndufa13;Cox8a;Ndufa4;Cox7c;Cox6b1;Ndufa7;Cox7a2;Cox5b;Atp5j;Ndufa2;Cox7b;Uqcrb;Ndufv3;Ndufs6;Ndufa3;Ndufa1;Ndufb7;Uqcr11;Ndufb4;Uqcr10;Ndufb3;Ubb;Uqcrq;Ndufb2;Uqcrh;Ndufa6;Ndufb11;Ndufc1;Cox6a1;Atp5g1;Ndufa5;Ndufa11;Ndufs5;Ndufc2;Ndufa12,cluster_tissue__C3__spleen,full,KEGG_Mouse_2019,5000,2,True,All q<=.05 terms ordered by q then NES; first10 displayed; no category grouping
prerank,Ribosome,0.6601637663439605,2.7455161259186087,0.0,0.0,0.0,50/128,2.54%,Rpl37a;Rps21;Rpl41;Rpl30;Rps15a;Rps27;Rpl39;Rpl37;Rpl34;Rpl36;Rplp1;Rpl35a;Rpl38;Rplp2;Rpl23;Rpl27;Fau;Rpl35;Rpl27a;Rpl22;Rps26;Rps28;Rpl36a;Rps23;Rps12;Rps29;Rps19;Rps24;Rps20;Rps13;Rpl36al;Rps25;Rps15;Uba52;Rps16;Rpl26;Rps18;Mrpl23;Rpl31;Rps8;Rps14;Rpl28;Rpl32;Rpl22l1;Mrps21;Rpl21;Rps11;Mrpl33;Mrpl10;Rps27a,cluster_tissue__C3__spleen,full,KEGG_Mouse_2019,5000,3,True,All q<=.05 terms ordered by q then NES; first10 displayed; no category grouping
prerank,Alzheimer disease,0.6625843672733235,2.7388871365992307,0.0,0.0,0.0,38/127,3.34%,Cox6c;Atp5e;Ndufa13;Cox8a;Ndufa4;Cox7c;Cox6b1;Ndufa7;Cox7a2;Cox5b;Atp5j;Ndufa2;Cox7b;Uqcrb;Ndufv3;Ndufs6;Ndufa3;Ndufa1;Ndufb7;Uqcr11;Ndufb4;Uqcr10;Ndufb3;Uqcrq;Ndufb2;Uqcrh;Ndufa6;Ndufb11;Ndufc1;Cox6a1;Atp5g1;Ndufa5;Ndufa11;Casp8;Ndufs5;Ndufc2;Ndufa12;Psenen,cluster_tissue__C3__spleen,full,KEGG_Mouse_2019,5000,4,True,All q<=.05 terms ordered by q then NES; first10 displayed; no category grouping
prerank,Thermogenesis,0.6274534487999837,2.725326482245192,0.0,0.0,0.0,46/167,3.19%,Actb;Cox6c;Atp5e;Ndufa13;Cox8a;Ndufa4;Cox7c;Atp5l;Cox6b1;Actg1;Ndufa7;Cox7a2;Cox5b;Atp5j2;Atp5j;Cox17;Ndufa2;Cox7b;Uqcrb;Ndufv3;Ndufs6;Ndufa3;Cox14;Ndufa1;Ndufb7;Uqcr11;Ndufb4;Uqcr10;Cox20;Ndufb3;Uqcrq;Ndufb2;Uqcrh;Ndufa6;Ndufb11;Cox10;Ndufc1;Atp5k;Cox6a1;Atp5g1;Ndufa5;Ndufa11;Ndufs5;Ndufc2;Cox16;Ndufa12,cluster_tissue__C3__spleen,full,KEGG_Mouse_2019,5000,5,True,All q<=.05 terms ordered by q then NES; first10 displayed; no category grouping
prerank,Non-alcoholic fatty liver disease (NAFLD),0.6469272771710172,2.643158674217736,0.0,0.0,0.0,35/116,3.19%,Jun;Cox6c;Ndufa13;Cox8a;Ndufa4;Cox7c;Cox6b1;Ndufa7;Cox7a2;Cox5b;Ndufa2;Cox7b;Uqcrb;Ndufv3;Ndufs6;Ndufa3;Ndufa1;Ndufb7;Uqcr11;Ndufb4;Uqcr10;Ndufb3;Uqcrq;Ndufb2;Uqcrh;Ndufa6;Ndufb11;Ndufc1;Cox6a1;Ndufa5;Ndufa11;Casp8;Ndufs5;Ndufc2;Ndufa12,cluster_tissue__C3__spleen,full,KEGG_Mouse_2019,5000,6,True,All q<=.05 terms ordered by q then NES; first10 displayed; no category grouping
prerank,Huntington disease,0.6177977982314159,2.611509964465193,0.0,0.0,0.0,39/141,3.51%,Cox6c;Atp5e;Ndufa13;Cox8a;Ndufa4;Cox7c;Cox6b1;Ndufa7;Cox7a2;Cox5b;Atp5j;Ndufa2;Cox7b;Uqcrb;Ndufv3;Ndufs6;Ndufa3;Ndufa1;Ndufb7;Uqcr11;Ndufb4;Uqcr10;Ndufb3;Uqcrq;Ndufb2;Uqcrh;Ndufa6;Ndufb11;Ndufc1;Cox6a1;Atp5g1;Ndufa5;Ndufa11;Casp8;Ndufs5;Polr2l;Ndufc2;Ndufa12;Polr2i,cluster_tissue__C3__spleen,full,KEGG_Mouse_2019,5000,7,True,All q<=.05 terms ordered by q then NES; first10 displayed; no category grouping
prerank,Retrograde endocannabinoid signaling,0.6435254831363355,2.42332636065212,0.0,2.1761147038764872e-05,0.0002,25/74,5.59%,Ndufa13;Ndufa4;Ndufa7;Ndufa2;Ndufv3;Ndufs6;Ndufa3;Ndufa1;Ndufb7;Ndufb4;Ndufb3;Ndufb2;Ndufa6;Ndufb11;Ndufc1;Ndufa5;Ndufa11;Ndufs5;Gng5;Ndufc2;Ndufa12;Ndufb6;Gngt2;Prkca;Ndufs4,cluster_tissue__C3__spleen,full,KEGG_Mouse_2019,5000,8,True,All q<=.05 terms ordered by q then NES; first10 displayed; no category grouping
prerank,Cardiac muscle contraction,0.7749423644611628,2.438695595082577,0.0,2.448129041861048e-05,0.0002,13/32,1.99%,Cox6c;Cox8a;Cox7c;Cox6b1;Cox7a2;Cox5b;Cox7b;Uqcrb;Uqcr11;Uqcr10;Uqcrq;Uqcrh;Cox6a1,cluster_tissue__C3__spleen,full,KEGG_Mouse_2019,5000,9,True,All q<=.05 terms ordered by q then NES; first10 displayed; no category grouping
prerank,Cocaine addiction,0.6369268565068014,1.878953023956196,0.0105204872646733,0.0333141400016451,0.2442,2/22,0.24%,Jun;Fosb,cluster_tissue__C3__spleen,full,KEGG_Mouse_2019,5000,10,True,All q<=.05 terms ordered by q then NES; first10 displayed; no category grouping
prerank,Ribosome,0.6362357129320996,2.9234749593942806,0.0,0.0,0.0,52/128,9.11%,Rps21;Rpl41;Rpl37a;Rps27;Rplp2;Rpl37;Rpl39;Rpl38;Rpl35a;Rps15a;Fau;Rplp1;Rpl22;Rps26;Rpl34;Rpl27a;Rpl27;Rps19;Rpl36;Rpl30;Uba52;Rps23;Rpl23;Rps12;Rps28;Rps29;Rps24;Rps20;Rpl32;Rpl36a;Mrps18c;Rps16;Rpl35;Rps25;Mrpl3;Rps13;Rpl36al;Rps8;Rpl22l1;Rps14;Rps18;Rpl28;Mrpl23;Rpl39l;Mrpl36;Mrpl27;Mrpl16;Rps17;Mrps21;Mrpl21;Mrpl33;Rps11,cluster_tissue__C4__spleen,full,KEGG_Mouse_2019,5000,1,True,All q<=.05 terms ordered by q then NES; first10 displayed; no category grouping
prerank,Oxidative phosphorylation,0.4554930874337684,2.0164660407850965,0.0,0.0084649747274436,0.0228,55/101,28.82%,Atp5e;Ndufa2;Ndufa7;Cox8a;Cox7c;Ndufa4;Ndufb4;Atp5k;Atp5j2;Atp5l;Ndufa13;Ndufv3;Uqcr10;Cox6c;Atp5h;Atp5j;Uqcrh;Ndufs6;Cox10;Ndufa6;Cox7b;Cox7a2;Cox6b1;Ndufb9;Ndufb11;Atp5b;Uqcrq;Atp6v1h;Ndufb7;Cox15;Ndufs2;Lhpp;Ndufs4;Atp6v1g1;Ndufb6;Atp6v0a2;Atp5g1;Atp6v1c1;Ndufa9;Atp5g2;Ndufb2;Ndufa11;Ndufa5;Cox6a1;Ndufa3;Ndufc1;Atp6v1a;Uqcrc1;Uqcr11;Ndufs3;Ndufs7;Cox5b;Uqcrb;Ndufv1;Atp6ap1,cluster_tissue__C4__spleen,full,KEGG_Mouse_2019,5000,2,True,All q<=.05 terms ordered by q then NES; first10 displayed; no category grouping
prerank,Thermogenesis,0.3995694515273844,1.9178254736716325,0.0,0.0221029895661028,0.0846,44/167,9.17%,Atp5e;Actb;Ndufa2;Ndufa7;Cox8a;Cox7c;Ndufa4;Ndufb4;Atp5k;Atp5j2;Atp5l;Ndufa13;Actg1;Ndufv3;Uqcr10;Cox6c;Ndufaf4;Creb1;Adcy7;Cox20;Atp5h;Atp5j;Sos2;Sirt6;Pnpla2;Uqcrh;Ndufs6;Cox10;Smarcd2;Ndufa6;Cox14;Coa7;Nras;Cox7b;Cox7a2;Smarca4;Frs2;Cox6b1;Slc25a20;Mlst8;Cox18;Kdm3a;Ndufb9;Hras,cluster_tissue__C4__spleen,full,KEGG_Mouse_2019,5000,3,True,All q<=.05 terms ordered by q then NES; first10 displayed; no category grouping
prerank,Ribosome,0.6016823018085261,2.678735046369589,0.0,0.0,0.0,45/128,2.92%,Rps21;Rpl41;Rpl37a;Rpl39;Rpl35a;Rps15a;Rps26;Rps27;Rpl30;Rpl35;Rpl36;Rpl38;Rplp2;Fau;Rpl34;Rpl23;Rps28;Rpl22;Rps29;Rpl36a;Rps12;Rpl37;Rpl32;Rps25;Rps19;Rpl27;Rps23;Rpl27a;Rps24;Rplp1;Rps20;Mrps21;Rpl28;Rps16;Rpl36al;Uba52;Rps13;Rps14;Rps27a;Rps11;Rpl22l1;Rps18;Rpl21;Rps8;Rps15,cluster_tissue__C5-1__spleen,full,KEGG_Mouse_2019,5000,1,True,All q<=.05 terms ordered by q then NES; first10 displayed; no category grouping
prerank,Oxidative phosphorylation,0.5315987612495761,2.271320342468236,0.0,8.355700245950994e-05,0.0002,25/101,5.54%,Cox6c;Ndufv3;Ndufa13;Cox8a;Atp5e;Ndufa2;Ndufb3;Ndufa1;Cox7c;Atp5k;Cox6b1;Uqcr11;Ndufc1;Atp5j;Atp5l;Ndufb4;Cox17;Atp6v0d2;Ndufa4;Ndufb11;Ndufa3;Uqcrc1;Cox7b;Uqcr10;Atp6v1g1,cluster_tissue__C5-1__spleen,full,KEGG_Mouse_2019,5000,2,True,All q<=.05 terms ordered by q then NES; first10 displayed; no category grouping
prerank,Alzheimer disease,0.486877188192072,2.174776064425078,0.0,0.0004456373464507,0.0016,43/127,17.60%,Cox6c;Ndufv3;Ndufa13;Cox8a;Atp5e;Ndufa2;Ndufb3;Ndufa1;Cox7c;Cox6b1;Uqcr11;Ndufc1;Atp5j;Ndufb4;Ide;Ndufa4;Itpr1;Ndufb11;Ndufa3;Uqcrc1;Itpr3;Cdk5r1;Cox7b;Uqcr10;Ppp3ca;Ncstn;Cox6a1;Atf6;Psenen;Cox7a2;Ern1;Cox5b;Eif2ak3;Ndufa11;Ppp3cc;Ndufb2;Fas;Ndufs7;Plcb4;Ndufs4;Ndufb7;Atp5h;Casp8,cluster_tissue__C5-1__spleen,full,KEGG_Mouse_2019,5000,3,True,All q<=.05 terms ordered by q then NES; first10 displayed; no category grouping
prerank,Parkinson disease,0.4932805015882299,2.114709414144817,0.0,0.0012115765356628,0.0058,22/101,4.41%,Cox6c;Ndufv3;Ndufa13;Cox8a;Atp5e;Ubb;Ndufa2;Ndufb3;Ndufa1;Cox7c;Cox6b1;Uqcr11;Ndufc1;Atp5j;Ndufb4;Ndufa4;Ndufb11;Ndufa3;Uqcrc1;Uba7;Cox7b;Uqcr10,cluster_tissue__C5-1__spleen,full,KEGG_Mouse_2019,5000,4,True,All q<=.05 terms ordered by q then NES; first10 displayed; no category grouping
prerank,Non-alcoholic fatty liver disease (NAFLD),0.4607778714836938,2.017491014279849,0.0,0.0037099309092022,0.0214,39/116,17.60%,Jun;Cox6c;Ndufv3;Ndufa13;Cox8a;Ndufa2;Ndufb3;Ndufa1;Cox7c;Cox6b1;Uqcr11;Ndufc1;Ndufb4;Ndufa4;Ndufb11;Ndufa3;Uqcrc1;Cox7b;Uqcr10;Cox6a1;Adipor2;Akt2;Mlxip;Il6ra;Cox7a2;Ern1;Cox5b;Eif2ak3;Ndufa11;Insr;Srebf1;Ndufb2;Fas;Ndufs7;Cdc42;Ndufs4;Akt1;Ndufb7;Casp8,cluster_tissue__C5-1__spleen,full,KEGG_Mouse_2019,5000,5,True,All q<=.05 terms ordered by q then NES; first10 displayed; no category grouping
prerank,Cardiac muscle contraction,0.5815054510818604,1.9686297609801744,0.0,0.0065174461918417,0.043,12/32,12.91%,Cox6c;Cox8a;Cox7c;Cox6b1;Uqcr11;Uqcrc1;Cox7b;Uqcr10;Cacnb1;Cox6a1;Cox7a2;Cox5b,cluster_tissue__C5-1__spleen,full,KEGG_Mouse_2019,5000,6,True,All q<=.05 terms ordered by q then NES; first10 displayed; no category grouping
prerank,Huntington disease,0.42680350646219,1.9299925696028688,0.0,0.0093822577047392,0.0714,45/141,18.83%,Cox6c;Ndufv3;Ndufa13;Cox8a;Atp5e;Ndufa2;Ndufb3;Ndufa1;Cox7c;Cox6b1;Uqcr11;Ndufc1;Atp5j;Dlg4;Ndufb4;Ift57;Ndufa4;Itpr1;Ndufb11;Ndufa3;Uqcrc1;Nrf1;Cox7b;Uqcr10;Ap2a2;Dctn1;Cox6a1;Creb3l1;Cox7a2;Dctn4;Cox5b;Ndufa11;Ndufb2;Ndufs7;Plcb4;Polr2d;Dctn2;Ndufs4;Ap2a1;Ndufb7;Atp5h;Ap2b1;Casp8;Dnal4;Ndufs1,cluster_tissue__C5-1__spleen,full,KEGG_Mouse_2019,5000,7,True,All q<=.05 terms ordered by q then NES; first10 displayed; no category grouping
prerank,Thermogenesis,0.3963202196618871,1.8338094660502584,0.0,0.0260697847673671,0.2024,61/167,21.96%,Cox6c;Ndufv3;Ndufa13;Cox8a;Atp5e;Ndufa2;Ndufb3;Ndufa1;Cox7c;Atp5k;Cox6b1;Cox14;Uqcr11;Ndufc1;Atp5j;Atp5l;Cox16;Ndufb4;Cox17;Ndufa4;Ndufb11;Ndufa3;Uqcrc1;Cox7b;Uqcr10;Actb;Cox6a1;Cpt1b;Creb3l1;Coa5;Sos1;Atp5j2;Acsl3;Cox7a2;Coa6;Kdm3b;Cox5b;Actg1;Ndufa11;Ndufb2;Ndufs7;Smarcc2;Slc25a20;Ndufs4;Ndufb7;Smarcd2;Atp5h;Pnpla2;Adcy7;Rps6ka3;Ndufs1;Ndufaf3;Atp5f1;Ndufs2;Cox10;Mtor;Zfp516;Prkaca;Mgll;Gnas;Ndufb6,cluster_tissue__C5-1__spleen,full,KEGG_Mouse_2019,5000,8,True,All q<=.05 terms ordered by q then NES; first10 displayed; no category grouping
prerank,Retrograde endocannabinoid signaling,0.4399064800257168,1.7764874110792488,0.0007390983000739,0.0417970694525237,0.3264,27/74,21.96%,Ndufv3;Ndufa13;Ndufa2;Ndufb3;Ndufa1;Ndufc1;Ndufb4;Ndufa4;Itpr1;Ndufb11;Ndufa3;Itpr3;Gng10;Ndufa11;Ndufb2;Ndufs7;Abhd6;Plcb4;Ndufs4;Ndufb7;Prkca;Adcy7;Ndufs1;Ndufs2;Prkaca;Mgll;Ndufb6,cluster_tissue__C5-1__spleen,full,KEGG_Mouse_2019,5000,9,True,All q<=.05 terms ordered by q then NES; first10 displayed; no category grouping
prerank,Ribosome,0.6982590496290922,2.9670293006985595,0.0,0.0,0.0,46/128,2.10%,Rps21;Rpl37a;Rpl41;Rpl39;Rpl36;Rpl37;Rpl35a;Rpl34;Rps27;Rps15a;Rpl30;Rplp2;Rpl35;Rplp1;Fau;Rpl38;Rps26;Rpl36a;Rpl23;Rpl27;Rpl22;Rps29;Rps28;Rpl27a;Rps23;Rps24;Rps19;Rps20;Rps12;Rps13;Rps11;Rps25;Rps18;Rpl36al;Rpl22l1;Rpl32;Uba52;Rps14;Rps16;Rpl31;Rps15;Rpl26;Rpl21;Rps17;Rpl28;Rps27a,tissue__thymus,full,KEGG_Mouse_2019,5000,1,True,All q<=.05 terms ordered by q then NES; first10 displayed; no category grouping
prerank,Oxidative phosphorylation,0.6848443116307146,2.796934832864588,0.0,0.0,0.0,40/101,6.46%,Cox8a;Atp5e;Cox6c;Ndufa13;Cox7c;Ndufa2;Ndufa7;Ndufa4;Atp5l;Cox5b;Uqcrh;Ndufb3;Cox17;Cox7a2;Cox6b1;Ndufv3;Ndufa1;Atp5j2;Atp5k;Ndufb4;Uqcrq;Ndufc1;Ndufs6;Cox7b;Ndufa3;Ndufb7;Uqcr10;Ndufa6;Atp5j;Ndufc2;Ndufs5;Ndufa5;Uqcr11;Uqcrb;Cox10;Ndufa11;Atp5h;Cox6a1;Ndufa10;Ndufa12,tissue__thymus,full,KEGG_Mouse_2019,5000,2,True,All q<=.05 terms ordered by q then NES; first10 displayed; no category grouping
prerank,Alzheimer disease,0.6215077388668568,2.622289533808943,0.0,0.0,0.0,42/127,8.12%,Cox8a;Atp5e;Cox6c;Ndufa13;Cox7c;Ndufa2;Ndufa7;Ndufa4;Cox5b;Uqcrh;Ndufb3;Cox7a2;Cox6b1;Ndufv3;Ndufa1;Ndufb4;Uqcrq;Ndufc1;Ndufs6;Cox7b;Ndufa3;Ndufb7;Uqcr10;Ndufa6;Atp5j;Ndufc2;Ndufs5;Mapk3;Ndufa5;Gapdh;Plcb4;Uqcr11;Calm3;Uqcrb;Ndufa11;Atp5h;Cox6a1;Ndufa10;Ndufa12;Atf6;Ndufb8;Capn1,tissue__thymus,full,KEGG_Mouse_2019,5000,3,True,All q<=.05 terms ordered by q then NES; first10 displayed; no category grouping
prerank,Parkinson disease,0.6309711736031633,2.588559795055964,0.0,0.0,0.0,36/101,6.46%,Cox8a;Atp5e;Cox6c;Ndufa13;Cox7c;Ndufa2;Ndufa7;Ndufa4;Ubb;Cox5b;Uqcrh;Ndufb3;Cox7a2;Cox6b1;Ndufv3;Ndufa1;Ndufb4;Uqcrq;Ndufc1;Ndufs6;Cox7b;Ndufa3;Ndufb7;Uqcr10;Ndufa6;Atp5j;Ndufc2;Ndufs5;Ndufa5;Uqcr11;Uqcrb;Ndufa11;Atp5h;Cox6a1;Ndufa10;Ndufa12,tissue__thymus,full,KEGG_Mouse_2019,5000,4,True,All q<=.05 terms ordered by q then NES; first10 displayed; no category grouping
prerank,Retrograde endocannabinoid signaling,0.6593835312357672,2.551541988192016,0.0,0.0,0.0,25/74,7.85%,Ndufa13;Ndufa2;Ndufa7;Ndufa4;Ndufb3;Gng5;Ndufv3;Ndufa1;Ndufb4;Ndufc1;Ndufs6;Ndufa3;Ndufb7;Ndufa6;Ndufc2;Ndufs5;Mapk3;Ndufa5;Plcb4;Mapk9;Ndufa11;Ndufa10;Ndufa12;Gngt2;Ndufb8,tissue__thymus,full,KEGG_Mouse_2019,5000,5,True,All q<=.05 terms ordered by q then NES; first10 displayed; no category grouping
prerank,Huntington disease,0.5747376986135708,2.469850582687988,0.0,0.0,0.0,41/141,6.46%,Cox8a;Atp5e;Cox6c;Ndufa13;Cox7c;Ndufa2;Ndufa7;Ndufa4;Cox5b;Uqcrh;Ndufb3;Cox7a2;Cox6b1;Ndufv3;Ndufa1;Ndufb4;Uqcrq;Ndufc1;Ndufs6;Cox7b;Ndufa3;Ndufb7;Uqcr10;Ndufa6;Atp5j;Ndufc2;Ndufs5;Sp1;Ndufa5;Plcb4;Uqcr11;Polr2i;Polr2a;Uqcrb;Polr2l;Ndufa11;Atp5h;Cox6a1;Creb3l2;Ndufa10;Ndufa12,tissue__thymus,full,KEGG_Mouse_2019,5000,6,True,All q<=.05 terms ordered by q then NES; first10 displayed; no category grouping
prerank,Non-alcoholic fatty liver disease (NAFLD),0.5811135748688,2.4333584831963053,0.0,0.0,0.0,39/116,7.86%,Cox8a;Cox6c;Ndufa13;Cox7c;Ndufa2;Ndufa7;Ndufa4;Cox5b;Uqcrh;Ndufb3;Cox7a2;Cox6b1;Ndufv3;Ndufa1;Ndufb4;Uqcrq;Ndufc1;Ndufs6;Cox7b;Ndufa3;Ndufb7;Uqcr10;Ndufa6;Ndufc2;Ndufs5;Ndufa5;Uqcr11;Tgfb1;Uqcrb;Mapk9;Jun;Ndufa11;Cox6a1;Ndufa10;Irs2;Ndufa12;Insr;Ndufb8;Bcl2l11,tissue__thymus,full,KEGG_Mouse_2019,5000,7,True,All q<=.05 terms ordered by q then NES; first10 displayed; no category grouping
prerank,Thermogenesis,0.5384642034240024,2.376846922769248,0.0,0.0,0.0,45/167,6.46%,Cox8a;Atp5e;Cox6c;Ndufa13;Cox7c;Ndufa2;Ndufa7;Ndufa4;Atp5l;Cox5b;Uqcrh;Ndufb3;Cox17;Cox7a2;Cox6b1;Ndufv3;Ndufa1;Atp5j2;Atp5k;Ndufb4;Uqcrq;Ndufc1;Ndufs6;Cox7b;Ndufa3;Ndufb7;Uqcr10;Actb;Ndufa6;Atp5j;Ndufc2;Ndufs5;Cox14;Ndufa5;Uqcr11;Uqcrb;Cox10;Cox20;Ndufa11;Atp5h;Cox6a1;Creb3l2;Ndufa10;Actg1;Ndufa12,tissue__thymus,full,KEGG_Mouse_2019,5000,8,True,All q<=.05 terms ordered by q then NES; first10 displayed; no category grouping
prerank,Cardiac muscle contraction,0.6723616589154664,2.189719857457731,0.0,0.0004564925881091,0.004,13/32,4.91%,Cox8a;Cox6c;Cox7c;Cox5b;Uqcrh;Cox7a2;Cox6b1;Uqcrq;Cox7b;Uqcr10;Uqcr11;Uqcrb;Cox6a1,tissue__thymus,full,KEGG_Mouse_2019,5000,9,True,All q<=.05 terms ordered by q then NES; first10 displayed; no category grouping
prerank,Oxidative phosphorylation,0.7331287548559116,2.6363747685304024,0.0,0.0,0.0,61/101,12.53%,Cox6c;Ndufc1;Cox7b;Atp5l;Ndufa2;Ndufs3;Uqcrb;Ndufa4;Cox17;Sdhd;Cox7c;Cox5a;Ndufab1;Ndufa13;Cox6b1;Ndufs7;Atp6v1g1;Ndufc2;Cox5b;Atp5c1;Ndufb5;Cox7a2;Ndufa8;Uqcrh;Atp6v1f;Uqcr10;Ndufb8;Ndufa6;Atp5e;Ndufb4;Ppa2;Ndufv1;Atp5k;Ndufb10;Cox6a1;Cox4i1;Atp5j2;Atp6v1e1;Ndufv2;Ndufb9;Uqcrc2;Ndufb7;Ndufa3;Atp5g1;Ndufa10;Ndufa12;Ndufs6;Atp6v0e;Atp5a1;Cox10;Atp5g3;Uqcrc1;Atp5g2;Atp5j;Cox8a;Uqcrq;Sdhc;Cox7a2l;Atp5o;Atp5h;Atp6v0c,cluster_tissue__C2__thymus,full,KEGG_Mouse_2019,5000,1,True,All q<=.05 terms ordered by q then NES; first10 displayed; no category grouping
prerank,Ribosome,0.6776546453408707,2.493341802891816,0.0,0.0,0.0,78/128,15.10%,Rplp2;Rpl15;Rpl22;Rpl38;Rps23;Rpl11;Rpl36a;Rps20;Rpl36al;Rpl27;Rps19;Rpl37;Rpl9;Rpsa;Rpl23;Rpl36;Rpl18a;Mrps9;Rpl6;Mrpl14;Rpl12;Rpl7;Rps21;Rpl13a;Mrps12;Rpl41;Rpl19;Mrpl4;Mrpl15;Rpl35;Rpl14;Rpl22l1;Rps17;Rps27a;Rpl3;Rpl28;Rps18;Rps28;Rpl30;Mrpl30;Uba52;Rpl37a;Mrpl18;Rpl39;Mrpl20;Rps13;Rps8;Rps27l;Mrpl22;Rps10;Rps9;Rps5;Rpl35a;Mrps14;Rps3;Mrps5;Rps15a;Mrpl34;Fau;Rps29;Rps26;Rpl27a;Rpl32;Mrps15;Mrpl13;Rps4x;Mrps16;Rpl7a;Rpl18;Mrpl36;Mrpl2;Rpl4;Rps6;Rplp1;Rps27;Rpl13;Mrps17;Rpl34,cluster_tissue__C2__thymus,full,KEGG_Mouse_2019,5000,2,True,All q<=.05 terms ordered by q then NES; first10 displayed; no category grouping
prerank,Alzheimer disease,0.666073833403819,2.461050654735468,0.0,0.0,0.0,65/127,12.48%,Cox6c;Ndufc1;Cox7b;Ndufa2;Ndufs3;Psen1;Hsd17b10;Uqcrb;Gapdh;Ndufa4;Sdhd;Cox7c;Cox5a;Ndufab1;Ndufa13;Cox6b1;Ndufs7;Capn1;Ndufc2;Cox5b;Atp5c1;Ndufb5;Cox7a2;Ndufa8;Uqcrh;Uqcr10;Ndufb8;Ndufa6;Atp5e;Ndufb4;Mapk3;Ndufv1;Ndufb10;Cox6a1;Cox4i1;Ndufv2;Nae1;Ndufb9;Uqcrc2;Ndufb7;Psenen;Rtn3;Ndufa3;Atp5g1;Ndufa10;Ndufa12;Ndufs6;Atp5a1;Atf6;Bad;Bid;Atp5g3;Uqcrc1;Calm1;Atp5g2;Calm3;Atp5j;Cox8a;Uqcrq;Sdhc;Cox7a2l;Ppp3ca;Atp5o;Ppp3cc;Atp5h,cluster_tissue__C2__thymus,full,KEGG_Mouse_2019,5000,3,True,All q<=.05 terms ordered by q then NES; first10 displayed; no category grouping
prerank,Parkinson disease,0.6700395635720403,2.4192799149575457,0.0,0.0,0.0,53/101,12.48%,Cox6c;Ndufc1;Cox7b;Ubb;Ndufa2;Ndufs3;Uqcrb;Ndufa4;Sdhd;Cox7c;Cox5a;Ndufab1;Ndufa13;Cox6b1;Ndufs7;Ndufc2;Cox5b;Atp5c1;Ndufb5;Cox7a2;Ndufa8;Uqcrh;Uqcr10;Ndufb8;Ndufa6;Atp5e;Ndufb4;Ndufv1;Slc25a4;Ndufb10;Cox6a1;Cox4i1;Ndufv2;Ndufb9;Uqcrc2;Ndufb7;Ndufa3;Atp5g1;Ndufa10;Ndufa12;Ndufs6;Atp5a1;Atp5g3;Gnai2;Uqcrc1;Atp5g2;Atp5j;Cox8a;Uqcrq;Sdhc;Cox7a2l;Atp5o;Atp5h,cluster_tissue__C2__thymus,full,KEGG_Mouse_2019,5000,4,True,All q<=.05 terms ordered by q then NES; first10 displayed; no category grouping
prerank,Huntington disease,0.6255096412797805,2.341057638478546,0.0,0.0,0.0,71/141,14.80%,Cox6c;Ndufc1;Gpx1;Cox7b;Ndufa2;Ndufs3;Polr2f;Uqcrb;Ndufa4;Sdhd;Dctn2;Polr2e;Cox7c;Cox5a;Ndufab1;Ndufa13;Cox6b1;Ndufs7;Polr2h;Ndufc2;Clta;Cox5b;Atp5c1;Ndufb5;Cox7a2;Ndufa8;Uqcrh;Uqcr10;Ndufb8;Ndufa6;Atp5e;Ndufb4;Tbpl1;Ndufv1;Slc25a4;Ndufb10;Cox6a1;Cox4i1;Ndufv2;Ndufb9;Uqcrc2;Ndufb7;Ndufa3;Atp5g1;Cltb;Ndufa10;Ndufa12;Ndufs6;Atp5a1;Bbc3;Polr2b;Atp5g3;Sod2;Uqcrc1;Polr2g;Atp5g2;Atp5j;Cox8a;Dctn4;Uqcrq;Hdac2;Sdhc;Cox7a2l;Atp5o;Atp5h;Ap2m1;Bax;Ap2b1;Ndufb6;Cltc;Vdac2,cluster_tissue__C2__thymus,full,KEGG_Mouse_2019,5000,5,True,All q<=.05 terms ordered by q then NES; first10 displayed; no category grouping
prerank,Cardiac muscle contraction,0.7352540646666267,2.2081404924898203,0.0,0.0,0.0,19/32,12.83%,Cox6c;Cox7b;Uqcrb;Cox7c;Cox5a;Cox6b1;Cox5b;Cox7a2;Uqcrh;Uqcr10;Cox6a1;Cox4i1;Uqcrc2;Tpm1;Uqcrc1;Cox8a;Uqcrq;Cox7a2l;Atp1b1,cluster_tissue__C2__thymus,full,KEGG_Mouse_2019,5000,6,True,All q<=.05 terms ordered by q then NES; first10 displayed; no category grouping
prerank,Thermogenesis,0.5810756172165383,2.203571450225084,0.0,0.0,0.0,77/167,16.59%,Cox6c;Ndufc1;Gnas;Tsc1;Cox7b;Atp5l;Ndufa2;Ndufs3;Uqcrb;Ndufa4;Cox17;Acsl4;Sdhd;Cox7c;Cox5a;Ndufab1;Ndufa13;Coa3;Cox6b1;Ndufs7;Ndufc2;Cox5b;Atp5c1;Ndufb5;Cox7a2;Ndufa8;Uqcrh;Uqcr10;Ndufb8;Ndufa6;Atp5e;Ndufb4;Ndufv1;Atp5k;Ndufb10;Cox6a1;Cox4i1;Actb;Atp5j2;Ndufv2;Actl6a;Ndufb9;Uqcrc2;Ndufb7;Ndufa3;Atp5g1;Cox20;Ndufa10;Ndufa12;Ndufs6;Atp5a1;Adcy6;Coa5;Cox10;Lipe;Smarcd1;Atp5g3;Sos2;Uqcrc1;Atp5g2;Atp5j;Cox8a;Uqcrq;Sdhc;Cox7a2l;Atp5o;Rheb;Atp5h;Grb2;Map2k3;Rps6;Actg1;Ndufb6;Map3k5;Acsl1;Coa7;Cpt2,cluster_tissue__C2__thymus,full,KEGG_Mouse_2019,5000,7,True,All q<=.05 terms ordered by q then NES; first10 displayed; no category grouping
prerank,Non-alcoholic fatty liver disease (NAFLD),0.5618471213775663,2.0557205061949286,0.0,9.618668335079106e-05,0.0008,50/116,14.97%,Cox6c;Ndufc1;Cox7b;Ndufa2;Ndufs3;Uqcrb;Ndufa4;Sdhd;Cox7c;Cox5a;Ndufab1;Ndufa13;Cox6b1;Ndufs7;Ndufc2;Cox5b;Ndufb5;Cox7a2;Ndufa8;Uqcrh;Uqcr10;Ndufb8;Ndufa6;Ndufb4;Ndufv1;Ndufb10;Cox6a1;Cox4i1;Akt2;Ndufv2;Ndufb9;Uqcrc2;Ndufb7;Ndufa3;Eif2s1;Ndufa10;Ndufa12;Ndufs6;Bid;Mapk8;Uqcrc1;Cox8a;Uqcrq;Sdhc;Cox7a2l;Cdc42;Pik3r1;Bax;Ndufb6;Map3k5,cluster_tissue__C2__thymus,full,KEGG_Mouse_2019,5000,8,True,All q<=.05 terms ordered by q then NES; first10 displayed; no category grouping
prerank,Retrograde endocannabinoid signaling,0.578087508284592,2.0013530572061407,0.0,0.0003419970963583,0.0032,41/74,25.31%,Ndufc1;Ndufa2;Ndufs3;Ndufa4;Ndufab1;Ndufa13;Ndufs7;Gng5;Ndufc2;Ndufb5;Ndufa8;Ndufb8;Ndufa6;Ndufb4;Gngt2;Mapk3;Ndufv1;Ndufb10;Ndufv2;Ndufb9;Ndufb7;Ndufa3;Ndufa10;Ndufa12;Ndufs6;Adcy6;Mapk8;Gnai2;Gng10;Ndufb6;Abhd6;Gnaq;Mapk14;Mapk9;Ndufb11;Ndufs2;Ndufb2;Ndufs5;Adcy7;Ndufa1;Gnb2,cluster_tissue__C2__thymus,full,KEGG_Mouse_2019,5000,9,True,All q<=.05 terms ordered by q then NES; first10 displayed; no category grouping
prerank,Proteasome,0.6245846270992373,1.9855208594582407,0.0,0.0004232214067434,0.0044,22/44,14.44%,Psmb10;Psmb2;Psma1;Psmb4;Psma5;Psmb5;Sem1;Psme2b;Psmb9;Psmd8;Psmb3;Psmb1;Pomp;Psme2;Psma7;Psmc3;Psmd7;Psmb8;Psmc5;Psmc6;Psmd3;Psmd4,cluster_tissue__C2__thymus,full,KEGG_Mouse_2019,5000,10,True,All q<=.05 terms ordered by q then NES; first10 displayed; no category grouping
prerank,Ribosome,0.6963514427009952,3.0176057561879777,0.0,0.0,0.0,48/128,2.38%,Rps21;Rpl37a;Rpl39;Rpl41;Rpl37;Rpl35a;Rps15a;Rpl36;Rps27;Rpl34;Rpl30;Rplp2;Rpl35;Rplp1;Rpl38;Rps26;Rpl23;Fau;Rpl36a;Rpl27;Rps28;Rps29;Rpl27a;Rps23;Rpl22;Rps24;Rps19;Rps12;Rps20;Rps13;Rps18;Rps11;Rps25;Rpl22l1;Uba52;Rpl32;Rpl36al;Rps15;Rpl31;Rps16;Rps14;Rpl21;Rpl26;Rpl28;Rps17;Rps27a;Mrps18c;Rps8,cluster_tissue__C6__thymus,full,KEGG_Mouse_2019,5000,1,True,All q<=.05 terms ordered by q then NES; first10 displayed; no category grouping
prerank,Oxidative phosphorylation,0.6139662176415572,2.5382871900848936,0.0,0.0,0.0,35/101,6.02%,Cox8a;Atp5e;Ndufa4;Ndufa2;Ndufb3;Ndufa7;Cox6c;Ndufa13;Cox7c;Ndufv3;Atp5l;Ndufs6;Cox6b1;Cox5b;Ndufb4;Cox17;Ndufa1;Uqcrh;Cox7a2;Atp5k;Ndufa3;Atp5j2;Ndufc1;Uqcrq;Uqcr10;Ndufb7;Cox7b;Ndufa5;Atp5j;Ndufa6;Uqcr11;Ndufc2;Ndufs5;Ndufa11;Uqcrb,cluster_tissue__C6__thymus,full,KEGG_Mouse_2019,5000,2,True,All q<=.05 terms ordered by q then NES; first10 displayed; no category grouping
prerank,Parkinson disease,0.5602254730907399,2.3213876447298936,0.0,4.2042762067937775e-05,0.0002,32/101,6.02%,Cox8a;Atp5e;Ndufa4;Ndufa2;Ndufb3;Ndufa7;Cox6c;Ndufa13;Cox7c;Ndufv3;Ndufs6;Cox6b1;Cox5b;Ndufb4;Ubb;Ndufa1;Uqcrh;Cox7a2;Ndufa3;Ndufc1;Uqcrq;Uqcr10;Ndufb7;Cox7b;Ndufa5;Atp5j;Ndufa6;Uqcr11;Ndufc2;Ndufs5;Ndufa11;Uqcrb,cluster_tissue__C6__thymus,full,KEGG_Mouse_2019,5000,3,True,All q<=.05 terms ordered by q then NES; first10 displayed; no category grouping
prerank,Alzheimer disease,0.5497562011157597,2.346832198535848,0.0,5.60570160905837e-05,0.0002,35/127,6.29%,Cox8a;Atp5e;Ndufa4;Ndufa2;Ndufb3;Ndufa7;Cox6c;Ndufa13;Cox7c;Ndufv3;Ndufs6;Cox6b1;Cox5b;Ndufb4;Ndufa1;Uqcrh;Cox7a2;Ndufa3;Ndufc1;Uqcrq;Uqcr10;Ndufb7;Cox7b;Ndufa5;Calm3;Atp5j;Gapdh;Ndufa6;Mapk3;Uqcr11;Ndufc2;Ndufs5;Ndufa11;Uqcrb;Atf6,cluster_tissue__C6__thymus,full,KEGG_Mouse_2019,5000,4,True,All q<=.05 terms ordered by q then NES; first10 displayed; no category grouping
prerank,Non-alcoholic fatty liver disease (NAFLD),0.5374985830675071,2.2695289411186605,0.0,6.726841930870043e-05,0.0004,50/116,15.74%,Cox8a;Ndufa4;Ndufa2;Ndufb3;Ndufa7;Cox6c;Ndufa13;Cox7c;Ndufv3;Ndufs6;Cox6b1;Cox5b;Ndufb4;Ndufa1;Uqcrh;Cox7a2;Ndufa3;Ndufc1;Uqcrq;Uqcr10;Ndufb7;Cox7b;Ndufa5;Tgfb1;Ndufa6;Uqcr11;Mapk9;Ndufc2;Irs2;Ndufs5;Ndufa11;Uqcrb;Pik3cd;Cox6a1;Jun;Mlxip;Bcl2l11;Ndufa12;Ndufa10;Ndufb2;Insr;Il6ra;Itch;Gsk3a;Ndufb11;Casp8;Ndufv1;Pik3r2;Cycs;Ndufb8,cluster_tissue__C6__thymus,full,KEGG_Mouse_2019,5000,5,True,All q<=.05 terms ordered by q then NES; first10 displayed; no category grouping
prerank,Retrograde endocannabinoid signaling,0.5829757027319568,2.2604988260430603,0.0,8.408552413587555e-05,0.0006,26/74,12.51%,Ndufa4;Ndufa2;Ndufb3;Ndufa7;Ndufa13;Ndufv3;Ndufs6;Ndufb4;Gng5;Ndufa1;Ndufa3;Ndufc1;Ndufb7;Ndufa5;Ndufa6;Mapk3;Mapk9;Ndufc2;Ndufs5;Ndufa11;Plcb4;Gabrr2;Ndufa12;Ndufa10;Ndufb2;Gnb1,cluster_tissue__C6__thymus,full,KEGG_Mouse_2019,5000,6,True,All q<=.05 terms ordered by q then NES; first10 displayed; no category grouping
prerank,Huntington disease,0.4931994341422909,2.156735468555796,0.0,0.0010090262896305,0.0078,35/141,6.02%,Cox8a;Atp5e;Ndufa4;Ndufa2;Ndufb3;Ndufa7;Cox6c;Ndufa13;Cox7c;Ndufv3;Ndufs6;Cox6b1;Cox5b;Ndufb4;Ndufa1;Uqcrh;Cox7a2;Ndufa3;Ndufc1;Uqcrq;Uqcr10;Ndufb7;Cox7b;Polr2i;Ndufa5;Polr2a;Atp5j;Ndufa6;Sp1;Uqcr11;Ndufc2;Polr2l;Ndufs5;Ndufa11;Uqcrb,cluster_tissue__C6__thymus,full,KEGG_Mouse_2019,5000,7,True,All q<=.05 terms ordered by q then NES; first10 displayed; no category grouping
prerank,Thermogenesis,0.4590920840473488,2.0669567655402754,0.0,0.0035946561568086,0.0312,39/167,6.02%,Cox8a;Atp5e;Ndufa4;Ndufa2;Ndufb3;Ndufa7;Cox6c;Ndufa13;Cox7c;Ndufv3;Atp5l;Ndufs6;Cox6b1;Cox5b;Ndufb4;Cox17;Ndufa1;Uqcrh;Cox7a2;Atp5k;Ndufa3;Atp5j2;Ndufc1;Uqcrq;Uqcr10;Ndufb7;Cox7b;Ndufa5;Actb;Atp5j;Ndufa6;Uqcr11;Ndufc2;Cox20;Cox14;Ndufs5;Ndufa11;Actg1;Uqcrb,cluster_tissue__C6__thymus,full,KEGG_Mouse_2019,5000,8,True,All q<=.05 terms ordered by q then NES; first10 displayed; no category grouping
prerank,Cardiac muscle contraction,0.6098303073706498,1.991140542252036,0.0014713094654242,0.0084272380856177,0.078,13/32,7.62%,Cox8a;Cox6c;Cox7c;Cox6b1;Cox5b;Uqcrh;Cox7a2;Uqcrq;Uqcr10;Cox7b;Uqcr11;Uqcrb;Cox6a1,cluster_tissue__C6__thymus,full,KEGG_Mouse_2019,5000,9,True,All q<=.05 terms ordered by q then NES; first10 displayed; no category grouping
