group,names,scores,logfoldchanges,pvals,pvals_adj
spleen_L0,Cd52,18.266798,0.33504638,1.5211936212659607e-74,1.4755578126279819e-71
spleen_L0,Eef1a1,17.606571,0.21394938,2.193373480342967e-69,1.8002534642507275e-66
spleen_L0,Cxcr6,16.749853,0.600818,5.676670105005489e-63,4.326433572886326e-60
spleen_L0,Cyba,16.451118,0.40503058,8.233367360699463e-61,5.856668649244218e-58
spleen_L0,Tmsb10,16.313477,0.24647905,7.915674077643807e-60,5.278765150528714e-57
spleen_L0,Fth1,15.688989,0.27431667,1.798994120822265e-55,1.1291333687749158e-52
spleen_L0,Rac2,15.552499,0.30438375,1.5301814648900526e-54,8.593176963356243e-52
spleen_L0,Rps3a1,15.338792,0.21137717,4.209561705188904e-53,2.1388582568745527e-50
spleen_L0,AW112010,14.917492,0.38111356,2.5362814308786666e-50,1.1766140377163207e-47
spleen_L0,Rpl9,14.896972,0.17953083,3.4485948416341107e-50,1.4718602784094386e-47
spleen_L0,Cd160,14.785241,0.7887599,1.824031449442578e-49,7.485544448289349e-47
spleen_L0,Rps4x,14.352357,0.20019309,1.029769749704837e-46,4.069497492352078e-44
spleen_L0,Ltb,14.241007,0.41196436,5.098740897895824e-46,1.9429844778767303e-43
spleen_L0,Xcl1,14.111624,0.74190027,3.220768621242582e-45,1.1850207306433913e-42
spleen_L0,Fau,14.013364,0.1615103,1.2913968171978396e-44,4.5930680131669825e-42
spleen_L0,Ubb,13.7811985,0.23008786,3.3073550472464135e-43,1.102796198566226e-40
spleen_L0,Rps15a,13.690728,0.18147516,1.1534730481147486e-42,3.619869830407167e-40
spleen_L0,H2-K1,13.639308,0.2334446,2.3376923830627304e-42,6.928660479799815e-40
spleen_L0,Shisa5,13.55055,0.2704062,7.863792363718715e-42,2.2677476897534782e-39
spleen_L0,Rpl11,13.38786,0.17614643,7.120234832891934e-41,1.948023222229665e-38
spleen_L0,Rpl21,13.132502,0.19525859,2.1445442161698755e-39,5.581045557690871e-37
spleen_L0,Rps24,12.986852,0.14595649,1.4528093522546156e-38,3.523062679217443e-36
spleen_L0,Rps8,12.95974,0.19360793,2.0694832499458087e-38,4.9069747282048396e-36
spleen_L0,Rps27a,12.701736,0.16597442,5.78320475833044e-37,1.3129105270507617e-34
spleen_L0,Rpl17,12.575302,0.16407849,2.886957843957298e-36,6.286497998984565e-34
spleen_L0,Sh3bgrl3,12.477051,0.25695127,9.960876016135446e-36,2.0438951363877926e-33
spleen_L0,Rpl13,12.277154,0.1449103,1.201507201959198e-34,2.41888336696314e-32
spleen_L0,Eif5a,12.221287,0.38878116,2.392663235234519e-34,4.727725318509689e-32
spleen_L0,Ly6a,12.13235,0.5093007,7.117705678054195e-34,1.3808349015425138e-31
spleen_L0,Rpl37a,12.116117,0.17548814,8.677421638193294e-34,1.6533587299914721e-31
spleen_L1,Malat1,42.44519,0.7787701,0.0,0.0
spleen_L1,Mbnl1,28.719238,0.7541829,2.194626893219258e-181,4.683333790129896e-178
spleen_L1,Ptprc,23.510006,0.62589556,3.222586766280818e-122,2.0226471056597837e-119
spleen_L1,Cd226,22.502028,0.9097178,3.9651612300338686e-112,1.6923308129784552e-109
spleen_L1,Atp8a2,21.728552,1.3098624,1.1022482128169313e-104,4.2003530109845204e-102
spleen_L1,mt-Nd2,21.705723,0.69768083,1.8114972062989147e-104,6.6650604107618696e-102
spleen_L1,Xist,21.369217,0.70858103,2.5842875747174424e-101,9.19144947407837e-99
spleen_L1,St8sia4,21.266226,1.1209652,2.333117763749705e-100,7.543747436124046e-98
spleen_L1,mt-Nd1,20.651258,0.6771826,9.510985567148395e-95,2.742762594634416e-92
spleen_L1,Lyst,20.204195,1.0617957,8.992378040846762e-91,2.398716842395874e-88
spleen_L1,mt-Co1,19.085012,0.48820478,3.3639404631661214e-81,7.636860583400536e-79
spleen_L1,Gimap3,18.436272,0.52882785,6.722001917279976e-76,1.3532784991957988e-73
spleen_L1,Srrm2,18.142355,0.5169037,1.475691567198208e-73,2.8628416403645237e-71
spleen_L1,Rbl2,17.767916,0.9513033,1.2525895447235602e-70,2.3043328348621358e-68
spleen_L1,Gimap7,17.737534,0.7681573,2.1517764703014578e-70,3.891433040358738e-68
spleen_L1,Gm42418,17.717041,0.27131504,3.097826998964014e-70,5.4186580457288575e-68
spleen_L1,Txk,16.928503,0.70521104,2.7733995322628606e-64,4.4836625771582915e-62
spleen_L1,Ppp1r12a,16.678823,0.59561616,1.868640545296088e-62,2.889622408450617e-60
spleen_L1,Ikzf2,16.629105,0.9555783,4.289633989602154e-62,6.538627809864998e-60
spleen_L1,Ankrd11,16.606941,0.64956695,6.207847838796063e-62,9.329258653514647e-60
spleen_L1,Utrn,16.452879,0.8165099,7.997554768089268e-61,1.1851931857710067e-58
spleen_L1,Atrx,16.42165,0.7233786,1.3387586883992452e-60,1.956788384276705e-58
spleen_L1,Pde7a,16.207405,0.92043763,4.470501108383096e-59,6.276348266637847e-57
spleen_L1,Dock10,16.075274,0.7703057,3.803076141286925e-58,5.2699769386404525e-56
spleen_L1,Zfp512,16.05854,1.029317,4.981304327007996e-58,6.814168867842989e-56
spleen_L1,Fyb,15.793943,0.475924,3.4248276274827435e-56,4.567863848155109e-54
spleen_L1,Gm2682,15.48659,0.6674595,4.2736301954856906e-54,5.428527879265753e-52
spleen_L1,mt-Atp6,15.41494,0.45660427,1.2989156253351624e-53,1.6305211438030803e-51
spleen_L1,mt-Nd4,15.187321,0.47732764,4.2910282834405186e-52,5.262674917736819e-50
spleen_L1,Ddx5,15.081077,0.33338657,2.1572153384733752e-51,2.5862345687090914e-49
spleen_L2,Ccr7,44.190388,7.4107428,0.0,0.0
spleen_L2,Il6ra,44.05067,6.4062314,0.0,0.0
spleen_L2,Igfbp4,40.557796,7.214163,0.0,0.0
spleen_L2,Pdlim1,32.18187,3.5322402,3.165301686957267e-227,5.62896149997234e-224
spleen_L2,Rplp0,30.785467,0.8480287,4.101467922026401e-208,5.470332841002712e-205
spleen_L2,Slamf6,30.080988,2.7951963,8.591301044022414e-199,1.0185464682191018e-195
spleen_L2,Cd9,29.934801,3.1367202,6.939124079424566e-197,7.404045392746012e-194
spleen_L2,Tcf7,29.57815,2.682787,2.8544432147855508e-192,2.538075758480152e-189
spleen_L2,Nrp1,29.081144,3.8720012,6.216941115367298e-186,5.10267397699762e-183
spleen_L2,Rps20,28.061958,0.69515157,2.854774838333515e-173,2.030696501667907e-170
spleen_L2,Nsg2,27.20831,4.3360524,5.179208386359525e-163,3.0701196379142297e-160
spleen_L2,Itga4,27.059456,3.3170235,2.956297419906378e-161,1.5771846735200526e-158
spleen_L2,Rpl28,26.560137,0.8053093,1.961355353827023e-155,9.965553154921114e-153
spleen_L2,Rpl15,26.551449,0.6977252,2.471150640043415e-155,1.1985080604210563e-152
spleen_L2,Rps7,26.394333,0.54299587,1.5916424882936818e-153,7.383837108736342e-151
spleen_L2,Rps8,25.850225,0.60044914,2.418981041861536e-147,1.0324211086665036e-144
spleen_L2,Ramp1,25.608856,2.0345461,1.2156019755190455e-144,4.988643491841621e-142
spleen_L2,Rps26,24.824097,0.8021356,4.9255740898041875e-136,1.9465139088226178e-133
spleen_L2,Il17rb,24.762495,2.757078,2.274320217157496e-135,8.666784541810886e-133
spleen_L2,Klf2,24.622042,2.3759284,7.336567196417402e-134,2.699350758130127e-131
spleen_L2,Emp3,24.595482,2.2357905,1.4118962060377937e-133,5.021644172807753e-131
spleen_L2,St8sia6,24.487953,4.5768337,1.9851386671048693e-132,6.832719218712566e-130
spleen_L2,Id3,24.154842,4.3834233,6.641229957600801e-129,2.214435113987517e-126
spleen_L2,Ifngr2,24.136623,5.9104557,1.0318441712740372e-128,3.3362961537860534e-126
spleen_L2,Rpl32,24.005291,0.50515425,2.4486483096975075e-127,7.684434548374237e-125
spleen_L2,Kcnn4,23.564466,2.372386,8.922602448082236e-123,2.6445602255843736e-120
spleen_L2,S1pr1,23.55257,2.5618732,1.1815121002967253e-122,3.407225435180016e-120
spleen_L2,Rpl10a,23.475597,0.61894476,7.242764193439036e-122,2.0336919458945922e-119
spleen_L2,Rps19,23.23189,0.5745667,2.168689133355576e-119,5.784978263225999e-117
spleen_L2,Rack1,22.88188,0.58284986,7.040165402973079e-116,1.7885372583267323e-113
spleen_L3,Rsad2,33.794464,6.1437907,2.3784083586382143e-250,2.537761718666975e-246
spleen_L3,Ifit3b,31.64665,5.9489646,8.432061876843624e-220,4.4985050112960734e-216
spleen_L3,Ifit3,30.180704,5.6695375,4.243932988531454e-200,1.509425499587687e-196
spleen_L3,Usp18,29.04348,5.2013483,1.8601024292576647e-185,4.9618232300448205e-182
spleen_L3,Ifit1,28.573029,5.619598,1.4539703271720943e-179,3.102772678185249e-176
spleen_L3,Cmpk2,25.544575,5.633399,6.30817527420175e-144,1.121803836262211e-140
spleen_L3,Cxcl10,22.948483,5.720078,1.525774072108698e-116,2.3257156213428295e-113
spleen_L3,Ifi204,22.697117,6.343838,4.783460189403761e-114,6.379940027617266e-111
spleen_L3,Iigp1,21.918512,4.5500083,1.7302245215336447e-106,2.0512772938626653e-103
spleen_L3,Isg15,20.523539,4.7750764,1.3269256001125416e-93,1.4158296153200818e-90
spleen_L3,Isg20,20.448582,4.0885167,6.184815865596051e-93,5.999271389628169e-90
spleen_L3,Oasl2,20.226433,4.4984326,5.730099451506526e-91,5.095013428964553e-88
spleen_L3,Rtp4,19.915808,3.515456,2.968273941171229e-88,2.4362679194074623e-85
spleen_L3,Slfn5,18.122559,3.8551056,2.1152755852079416e-73,1.6121421781549098e-70
spleen_L3,Irf7,17.630808,3.262779,1.4291038821345571e-69,1.0165692281583816e-66
spleen_L3,Zbp1,17.527424,3.203035,8.848730345906695e-69,5.900997049426528e-66
spleen_L3,Oas3,17.335808,3.5624752,2.5249549764885532e-67,1.5847805646548744e-64
spleen_L3,Ifit1bl1,16.132164,3.3343809,1.5161173794520236e-58,8.987206910418383e-56
spleen_L3,Ifi206,15.9120245,2.9615612,5.229507336982131e-57,2.93678122555786e-54
spleen_L3,Eif2ak2,15.880111,3.1791728,8.702457351806579e-57,4.64276099718881e-54
spleen_L3,Tor3a,15.649743,3.3096242,3.33562661877584e-55,1.6948160010637247e-52
spleen_L3,Bst2,15.435257,3.0509696,9.482260196008509e-54,4.598896195064127e-51
spleen_L3,Ms4a4b,15.241797,1.3561045,1.8666423289886792e-52,8.659597239264874e-50
spleen_L3,Slfn1,15.100545,2.875275,1.606002467477276e-51,7.140019303326056e-49
spleen_L3,Herc6,15.088202,2.9261444,1.936473845690508e-51,8.264870373407089e-49
spleen_L3,Stat1,14.951326,2.4435325,1.5267673778477255e-50,6.265618431398166e-48
spleen_L3,Ifit2,14.733039,3.50428,3.955120832559854e-49,1.5114677839028033e-46
spleen_L3,Ifi213,14.732847,2.9154363,3.966363444168556e-49,1.5114677839028033e-46
spleen_L3,Jaml,14.7130375,3.3002696,5.316609957687245e-49,1.9561458016732036e-46
spleen_L3,Trim30d,14.658289,3.0994985,1.192394265446076e-48,4.240948937436544e-46
spleen_L4,Vim,47.439804,5.19077,0.0,0.0
spleen_L4,Klf2,45.68564,4.9884973,0.0,0.0
spleen_L4,Gm4208,41.701756,6.5742793,0.0,0.0
spleen_L4,Ly6c2,39.48029,4.7514167,0.0,0.0
spleen_L4,Lgals1,38.265625,4.214462,0.0,0.0
spleen_L4,Anxa2,37.569736,4.276378,6.709675018268683e-309,1.1932038740821142e-305
spleen_L4,Klra9,36.853123,5.087527,2.606438555573567e-297,3.97295705542428e-294
spleen_L4,Fcer1g,35.983185,5.036798,1.5329364018298083e-283,2.0445539259405069e-280
spleen_L4,Emp3,35.44057,3.4600272,4.0529733335765574e-275,4.805025052140208e-272
spleen_L4,S100a6,33.464825,3.8156374,1.566684143882946e-245,1.6716519815231035e-242
spleen_L4,Crip1,30.797768,2.8787389,2.807133545555849e-208,2.7229195391891737e-205
spleen_L4,Capg,29.945873,3.531576,4.9794492943744986e-197,4.427560330914658e-194
spleen_L4,Kcnj8,29.827742,4.52337,1.7068494951417777e-195,1.4009295471663668e-192
spleen_L4,Cmah,27.448645,3.8570411,7.211299563387985e-166,5.496040452953557e-163
spleen_L4,Gzmb,27.373627,3.666676,5.652749452832366e-165,4.020989110781423e-162
spleen_L4,Sidt1,27.230864,3.1781545,2.800881917317119e-163,1.867838128610854e-160
spleen_L4,Klre1,27.175863,3.4212058,1.2530284260924903e-162,7.864596062592277e-160
spleen_L4,Ifitm2,26.537924,5.3948336,3.540295899257789e-155,2.0986087358378113e-152
spleen_L4,Wdr95,26.33686,6.3546405,7.258761454636095e-153,4.0763676168930067e-150
spleen_L4,S1pr1,25.720125,3.1231995,6.961848613622699e-146,3.71414623536771e-143
spleen_L4,Styk1,25.20202,4.3887525,3.806487901381852e-140,1.9340583765592555e-137
spleen_L4,Ahnak,25.10074,2.403517,4.881493891907933e-139,2.26458868811555e-136
spleen_L4,H2afz,24.893738,1.9262779,8.697841421274868e-137,3.8669153318751183e-134
spleen_L4,Arl4c,24.886631,2.1780794,1.0383493962295315e-136,4.431675223107641e-134
spleen_L4,1700025G04Rik,24.604761,3.15624,1.123344018521419e-133,4.610031029855207e-131
spleen_L4,Rasgrp2,24.3867,2.660135,2.366940055710926e-131,9.35379644238355e-129
spleen_L4,Rasa3,24.377625,3.112339,2.95416498273098e-131,1.1257478702049841e-128
spleen_L4,Cd7,24.347017,2.5682561,6.234742098494478e-131,2.2939551100322788e-128
spleen_L4,Klrk1,24.282099,2.606918,3.030336890326758e-130,1.0777898206595503e-127
spleen_L4,Cdc25b,23.983658,3.780475,4.118492951789645e-127,1.4175587030837263e-124
spleen_L5,Rps24,9.4822855,0.5348717,2.4877405970816913e-21,8.848064056953881e-18
spleen_L5,Rpl22,8.02266,0.7023715,1.0347916329768872e-15,1.1041226723863386e-12
spleen_L5,Rpl35a,7.860506,0.61947936,3.825846921543221e-15,3.711071513896924e-12
spleen_L5,Rpl34,7.826855,0.48094925,5.002238551070038e-15,4.447823778326442e-12
spleen_L5,Rpl13,7.455299,0.4619601,8.966418715726533e-14,4.1596385955131357e-11
spleen_L5,Rpl6,7.2384605,0.5731548,4.5380635335193726e-13,1.5131605594578658e-10
spleen_L5,Rpl23,7.2035065,0.38884962,5.868339973726917e-13,1.8701751523338887e-10
spleen_L5,Rpl18,7.20141,0.45599133,5.959321010248568e-13,1.8701751523338887e-10
spleen_L5,Rps27a,7.1697288,0.41841033,7.514640927840263e-13,2.2272560750015444e-10
spleen_L5,Tmsb4x,7.159211,0.4012715,8.114271231454033e-13,2.339980379449041e-10
spleen_L5,Rps20,7.000681,0.5457464,2.547213502938968e-12,6.176992744626997e-10
spleen_L5,Rps15a,6.8895607,0.35993704,5.596497010996263e-12,1.2440546480693775e-09
spleen_L5,Fau,6.8343024,0.454005,8.240513957755579e-12,1.7240447829265104e-09
spleen_L5,Tmsb10,6.7275987,0.553132,1.7248584262523237e-11,3.1193626115444568e-09
spleen_L5,Rpsa,6.4399314,0.41874847,1.195276285388641e-10,1.8483475311734492e-08
spleen_L5,Fth1,6.1572213,0.4127458,7.403237234371281e-10,8.455871858519314e-08
spleen_L5,Rpl9,6.1528993,0.3963235,7.607907201666862e-10,8.455871858519314e-08
spleen_L5,Rpl30,6.047276,0.32974938,1.4731510607978176e-09,1.6039307978278277e-07
spleen_L5,Rpl11,5.991446,0.31315812,2.0798354800612025e-09,2.0935702426653802e-07
spleen_L5,Nuf2,5.8790636,4.7821965,4.125935126453728e-09,3.7951489482121793e-07
spleen_L5,Rps10,5.8712378,0.23184735,4.325539621552145e-09,3.911314217115372e-07
spleen_L5,Rps8,5.8486133,0.31573015,4.956886690859666e-09,4.3710728092126147e-07
spleen_L5,Rps7,5.772224,0.40188265,7.8232141328395e-09,6.521382406046676e-07
spleen_L5,Rpl18a,5.7502985,0.3081784,8.908609872074826e-09,7.36859436705724e-07
spleen_L5,Rps4x,5.326598,0.36039636,1.0006920073239876e-07,5.834635911555709e-06
spleen_L5,Rplp1,5.2905326,0.32811502,1.2196075069368174e-07,6.921921329263746e-06
spleen_L5,Rps21,5.201528,0.310961,1.9765646409640108e-07,1.0815356266197947e-05
spleen_L5,Rpl24,5.0977173,0.34824282,3.437739535427787e-07,1.738420893033862e-05
spleen_L5,Rps3a1,5.0728993,0.29611006,3.917999514418343e-07,1.9444211543648242e-05
spleen_L5,Rpl37a,5.016465,0.22231904,5.263080776607983e-07,2.4958698616180968e-05
