page,analysis,tissue,go_id
7,cluster_identity,bone_marrow,GO:0045087
7,cluster_identity,bone_marrow,GO:0009615
7,cluster_identity,bone_marrow,GO:0002831
7,cluster_identity,bone_marrow,GO:0009617
7,cluster_identity,bone_marrow,GO:0002694
7,cluster_identity,bone_marrow,GO:0030155
7,cluster_identity,bone_marrow,GO:0050863
7,cluster_identity,bone_marrow,GO:0070663
7,cluster_identity,bone_marrow,GO:0042110
7,cluster_identity,bone_marrow,GO:0022407
7,cluster_identity,bone_marrow,GO:0001819
7,cluster_identity,bone_marrow,GO:0001818
7,cluster_identity,bone_marrow,GO:0045785
7,cluster_identity,bone_marrow,GO:0002237
7,cluster_identity,bone_marrow,GO:1990840
7,cluster_identity,bone_marrow,GO:0050900
8,cluster_identity,spleen,GO:0045087
8,cluster_identity,spleen,GO:0009615
8,cluster_identity,spleen,GO:0002831
8,cluster_identity,spleen,GO:0009617
8,cluster_identity,spleen,GO:0006412
8,cluster_identity,spleen,GO:0002181
8,cluster_identity,spleen,GO:0000278
8,cluster_identity,spleen,GO:0098813
8,cluster_identity,spleen,GO:0140241
8,cluster_identity,spleen,GO:1901740
8,cluster_identity,spleen,GO:0002694
8,cluster_identity,spleen,GO:0046649
8,cluster_identity,spleen,GO:0030155
8,cluster_identity,spleen,GO:0030029
8,cluster_identity,spleen,GO:0050863
8,cluster_identity,spleen,GO:0007088
9,cluster_identity,thymus,GO:0002181
9,cluster_identity,thymus,GO:0140241
9,cluster_identity,thymus,GO:0160307
9,cluster_identity,thymus,GO:0022613
9,cluster_identity,thymus,GO:0034242
9,cluster_identity,thymus,GO:0046649
9,cluster_identity,thymus,GO:0030098
9,cluster_identity,thymus,GO:1903039
9,cluster_identity,thymus,GO:0050863
9,cluster_identity,thymus,GO:0031343
9,cluster_identity,thymus,GO:0001916
9,cluster_identity,thymus,GO:1901334
9,cluster_identity,thymus,GO:0010269
9,cluster_identity,thymus,GO:0043436
9,cluster_identity,thymus,GO:0002827
9,cluster_identity,thymus,GO:0006935
10,condition,bone_marrow,GO:0006119
10,condition,bone_marrow,GO:0140236
10,condition,bone_marrow,GO:1901740
10,condition,bone_marrow,GO:0015986
10,condition,bone_marrow,GO:0019646
10,condition,bone_marrow,GO:0006941
10,condition,bone_marrow,GO:1902600
11,condition,spleen,GO:0006119
11,condition,spleen,GO:0140241
11,condition,spleen,GO:0002181
11,condition,spleen,GO:0015986
11,condition,spleen,GO:1901740
11,condition,spleen,GO:1901739
12,condition,thymus,GO:0140236
12,condition,thymus,GO:0006119
12,condition,thymus,GO:1901740
12,condition,thymus,GO:0002181
