epoch,train_loss,val_loss,val_auc,val_ap,test_auc,test_ap,pos_samples,elapsed_sec
1,1.3905341625213623,1.3525946140289307,0.9002770083102494,0.9227229740601488,nan,nan,463,0.011702775955200195
10,0.8373062610626221,0.8974791169166565,0.9433671899045859,0.9463111342882289,nan,nan,463,0.025218725204467773
20,0.8121163845062256,0.8456842303276062,0.9396737457679286,0.9446103803878312,nan,nan,463,0.039435625076293945
30,0.6993067860603333,0.8523328900337219,0.938134810710988,0.9453190097635613,nan,nan,463,0.05366683006286621
40,0.7268270254135132,0.8297738432884216,0.9513696522006772,0.9549459359965189,nan,nan,463,0.06821560859680176
50,0.7288380265235901,0.8061488270759583,0.9590643274853801,0.9576274090231072,nan,nan,463,0.08248591423034668
60,0.6688115000724792,0.7717987298965454,0.9655278547245306,0.9639225870293113,nan,nan,463,0.09700584411621094
70,0.6164699792861938,0.7415570020675659,0.9695290858725761,0.9664102308805893,nan,nan,463,0.11114859580993652
80,0.5640327334403992,0.7006295323371887,0.9719913819636812,0.9688906709322935,nan,nan,463,0.12489867210388184
90,0.5556690096855164,0.6391319036483765,0.9812249923053248,0.9775755822819705,nan,nan,463,0.1391458511352539
100,0.5565590858459473,0.5632791519165039,0.9858417974761464,0.9832549722718912,nan,nan,463,0.15434789657592773
110,0.5186406373977661,0.5722917318344116,0.9827639273622653,0.9808841141230146,nan,nan,463,0.16906285285949707
120,0.42578357458114624,0.5622957944869995,0.9830717143736534,0.9809990422893891,nan,nan,463,0.18322372436523438
