page,title,subtitle,reference,note,notes_zh,figure
1,iNKT cytotoxicity and Gene Ontology,Paper-guided analysis on the latest local data | 19 September 2026,"Huang et al. 2024, PAGER-scFGA, Fig. 5; doi:10.3389/fbinf.2024.1336135; Borra et al. 2026, GAFA, Sec. 3.5 / Fig. 4c; doi:10.3390/biology15070588",Exploratory transcriptional results; one sample label per tissue x condition; no animal-level inference.,本轮新增的是细胞毒性与GO计算。输入来自9月5日最新分析对象；9月15日仅是展示更新。,results/figures/01.png
2,Analysis design and reference mapping,Methods adapted to mouse iNKT; biological conclusions are derived from these data.,"Huang et al. 2024, PAGER-scFGA, Fig. 5; doi:10.3389/fbinf.2024.1336135; Borra et al. 2026, GAFA, Sec. 3.5 / Fig. 4c; doi:10.3390/biology15070588",Exploratory transcriptional results; one sample label per tissue x condition; no animal-level inference.,采用论文中的方法和图形组织方式。没有运行SCORPION、随机森林或声称重现PAGER专有网络；GO采用官方MGI小鼠注释。,results/figures/02.png
3,Cytotoxic gene coverage and scoring,Primary endpoint: mean log-normalized expression of Prf1 / Gzma / Gzmb.,"Huang et al. 2024, PAGER-scFGA, Fig. 5; doi:10.3389/fbinf.2024.1336135",Exploratory transcriptional results; one sample label per tissue x condition; no animal-level inference.,分数是转录表达而不是杀伤实验读数。不同基因集的绝对分数不可视为相同量纲的功能强弱。,results/figures/03.png
4,Bone marrow: cytotoxic expression and condition effects,Original refined clusters; T2 - Ctrl within the same tissue and cluster.,"Huang et al. 2024, PAGER-scFGA, Fig. 5; doi:10.3389/fbinf.2024.1336135",Exploratory transcriptional results; one sample label per tissue x condition; no animal-level inference.,按组织和原分群展示细胞毒性；红色为T2高，蓝色为Ctrl高。星号是细胞层面探索性检验，不能代表动物重复验证。,results/figures/04.png
5,Spleen: cytotoxic expression and condition effects,Original refined clusters; T2 - Ctrl within the same tissue and cluster.,"Huang et al. 2024, PAGER-scFGA, Fig. 5; doi:10.3389/fbinf.2024.1336135",Exploratory transcriptional results; one sample label per tissue x condition; no animal-level inference.,按组织和原分群展示细胞毒性；红色为T2高，蓝色为Ctrl高。星号是细胞层面探索性检验，不能代表动物重复验证。,results/figures/05.png
6,Thymus: cytotoxic expression and condition effects,Original refined clusters; T2 - Ctrl within the same tissue and cluster.,"Huang et al. 2024, PAGER-scFGA, Fig. 5; doi:10.3389/fbinf.2024.1336135",Exploratory transcriptional results; one sample label per tissue x condition; no animal-level inference.,按组织和原分群展示细胞毒性；红色为T2高，蓝色为Ctrl高。星号是细胞层面探索性检验，不能代表动物重复验证。,results/figures/06.png
7,Bone marrow: GO biological processes: cluster identity,Within-tissue comparisons | dot area: query gene ratio | color: enrichment evidence,"Borra et al. 2026, GAFA, Sec. 3.5 / Fig. 4c; doi:10.3390/biology15070588","Exploratory transcriptional results; one sample label per tissue x condition; no animal-level inference. Blank = no displayed significant term, not proof of absence.",GO气泡图只展示显著且至少两个命中基因的代表条目。T2/ Ctrl列分别表示该方向上调基因的富集，不把富集直接解释成通路激活。完整BP、MF、CC结果见数据表。,results/figures/07.png
8,Spleen: GO biological processes: cluster identity,Within-tissue comparisons | dot area: query gene ratio | color: enrichment evidence,"Borra et al. 2026, GAFA, Sec. 3.5 / Fig. 4c; doi:10.3390/biology15070588","Exploratory transcriptional results; one sample label per tissue x condition; no animal-level inference. Blank = no displayed significant term, not proof of absence.",GO气泡图只展示显著且至少两个命中基因的代表条目。T2/ Ctrl列分别表示该方向上调基因的富集，不把富集直接解释成通路激活。完整BP、MF、CC结果见数据表。,results/figures/08.png
9,Thymus: GO biological processes: cluster identity,Within-tissue comparisons | dot area: query gene ratio | color: enrichment evidence,"Borra et al. 2026, GAFA, Sec. 3.5 / Fig. 4c; doi:10.3390/biology15070588","Exploratory transcriptional results; one sample label per tissue x condition; no animal-level inference. Blank = no displayed significant term, not proof of absence.",GO气泡图只展示显著且至少两个命中基因的代表条目。T2/ Ctrl列分别表示该方向上调基因的富集，不把富集直接解释成通路激活。完整BP、MF、CC结果见数据表。,results/figures/09.png
10,Bone marrow: GO biological processes: condition response,Within-tissue comparisons | dot area: query gene ratio | color: enrichment evidence,"Borra et al. 2026, GAFA, Sec. 3.5 / Fig. 4c; doi:10.3390/biology15070588","Exploratory transcriptional results; one sample label per tissue x condition; no animal-level inference. Blank = no displayed significant term, not proof of absence.",GO气泡图只展示显著且至少两个命中基因的代表条目。T2/ Ctrl列分别表示该方向上调基因的富集，不把富集直接解释成通路激活。完整BP、MF、CC结果见数据表。,results/figures/10.png
11,Spleen: GO biological processes: condition response,Within-tissue comparisons | dot area: query gene ratio | color: enrichment evidence,"Borra et al. 2026, GAFA, Sec. 3.5 / Fig. 4c; doi:10.3390/biology15070588","Exploratory transcriptional results; one sample label per tissue x condition; no animal-level inference. Blank = no displayed significant term, not proof of absence.",GO气泡图只展示显著且至少两个命中基因的代表条目。T2/ Ctrl列分别表示该方向上调基因的富集，不把富集直接解释成通路激活。完整BP、MF、CC结果见数据表。,results/figures/11.png
12,Thymus: GO biological processes: condition response,Within-tissue comparisons | dot area: query gene ratio | color: enrichment evidence,"Borra et al. 2026, GAFA, Sec. 3.5 / Fig. 4c; doi:10.3390/biology15070588","Exploratory transcriptional results; one sample label per tissue x condition; no animal-level inference. Blank = no displayed significant term, not proof of absence.",GO气泡图只展示显著且至少两个命中基因的代表条目。T2/ Ctrl列分别表示该方向上调基因的富集，不把富集直接解释成通路激活。完整BP、MF、CC结果见数据表。,results/figures/12.png
13,Bone marrow: local cytotoxicity along pseudotime,PAGER-style functional curves on a newly computed within-tissue diffusion map.,"Huang et al. 2024, PAGER-scFGA, Fig. 5; doi:10.3389/fbinf.2024.1336135","Exploratory transcriptional results; one sample label per tissue x condition; no animal-level inference. Pseudotime is an assumed ordering, not RNA velocity or lineage validation.",重新计算了组织内diffusion map，避免复用全局轨迹。用前体marker选择根群，三个根细胞做敏感性。平滑曲线不是置信区间，条件曲线差别不等于分化速率差别。,results/figures/13.png
14,Spleen: local cytotoxicity along pseudotime,PAGER-style functional curves on a newly computed within-tissue diffusion map.,"Huang et al. 2024, PAGER-scFGA, Fig. 5; doi:10.3389/fbinf.2024.1336135","Exploratory transcriptional results; one sample label per tissue x condition; no animal-level inference. Pseudotime is an assumed ordering, not RNA velocity or lineage validation.",重新计算了组织内diffusion map，避免复用全局轨迹。用前体marker选择根群，三个根细胞做敏感性。平滑曲线不是置信区间，条件曲线差别不等于分化速率差别。,results/figures/14.png
15,Thymus: local cytotoxicity along pseudotime,PAGER-style functional curves on a newly computed within-tissue diffusion map.,"Huang et al. 2024, PAGER-scFGA, Fig. 5; doi:10.3389/fbinf.2024.1336135","Exploratory transcriptional results; one sample label per tissue x condition; no animal-level inference. Pseudotime is an assumed ordering, not RNA velocity or lineage validation.",重新计算了组织内diffusion map，避免复用全局轨迹。用前体marker选择根群，三个根细胞做敏感性。平滑曲线不是置信区间，条件曲线差别不等于分化速率差别。,results/figures/15.png
16,Core signature changes do not imply a full killing pathway,Two reproducible local core signals; the broader E1 signature is not significant.,"Huang et al. 2024, PAGER-scFGA, Fig. 5; doi:10.3389/fbinf.2024.1336135; Borra et al. 2026, GAFA, Sec. 3.5 / Fig. 4c; doi:10.3390/biology15070588",Exploratory transcriptional results; one sample label per tissue x condition; no animal-level inference.,骨髓C4和脾脏C3的核心3基因模块及原4基因效应模块有一致局部变化；加入Ctla2a后的论文E1代表模块不显著。杀伤相关GO也未显著，不能推断整个细胞毒性通路增强或减弱。,results/figures/16.png
17,Cellular components of cytotoxic module genes,GO-CC membership supports localization; this is not a protein-interaction network.,"Huang et al. 2024, PAGER-scFGA, Fig. 5; doi:10.3389/fbinf.2024.1336135; official mouse GO annotations",Exploratory transcriptional results; one sample label per tissue x condition; no animal-level inference.,这里只画真实GO细胞组分注释矩阵，不把共同定位误画为PPI相互作用。,results/figures/17.png
18,Robustness: QC matching and alternative clustering,Five condition-balanced QC resamples within each tissue x cluster.,"Huang et al. 2024, PAGER-scFGA, Fig. 5; doi:10.3389/fbinf.2024.1336135; sensitivity analyses added for this dataset",Exploratory transcriptional results; one sample label per tissue x condition; no animal-level inference.,绿色范围表示五次QC匹配结果范围，不是置信区间。完整稳定分群分析保存在表里，不把S群直接等同原来的C群。,results/figures/18.png
19,Evidence summary and next interpretation,"Cytotoxic module results, GO support and sensitivity are reported separately.","Huang et al. 2024, PAGER-scFGA, Fig. 5; doi:10.3389/fbinf.2024.1336135; Borra et al. 2026, GAFA, Sec. 3.5 / Fig. 4c; doi:10.3390/biology15070588",Exploratory transcriptional results; one sample label per tissue x condition; no animal-level inference.,总结按表达差异绝对值排序。优先看基因组成、QC匹配、背景校正评分是否同向，再讨论GO机制；不要把转录结果写成已验证杀伤增强或减弱。,results/figures/19.png
