unit_id,scope,cluster,tissue,contrast,n_tumor,n_control,gene,scores,logfoldchanges,pvals,pvals_adj,pct_nz_group,mean_log1p_expression_tumor,mean_log1p_expression_control,pct_expressing_tumor,pct_expressing_control,paper_venn_tumor_up,robust_tumor_up,robust_control_up,passes_recommended_min20,strict_estimable_min20,sample_size_note,statistical_unit_warning,main_T2_up,main_Control_up,paper_T2_up,paper_Control_up,delta_detection,gene_FDR05,Rob_focused_panel
cluster_tissue__C0__bone_marrow,cluster_tissue,C0,bone_marrow,Tumor_T2_vs_Control_Ctrl,2090,2533,Junb,12.060213,0.688427,1.713393202201589e-33,6.52925195267534e-31,0.8172248803827751,1.748364,1.3723332,0.8172248803827632,0.7193051717330966,False,True,False,True,True,passes_recommended_min20,exploratory_cell_level_comparison; one_sample_per_tissue_condition; p_values_do_not_establish_biological_replicate_significance,True,False,True,False,0.09791970864966659,True,True
cluster_tissue__C0__bone_marrow,cluster_tissue,C0,bone_marrow,Tumor_T2_vs_Control_Ctrl,2090,2533,Fos,9.561386,0.9321617,1.1619043142097486e-21,1.9678601639076222e-19,0.3296650717703349,0.551993,0.32648647,0.3296650717703318,0.2092380576391642,False,True,False,True,True,passes_recommended_min20,exploratory_cell_level_comparison; one_sample_per_tissue_condition; p_values_do_not_establish_biological_replicate_significance,True,False,True,False,0.12042701413116758,True,True
cluster_tissue__C0__bone_marrow,cluster_tissue,C0,bone_marrow,Tumor_T2_vs_Control_Ctrl,2090,2533,Dusp1,9.450817,0.8035086,3.361946458388302e-21,5.354025180746745e-19,0.4421052631578947,0.72693217,0.47768068,0.4421052631578895,0.3217528622187149,False,True,False,True,True,passes_recommended_min20,exploratory_cell_level_comparison; one_sample_per_tissue_condition; p_values_do_not_establish_biological_replicate_significance,True,False,True,False,0.1203524009391746,True,True
cluster_tissue__C0__bone_marrow,cluster_tissue,C0,bone_marrow,Tumor_T2_vs_Control_Ctrl,2090,2533,Fosb,9.056708,0.8451535,1.3444687285998902e-19,2.04935447630869e-17,0.3440191387559808,0.53649247,0.33305314,0.3440191387559774,0.2309514409790775,False,True,False,True,True,passes_recommended_min20,exploratory_cell_level_comparison; one_sample_per_tissue_condition; p_values_do_not_establish_biological_replicate_significance,True,False,True,False,0.1130676977768999,True,True
cluster_tissue__C0__bone_marrow,cluster_tissue,C0,bone_marrow,Tumor_T2_vs_Control_Ctrl,2090,2533,Jun,8.625926,0.6138494,6.357602813394426e-18,8.479452752364815e-16,0.6205741626794259,1.2334592,0.95162,0.6205741626794175,0.5294117647058816,False,True,False,True,True,passes_recommended_min20,exploratory_cell_level_comparison; one_sample_per_tissue_condition; p_values_do_not_establish_biological_replicate_significance,True,False,True,False,0.09116239797353587,True,True
cluster_tissue__C0__bone_marrow,cluster_tissue,C0,bone_marrow,Tumor_T2_vs_Control_Ctrl,2090,2533,Fosl2,5.6857376,0.8550565,1.3024917829397633e-08,7.807633328071503e-07,0.1105263157894736,0.13557757,0.07721272,0.110526315789474,0.0635609948677459,False,True,False,True,True,passes_recommended_min20,exploratory_cell_level_comparison; one_sample_per_tissue_condition; p_values_do_not_establish_biological_replicate_significance,True,False,True,False,0.0469653209217281,True,True
cluster_tissue__C0__bone_marrow,cluster_tissue,C0,bone_marrow,Tumor_T2_vs_Control_Ctrl,2090,2533,Nr4a1,3.7069037,0.82525724,0.0002098086526989,0.0046157903593777,0.0473684210526315,0.058258906,0.033296376,0.0473684210526314,0.0268456375838925,False,True,False,True,True,passes_recommended_min20,exploratory_cell_level_comparison; one_sample_per_tissue_condition; p_values_do_not_establish_biological_replicate_significance,True,False,True,False,0.0205227834687389,True,True
cluster_tissue__C0__bone_marrow,cluster_tissue,C0,bone_marrow,Tumor_T2_vs_Control_Ctrl,2090,2533,Cd8a,2.5841455,1.7855573,0.009762059223367,0.0885724250963662,0.0095693779904306,0.017246457,0.0050332732,0.0095693779904306,0.0035530990919857,True,False,False,True,True,passes_recommended_min20,exploratory_cell_level_comparison; one_sample_per_tissue_condition; p_values_do_not_establish_biological_replicate_significance,False,False,True,False,0.006016278898444901,False,True
cluster_tissue__C0__bone_marrow,cluster_tissue,C0,bone_marrow,Tumor_T2_vs_Control_Ctrl,2090,2533,Il6ra,2.4061835,0.6881778,0.0161201697653678,0.124099719622276,0.0263157894736842,0.033668086,0.021028748,0.0263157894736841,0.0161863403079352,False,False,False,True,True,passes_recommended_min20,exploratory_cell_level_comparison; one_sample_per_tissue_condition; p_values_do_not_establish_biological_replicate_significance,False,False,True,False,0.010129449165748903,False,True
cluster_tissue__C0__bone_marrow,cluster_tissue,C0,bone_marrow,Tumor_T2_vs_Control_Ctrl,2090,2533,Stat1,-2.3056114,-0.13719426,0.0211323621418553,0.1484412798246189,0.5933014354066986,0.91763955,0.97582734,0.5933014354066907,0.6194236083695095,False,False,False,True,True,passes_recommended_min20,exploratory_cell_level_comparison; one_sample_per_tissue_condition; p_values_do_not_establish_biological_replicate_significance,False,False,False,False,-0.026122172962818824,False,True
cluster_tissue__C0__bone_marrow,cluster_tissue,C0,bone_marrow,Tumor_T2_vs_Control_Ctrl,2090,2533,Il1r1,2.2024972,21.144537,0.0276301991349262,0.1751718507246958,0.0019138755980861,0.0023154572,0.0,0.0019138755980861,0.0,True,False,False,True,True,passes_recommended_min20,exploratory_cell_level_comparison; one_sample_per_tissue_condition; p_values_do_not_establish_biological_replicate_significance,False,False,True,False,0.0019138755980861,False,True
cluster_tissue__C0__bone_marrow,cluster_tissue,C0,bone_marrow,Tumor_T2_vs_Control_Ctrl,2090,2533,Ciita,1.9891411,0.9188799,0.0466856326109453,0.2401811475211123,0.0138755980861244,0.017414322,0.009248541,0.0138755980861244,0.0078957757599684,False,False,False,True,True,passes_recommended_min20,exploratory_cell_level_comparison; one_sample_per_tissue_condition; p_values_do_not_establish_biological_replicate_significance,False,False,True,False,0.005979822326156001,False,True
cluster_tissue__C0__bone_marrow,cluster_tissue,C0,bone_marrow,Tumor_T2_vs_Control_Ctrl,2090,2533,Ifng,-0.98151016,-0.07648011,0.326341211178061,0.6532607671396533,0.2253588516746411,0.30394536,0.31811368,0.2253588516746398,0.2356889064350585,False,False,False,True,True,passes_recommended_min20,exploratory_cell_level_comparison; one_sample_per_tissue_condition; p_values_do_not_establish_biological_replicate_significance,False,False,False,False,-0.010330054760418705,False,True
cluster_tissue__C0__bone_marrow,cluster_tissue,C0,bone_marrow,Tumor_T2_vs_Control_Ctrl,2090,2533,Rorc,-0.58442444,-0.5265055,0.5589347798676811,0.8116268510054652,0.000956937799043,0.0012961046,0.0018664236,0.000956937799043,0.0015791551519936,False,False,False,True,True,passes_recommended_min20,exploratory_cell_level_comparison; one_sample_per_tissue_condition; p_values_do_not_establish_biological_replicate_significance,False,False,False,False,-0.0006222173529506001,False,True
cluster_tissue__C0__bone_marrow,cluster_tissue,C0,bone_marrow,Tumor_T2_vs_Control_Ctrl,2090,2533,Tbx21,-0.062486593,0.0028809563,0.950175339245556,0.9801344800980624,0.4311004784688995,0.578983,0.57810545,0.4311004784688945,0.4350572443742624,False,False,False,True,True,passes_recommended_min20,exploratory_cell_level_comparison; one_sample_per_tissue_condition; p_values_do_not_establish_biological_replicate_significance,False,False,False,False,-0.0039567659053679205,False,True
cluster_tissue__C0__bone_marrow,cluster_tissue,C0,bone_marrow,Tumor_T2_vs_Control_Ctrl,2090,2533,Il23r,0.0,0.0,1.0,1.0,0.0,0.0,0.0,0.0,0.0,False,False,False,True,True,passes_recommended_min20,exploratory_cell_level_comparison; one_sample_per_tissue_condition; p_values_do_not_establish_biological_replicate_significance,False,False,False,False,0.0,False,True
cluster_tissue__C5-1__spleen,cluster_tissue,C5-1,spleen,Tumor_T2_vs_Control_Ctrl,345,239,Jun,6.3711658,1.375917,1.8759649574540244e-10,1.0814240146454037e-07,0.5681159420289855,0.847528,0.41472247,0.5681159420289845,0.3179916317991636,True,True,False,True,True,passes_recommended_min20,exploratory_cell_level_comparison; one_sample_per_tissue_condition; p_values_do_not_establish_biological_replicate_significance,True,False,True,False,0.2501243102298209,True,True
cluster_tissue__C5-1__spleen,cluster_tissue,C5-1,spleen,Tumor_T2_vs_Control_Ctrl,345,239,Junb,4.337225,0.66849446,1.4429279315478971e-05,0.0027492930410028,0.744927536231884,1.2400637,0.93417704,0.7449275362318798,0.6401673640167358,False,True,False,True,True,passes_recommended_min20,exploratory_cell_level_comparison; one_sample_per_tissue_condition; p_values_do_not_establish_biological_replicate_significance,True,False,True,False,0.104760172215144,True,True
cluster_tissue__C5-1__spleen,cluster_tissue,C5-1,spleen,Tumor_T2_vs_Control_Ctrl,345,239,Fos,2.9083896,1.1121943,0.0036329534410661,0.2083897829296103,0.1681159420289855,0.18535006,0.090025015,0.1681159420289855,0.0836820083682008,True,False,False,True,True,passes_recommended_min20,exploratory_cell_level_comparison; one_sample_per_tissue_condition; p_values_do_not_establish_biological_replicate_significance,False,False,True,False,0.0844339336607847,False,True
cluster_tissue__C5-1__spleen,cluster_tissue,C5-1,spleen,Tumor_T2_vs_Control_Ctrl,345,239,Fosb,2.1617997,0.86490756,0.0306336155949241,0.501584248762758,0.1536231884057971,0.17389975,0.09920306,0.1536231884057971,0.0920502092050208,False,False,False,True,True,passes_recommended_min20,exploratory_cell_level_comparison; one_sample_per_tissue_condition; p_values_do_not_establish_biological_replicate_significance,False,False,True,False,0.06157297920077631,False,True
cluster_tissue__C5-1__spleen,cluster_tissue,C5-1,spleen,Tumor_T2_vs_Control_Ctrl,345,239,Ifng,-2.0146947,-1.1737177,0.0439366461495578,0.5404137314669862,0.0347826086956521,0.042269018,0.09294341,0.0347826086956521,0.0711297071129706,False,False,False,True,True,passes_recommended_min20,exploratory_cell_level_comparison; one_sample_per_tissue_condition; p_values_do_not_establish_biological_replicate_significance,False,False,False,True,-0.03634709841731851,False,True
cluster_tissue__C5-1__spleen,cluster_tissue,C5-1,spleen,Tumor_T2_vs_Control_Ctrl,345,239,Il6ra,1.5105798,0.33118975,0.1308955416006873,0.7256499061792103,0.4,0.47127932,0.39106315,0.4000000000000002,0.347280334728034,False,False,False,True,True,passes_recommended_min20,exploratory_cell_level_comparison; one_sample_per_tissue_condition; p_values_do_not_establish_biological_replicate_significance,False,False,False,False,0.0527196652719662,False,True
cluster_tissue__C5-1__spleen,cluster_tissue,C5-1,spleen,Tumor_T2_vs_Control_Ctrl,345,239,Il1r1,1.444091,22.93204,0.1487134041335649,0.7341408656149366,0.008695652173913,0.00797076,0.0,0.008695652173913,0.0,False,False,False,True,True,passes_recommended_min20,exploratory_cell_level_comparison; one_sample_per_tissue_condition; p_values_do_not_establish_biological_replicate_significance,False,False,False,False,0.008695652173913,False,True
cluster_tissue__C5-1__spleen,cluster_tissue,C5-1,spleen,Tumor_T2_vs_Control_Ctrl,345,239,Fosl2,1.3034981,0.97316134,0.1924047485350427,0.7813254494618109,0.0347826086956521,0.03216237,0.016512368,0.0347826086956521,0.0167364016736401,False,False,False,True,True,passes_recommended_min20,exploratory_cell_level_comparison; one_sample_per_tissue_condition; p_values_do_not_establish_biological_replicate_significance,False,False,False,False,0.018046207022011998,False,True
cluster_tissue__C5-1__spleen,cluster_tissue,C5-1,spleen,Tumor_T2_vs_Control_Ctrl,345,239,Il23r,-1.2014636,-21.996332,0.229571440327278,0.7904250623723965,0.0,0.0,0.0041749272,0.0,0.00418410041841,False,False,False,True,True,passes_recommended_min20,exploratory_cell_level_comparison; one_sample_per_tissue_condition; p_values_do_not_establish_biological_replicate_significance,False,False,False,False,-0.00418410041841,False,True
cluster_tissue__C5-1__spleen,cluster_tissue,C5-1,spleen,Tumor_T2_vs_Control_Ctrl,345,239,Nr4a1,1.1193906,1.0479718,0.2629735225201319,0.8064517505759472,0.0260869565217391,0.030574458,0.01490402,0.0260869565217391,0.0125523012552301,False,False,False,True,True,passes_recommended_min20,exploratory_cell_level_comparison; one_sample_per_tissue_condition; p_values_do_not_establish_biological_replicate_significance,False,False,False,False,0.013534655266509002,False,True
cluster_tissue__C5-1__spleen,cluster_tissue,C5-1,spleen,Tumor_T2_vs_Control_Ctrl,345,239,Dusp1,0.9510404,0.31817022,0.3415838629020958,0.8570055218389278,0.1710144927536231,0.1844662,0.15055887,0.1710144927536232,0.1422594142259414,False,False,False,True,True,passes_recommended_min20,exploratory_cell_level_comparison; one_sample_per_tissue_condition; p_values_do_not_establish_biological_replicate_significance,False,False,False,False,0.028755078527681804,False,True
cluster_tissue__C5-1__spleen,cluster_tissue,C5-1,spleen,Tumor_T2_vs_Control_Ctrl,345,239,Cd8a,-0.8898489,-0.565881,0.3735470449333907,0.8592964835322175,0.0318840579710144,0.05614373,0.08202816,0.0318840579710145,0.0460251046025104,False,False,False,True,True,passes_recommended_min20,exploratory_cell_level_comparison; one_sample_per_tissue_condition; p_values_do_not_establish_biological_replicate_significance,False,False,False,False,-0.014141046631495902,False,True
cluster_tissue__C5-1__spleen,cluster_tissue,C5-1,spleen,Tumor_T2_vs_Control_Ctrl,345,239,Tbx21,0.7118771,0.15092991,0.4765408790016514,0.9053937284450893,0.1797101449275362,0.19162288,0.1741497,0.1797101449275363,0.1506276150627615,False,False,False,True,True,passes_recommended_min20,exploratory_cell_level_comparison; one_sample_per_tissue_condition; p_values_do_not_establish_biological_replicate_significance,False,False,False,False,0.029082529864774803,False,True
cluster_tissue__C5-1__spleen,cluster_tissue,C5-1,spleen,Tumor_T2_vs_Control_Ctrl,345,239,Stat1,-0.6428525,-0.08567293,0.5203198361346436,0.912205932366217,0.6492753623188405,0.9668375,1.0040525,0.6492753623188381,0.6778242677824258,False,False,False,True,True,passes_recommended_min20,exploratory_cell_level_comparison; one_sample_per_tissue_condition; p_values_do_not_establish_biological_replicate_significance,False,False,False,False,-0.02854890546358768,False,True
cluster_tissue__C5-1__spleen,cluster_tissue,C5-1,spleen,Tumor_T2_vs_Control_Ctrl,345,239,Rorc,0.2891271,-0.24348673,0.7724841069782314,0.9705342006357468,0.0202898550724637,0.020946737,0.024750507,0.0202898550724637,0.0167364016736401,False,False,False,True,True,passes_recommended_min20,exploratory_cell_level_comparison; one_sample_per_tissue_condition; p_values_do_not_establish_biological_replicate_significance,False,False,False,False,0.0035534533988236007,False,True
cluster_tissue__C5-1__spleen,cluster_tissue,C5-1,spleen,Tumor_T2_vs_Control_Ctrl,345,239,Ciita,0.20438072,0.24819104,0.8380559925349708,0.9771514598958476,0.0144927536231884,0.015372369,0.012958456,0.0144927536231884,0.0125523012552301,False,False,False,True,True,passes_recommended_min20,exploratory_cell_level_comparison; one_sample_per_tissue_condition; p_values_do_not_establish_biological_replicate_significance,False,False,False,False,0.0019404523679583015,False,True
cluster_tissue__C5-2__bone_marrow,cluster_tissue,C5-2,bone_marrow,Tumor_T2_vs_Control_Ctrl,96,104,Fosb,2.454427,1.1461223,0.0141109297396839,0.6603667558001206,0.21875,0.25811237,0.124921225,0.2187499999999999,0.0865384615384615,True,False,False,True,True,passes_recommended_min20,exploratory_cell_level_comparison; one_sample_per_tissue_condition; p_values_do_not_establish_biological_replicate_significance,False,False,True,False,0.13221153846153838,False,True
cluster_tissue__C5-2__bone_marrow,cluster_tissue,C5-2,bone_marrow,Tumor_T2_vs_Control_Ctrl,96,104,Il6ra,2.0974028,25.461945,0.0359579281905589,0.7884206740215758,0.0416666666666666,0.045181565,0.0,0.0416666666666666,0.0,True,False,False,True,True,passes_recommended_min20,exploratory_cell_level_comparison; one_sample_per_tissue_condition; p_values_do_not_establish_biological_replicate_significance,False,False,True,False,0.0416666666666666,False,True
cluster_tissue__C5-2__bone_marrow,cluster_tissue,C5-2,bone_marrow,Tumor_T2_vs_Control_Ctrl,96,104,Nr4a1,1.7335905,2.3131726,0.0829907794242248,0.8491192006383744,0.0520833333333333,0.048581414,0.009966937,0.0520833333333333,0.0096153846153846,False,False,False,True,True,passes_recommended_min20,exploratory_cell_level_comparison; one_sample_per_tissue_condition; p_values_do_not_establish_biological_replicate_significance,False,False,False,False,0.0424679487179487,False,True
cluster_tissue__C5-2__bone_marrow,cluster_tissue,C5-2,bone_marrow,Tumor_T2_vs_Control_Ctrl,96,104,Tbx21,1.4928765,0.63319385,0.1354695062117999,0.8652660695302766,0.21875,0.2318498,0.15549335,0.2187499999999999,0.1249999999999999,False,False,False,True,True,passes_recommended_min20,exploratory_cell_level_comparison; one_sample_per_tissue_condition; p_values_do_not_establish_biological_replicate_significance,False,False,False,False,0.09374999999999999,False,True
cluster_tissue__C5-2__bone_marrow,cluster_tissue,C5-2,bone_marrow,Tumor_T2_vs_Control_Ctrl,96,104,Il23r,1.4847517,0.6621692,0.1376096173131772,0.8652660695302766,0.3125,0.35180405,0.23620945,0.3125,0.2019230769230768,False,False,False,True,True,passes_recommended_min20,exploratory_cell_level_comparison; one_sample_per_tissue_condition; p_values_do_not_establish_biological_replicate_significance,False,False,False,False,0.11057692307692321,False,True
cluster_tissue__C5-2__bone_marrow,cluster_tissue,C5-2,bone_marrow,Tumor_T2_vs_Control_Ctrl,96,104,Fosl2,-0.8628642,-0.5952662,0.3882121384845652,0.89970102468078,0.0625,0.066306494,0.098548844,0.0624999999999999,0.0961538461538461,False,False,False,True,True,passes_recommended_min20,exploratory_cell_level_comparison; one_sample_per_tissue_condition; p_values_do_not_establish_biological_replicate_significance,False,False,False,False,-0.0336538461538462,False,True
cluster_tissue__C5-2__bone_marrow,cluster_tissue,C5-2,bone_marrow,Tumor_T2_vs_Control_Ctrl,96,104,Jun,0.84881186,0.30829823,0.3959859921175981,0.9026213492618612,0.375,0.60892755,0.5170864,0.3750000000000001,0.3076923076923077,False,False,False,True,True,passes_recommended_min20,exploratory_cell_level_comparison; one_sample_per_tissue_condition; p_values_do_not_establish_biological_replicate_significance,False,False,False,False,0.0673076923076924,False,True
cluster_tissue__C5-2__bone_marrow,cluster_tissue,C5-2,bone_marrow,Tumor_T2_vs_Control_Ctrl,96,104,Dusp1,0.7555668,0.6024197,0.4499089798122224,0.934226483828983,0.2291666666666666,0.30293995,0.20949209,0.2291666666666665,0.1923076923076922,False,False,False,True,True,passes_recommended_min20,exploratory_cell_level_comparison; one_sample_per_tissue_condition; p_values_do_not_establish_biological_replicate_significance,False,False,False,False,0.036858974358974284,False,True
cluster_tissue__C5-2__bone_marrow,cluster_tissue,C5-2,bone_marrow,Tumor_T2_vs_Control_Ctrl,96,104,Fos,0.6370703,0.43293685,0.5240790474503882,0.95404827791989,0.1979166666666666,0.30852643,0.23722063,0.1979166666666666,0.1634615384615384,False,False,False,True,True,passes_recommended_min20,exploratory_cell_level_comparison; one_sample_per_tissue_condition; p_values_do_not_establish_biological_replicate_significance,False,False,False,False,0.034455128205128194,False,True
cluster_tissue__C5-2__bone_marrow,cluster_tissue,C5-2,bone_marrow,Tumor_T2_vs_Control_Ctrl,96,104,Cd8a,0.48386827,0.53226376,0.6284793696174222,0.9729849139877652,0.0416666666666666,0.06550327,0.045747288,0.0416666666666666,0.0288461538461538,False,False,False,True,True,passes_recommended_min20,exploratory_cell_level_comparison; one_sample_per_tissue_condition; p_values_do_not_establish_biological_replicate_significance,False,False,False,False,0.012820512820512803,False,True
cluster_tissue__C5-2__bone_marrow,cluster_tissue,C5-2,bone_marrow,Tumor_T2_vs_Control_Ctrl,96,104,Junb,0.29861066,0.119369864,0.7652371361442568,0.997778723205652,0.6770833333333334,1.0753826,1.0216461,0.677083333333333,0.6730769230769229,False,False,False,True,True,passes_recommended_min20,exploratory_cell_level_comparison; one_sample_per_tissue_condition; p_values_do_not_establish_biological_replicate_significance,False,False,False,False,0.004006410256410131,False,True
cluster_tissue__C5-2__bone_marrow,cluster_tissue,C5-2,bone_marrow,Tumor_T2_vs_Control_Ctrl,96,104,Ifng,-0.29185703,-0.27500814,0.7703959282683517,0.9993174811522004,0.03125,0.034443513,0.04152837,0.03125,0.0384615384615384,False,False,False,True,True,passes_recommended_min20,exploratory_cell_level_comparison; one_sample_per_tissue_condition; p_values_do_not_establish_biological_replicate_significance,False,False,False,False,-0.007211538461538401,False,True
cluster_tissue__C5-2__bone_marrow,cluster_tissue,C5-2,bone_marrow,Tumor_T2_vs_Control_Ctrl,96,104,Rorc,0.23676108,0.08663649,0.8128421514358178,1.0,0.40625,0.49134618,0.46846038,0.4062500000000001,0.3557692307692309,False,False,False,True,True,passes_recommended_min20,exploratory_cell_level_comparison; one_sample_per_tissue_condition; p_values_do_not_establish_biological_replicate_significance,False,False,False,False,0.05048076923076922,False,True
cluster_tissue__C5-2__bone_marrow,cluster_tissue,C5-2,bone_marrow,Tumor_T2_vs_Control_Ctrl,96,104,Il1r1,0.14953257,0.12504286,0.8811334114363988,1.0,0.2916666666666667,0.3479231,0.32322446,0.2916666666666666,0.2884615384615384,False,False,False,True,True,passes_recommended_min20,exploratory_cell_level_comparison; one_sample_per_tissue_condition; p_values_do_not_establish_biological_replicate_significance,False,False,False,False,0.0032051282051281937,False,True
cluster_tissue__C5-2__bone_marrow,cluster_tissue,C5-2,bone_marrow,Tumor_T2_vs_Control_Ctrl,96,104,Stat1,-0.14083333,0.023604775,0.8880016110531073,1.0,0.4791666666666667,0.66584975,0.6579287,0.4791666666666669,0.4519230769230772,False,False,False,True,True,passes_recommended_min20,exploratory_cell_level_comparison; one_sample_per_tissue_condition; p_values_do_not_establish_biological_replicate_significance,False,False,False,False,0.027243589743589702,False,True
cluster_tissue__C5-2__bone_marrow,cluster_tissue,C5-2,bone_marrow,Tumor_T2_vs_Control_Ctrl,96,104,Ciita,0.049661428,-0.45263803,0.9603921933931252,1.0,0.0104166666666666,0.011581793,0.01581655,0.0104166666666666,0.0096153846153846,False,False,False,True,True,passes_recommended_min20,exploratory_cell_level_comparison; one_sample_per_tissue_condition; p_values_do_not_establish_biological_replicate_significance,False,False,False,False,0.0008012820512819999,False,True
cluster_tissue__C6__thymus,cluster_tissue,C6,thymus,Tumor_T2_vs_Control_Ctrl,1087,1227,Fos,4.960455,0.50396675,7.032835450636935e-07,6.700031630205009e-05,0.6228150873965042,1.3408393,1.0953249,0.6228150873964959,0.5191524042379795,False,True,False,True,True,passes_recommended_min20,exploratory_cell_level_comparison; one_sample_per_tissue_condition; p_values_do_not_establish_biological_replicate_significance,True,False,False,False,0.10366268315851646,True,True
cluster_tissue__C6__thymus,cluster_tissue,C6,thymus,Tumor_T2_vs_Control_Ctrl,1087,1227,Dusp1,3.7662435,0.38180828,0.00016572214191,0.0073985575488718,0.7506899724011039,1.8791145,1.6596996,0.7506899724010926,0.6829665851670644,False,True,False,True,True,passes_recommended_min20,exploratory_cell_level_comparison; one_sample_per_tissue_condition; p_values_do_not_establish_biological_replicate_significance,True,False,False,False,0.06772338723402815,True,True
cluster_tissue__C6__thymus,cluster_tissue,C6,thymus,Tumor_T2_vs_Control_Ctrl,1087,1227,Junb,2.5839393,0.28983933,0.0097678961112016,0.1467935936711571,0.906163753449862,2.7088678,2.5226793,0.9061637534498468,0.8573757131214136,False,False,False,True,True,passes_recommended_min20,exploratory_cell_level_comparison; one_sample_per_tissue_condition; p_values_do_not_establish_biological_replicate_significance,False,False,False,False,0.0487880403284332,False,True
cluster_tissue__C6__thymus,cluster_tissue,C6,thymus,Tumor_T2_vs_Control_Ctrl,1087,1227,Fosl2,2.1383002,0.27393267,0.0324923823208218,0.2787446453397296,0.2428702851885924,0.29499793,0.24981229,0.2428702851885933,0.2029339853300738,False,False,False,True,True,passes_recommended_min20,exploratory_cell_level_comparison; one_sample_per_tissue_condition; p_values_do_not_establish_biological_replicate_significance,False,False,False,False,0.039936299858519486,False,True
cluster_tissue__C6__thymus,cluster_tissue,C6,thymus,Tumor_T2_vs_Control_Ctrl,1087,1227,Nr4a1,1.8964697,0.2298282,0.0578979544175403,0.367382531432973,0.1775528978840846,0.22243655,0.19262727,0.1775528978840852,0.1475142624286881,False,False,False,True,True,passes_recommended_min20,exploratory_cell_level_comparison; one_sample_per_tissue_condition; p_values_do_not_establish_biological_replicate_significance,False,False,False,False,0.030038635455397117,False,True
cluster_tissue__C6__thymus,cluster_tissue,C6,thymus,Tumor_T2_vs_Control_Ctrl,1087,1227,Rorc,1.8410088,21.480177,0.0656202644011498,0.3893647138517269,0.0027598896044158,0.0029210767,0.0,0.0027598896044158,0.0,False,False,False,True,True,passes_recommended_min20,exploratory_cell_level_comparison; one_sample_per_tissue_condition; p_values_do_not_establish_biological_replicate_significance,False,False,False,False,0.0027598896044158,False,True
cluster_tissue__C6__thymus,cluster_tissue,C6,thymus,Tumor_T2_vs_Control_Ctrl,1087,1227,Tbx21,-1.8026403,-0.19362204,0.0714447196315341,0.4074571879862808,0.3560257589696412,0.4239753,0.47241604,0.3560257589696395,0.3854930725346386,False,False,False,True,True,passes_recommended_min20,exploratory_cell_level_comparison; one_sample_per_tissue_condition; p_values_do_not_establish_biological_replicate_significance,False,False,False,False,-0.029467313564999098,False,True
cluster_tissue__C6__thymus,cluster_tissue,C6,thymus,Tumor_T2_vs_Control_Ctrl,1087,1227,Stat1,-1.7186816,-0.1541175,0.0856723706650234,0.4407541923798456,0.5059797608095676,0.7313318,0.7881681,0.5059797608095623,0.528117359413203,False,False,False,True,True,passes_recommended_min20,exploratory_cell_level_comparison; one_sample_per_tissue_condition; p_values_do_not_establish_biological_replicate_significance,False,False,False,False,-0.02213759860364073,False,True
cluster_tissue__C6__thymus,cluster_tissue,C6,thymus,Tumor_T2_vs_Control_Ctrl,1087,1227,Jun,1.5951254,0.1431964,0.1106841843249275,0.4886187716187679,0.6080956761729531,1.2186786,1.1498048,0.6080956761729452,0.5574572127139347,False,False,False,True,True,passes_recommended_min20,exploratory_cell_level_comparison; one_sample_per_tissue_condition; p_values_do_not_establish_biological_replicate_significance,False,False,False,False,0.050638463459010574,False,True
cluster_tissue__C6__thymus,cluster_tissue,C6,thymus,Tumor_T2_vs_Control_Ctrl,1087,1227,Ifng,1.5013276,0.1363035,0.133270842772207,0.5253036689535169,0.4112235510579576,0.66958237,0.6245835,0.4112235510579546,0.3781581092094552,False,False,False,True,True,passes_recommended_min20,exploratory_cell_level_comparison; one_sample_per_tissue_condition; p_values_do_not_establish_biological_replicate_significance,False,False,False,False,0.03306544184849941,False,True
cluster_tissue__C6__thymus,cluster_tissue,C6,thymus,Tumor_T2_vs_Control_Ctrl,1087,1227,Il6ra,1.284726,0.28277266,0.1988880250120042,0.6130024781011721,0.0496780128794848,0.05606618,0.04631415,0.0496780128794848,0.0383048084759576,False,False,False,True,True,passes_recommended_min20,exploratory_cell_level_comparison; one_sample_per_tissue_condition; p_values_do_not_establish_biological_replicate_significance,False,False,False,False,0.011373204403527196,False,True
cluster_tissue__C6__thymus,cluster_tissue,C6,thymus,Tumor_T2_vs_Control_Ctrl,1087,1227,Ciita,0.885042,0.4572985,0.3761339826343695,0.7656857851828687,0.014719411223551,0.016020218,0.011693636,0.014719411223551,0.0105949470252648,False,False,False,True,True,passes_recommended_min20,exploratory_cell_level_comparison; one_sample_per_tissue_condition; p_values_do_not_establish_biological_replicate_significance,False,False,False,False,0.004124464198286201,False,True
cluster_tissue__C6__thymus,cluster_tissue,C6,thymus,Tumor_T2_vs_Control_Ctrl,1087,1227,Fosb,0.50695235,0.019545956,0.6121882751493106,0.8838475525788541,0.311867525298988,0.43751523,0.43273517,0.3118675252989875,0.295843520782397,False,False,False,True,True,passes_recommended_min20,exploratory_cell_level_comparison; one_sample_per_tissue_condition; p_values_do_not_establish_biological_replicate_significance,False,False,False,False,0.016024004516590473,False,True
cluster_tissue__C6__thymus,cluster_tissue,C6,thymus,Tumor_T2_vs_Control_Ctrl,1087,1227,Cd8a,0.195613,0.3870322,0.8449130851258975,0.966365378742987,0.0045998160073597,0.006973763,0.005337214,0.0045998160073597,0.0040749796251018,False,False,False,True,True,passes_recommended_min20,exploratory_cell_level_comparison; one_sample_per_tissue_condition; p_values_do_not_establish_biological_replicate_significance,False,False,False,False,0.0005248363822579006,False,True
cluster_tissue__C6__thymus,cluster_tissue,C6,thymus,Tumor_T2_vs_Control_Ctrl,1087,1227,Il1r1,0.0,0.0,1.0,1.0,0.0,0.0,0.0,0.0,0.0,False,False,False,True,True,passes_recommended_min20,exploratory_cell_level_comparison; one_sample_per_tissue_condition; p_values_do_not_establish_biological_replicate_significance,False,False,False,False,0.0,False,True
cluster_tissue__C6__thymus,cluster_tissue,C6,thymus,Tumor_T2_vs_Control_Ctrl,1087,1227,Il23r,0.0,0.0,1.0,1.0,0.0,0.0,0.0,0.0,0.0,False,False,False,True,True,passes_recommended_min20,exploratory_cell_level_comparison; one_sample_per_tissue_condition; p_values_do_not_establish_biological_replicate_significance,False,False,False,False,0.0,False,True
global,global,ALL,all,Tumor_T2_vs_Control_Ctrl,7359,8173,Jun,18.774508,0.7262989,1.2207656829655996e-78,2.7713978377112655e-76,0.5950536757711645,1.1309556,0.81912404,0.5950536757711201,0.4616419919246617,False,True,False,True,True,passes_recommended_min20,exploratory_cell_level_comparison; one_sample_per_tissue_condition; p_values_do_not_establish_biological_replicate_significance,True,False,True,False,0.1334116838464584,True,True
global,global,ALL,all,Tumor_T2_vs_Control_Ctrl,7359,8173,Junb,18.110382,0.5800478,2.639090581193656e-73,5.4152108656415976e-71,0.7937219730941704,1.7300828,1.4121159,0.7937219730941069,0.7051266364860465,False,True,False,True,True,passes_recommended_min20,exploratory_cell_level_comparison; one_sample_per_tissue_condition; p_values_do_not_establish_biological_replicate_significance,True,False,False,False,0.0885953366080604,True,True
global,global,ALL,all,Tumor_T2_vs_Control_Ctrl,7359,8173,Fosb,15.324301,0.80542433,5.261733861225924e-53,8.637338507581633e-51,0.2831906509036553,0.4100908,0.25470123,0.2831906509036409,0.1804722867979973,False,True,False,True,True,passes_recommended_min20,exploratory_cell_level_comparison; one_sample_per_tissue_condition; p_values_do_not_establish_biological_replicate_significance,True,False,True,False,0.10271836410564358,True,True
global,global,ALL,all,Tumor_T2_vs_Control_Ctrl,7359,8173,Fos,15.045486,0.7660656,3.696090038320296e-51,5.5545465787151485e-49,0.2993613262671558,0.52604306,0.3414882,0.2993613262671398,0.1938088829071385,False,True,False,True,True,passes_recommended_min20,exploratory_cell_level_comparison; one_sample_per_tissue_condition; p_values_do_not_establish_biological_replicate_significance,True,False,True,False,0.1055524433600013,True,True
global,global,ALL,all,Tumor_T2_vs_Control_Ctrl,7359,8173,Dusp1,11.606525,0.5274669,3.8181818449446693e-31,3.423529435761313e-29,0.391085745345835,0.71138704,0.54192543,0.3910857453458101,0.3061299400465109,False,True,False,True,True,passes_recommended_min20,exploratory_cell_level_comparison; one_sample_per_tissue_condition; p_values_do_not_establish_biological_replicate_significance,True,False,False,False,0.08495580529929919,True,True
global,global,ALL,all,Tumor_T2_vs_Control_Ctrl,7359,8173,Fosl2,5.59953,0.4350329,2.1493348231531484e-08,4.435861230762881e-07,0.0975676042940617,0.11954997,0.08977789,0.0975676042940622,0.0723112688119409,False,True,False,True,True,passes_recommended_min20,exploratory_cell_level_comparison; one_sample_per_tissue_condition; p_values_do_not_establish_biological_replicate_significance,True,False,False,False,0.025256335482121292,True,True
global,global,ALL,all,Tumor_T2_vs_Control_Ctrl,7359,8173,Il6ra,4.196269,0.5199023,2.7134803507424823e-05,0.0003093251639147,0.0428047289033836,0.05113729,0.035938177,0.0428047289033838,0.0302214609078671,False,True,False,True,True,passes_recommended_min20,exploratory_cell_level_comparison; one_sample_per_tissue_condition; p_values_do_not_establish_biological_replicate_significance,True,False,False,False,0.012583267995516699,True,True
global,global,ALL,all,Tumor_T2_vs_Control_Ctrl,7359,8173,Stat1,-3.9404252,-0.12682706,8.133736284497038e-05,0.0008073206154007,0.5801059926620464,0.9187148,0.97246563,0.5801059926620035,0.6023491985807383,False,False,False,True,True,passes_recommended_min20,exploratory_cell_level_comparison; one_sample_per_tissue_condition; p_values_do_not_establish_biological_replicate_significance,False,False,False,False,-0.022243205918734854,True,True
global,global,ALL,all,Tumor_T2_vs_Control_Ctrl,7359,8173,Nr4a1,3.5515406,0.28029796,0.0003829827664615,0.0030450269136698,0.0544910993341486,0.068340085,0.05660725,0.0544910993341489,0.042089807904074,False,True,False,True,True,passes_recommended_min20,exploratory_cell_level_comparison; one_sample_per_tissue_condition; p_values_do_not_establish_biological_replicate_significance,True,False,False,False,0.012401291430074894,True,True
global,global,ALL,all,Tumor_T2_vs_Control_Ctrl,7359,8173,Rorc,2.6046965,0.45405596,0.0091955644227837,0.0411563223117039,0.014947683109118,0.018287813,0.013382746,0.0149476831091181,0.0102777437905297,False,True,False,True,True,passes_recommended_min20,exploratory_cell_level_comparison; one_sample_per_tissue_condition; p_values_do_not_establish_biological_replicate_significance,True,False,False,False,0.0046699393185884,True,True
global,global,ALL,all,Tumor_T2_vs_Control_Ctrl,7359,8173,Ciita,1.9873414,0.41483396,0.046884573460851,0.1402462570303561,0.0130452507134121,0.015414865,0.011584991,0.0130452507134121,0.0096659733268077,False,False,False,True,True,passes_recommended_min20,exploratory_cell_level_comparison; one_sample_per_tissue_condition; p_values_do_not_establish_biological_replicate_significance,False,False,False,False,0.0033792773866043995,False,True
global,global,ALL,all,Tumor_T2_vs_Control_Ctrl,7359,8173,Il23r,1.897014,0.5015709,0.057826085777985,0.1639063915048572,0.0066585133849707,0.007552273,0.0053403596,0.0066585133849707,0.0044047473387984,False,False,False,True,True,passes_recommended_min20,exploratory_cell_level_comparison; one_sample_per_tissue_condition; p_values_do_not_establish_biological_replicate_significance,False,False,False,False,0.0022537660461723003,False,True
global,global,ALL,all,Tumor_T2_vs_Control_Ctrl,7359,8173,Tbx21,-1.8633589,-0.07318153,0.0624117993570267,0.1735558767629595,0.3605109389862753,0.47525588,0.49474877,0.3605109389862533,0.3709776092010506,False,False,False,True,True,passes_recommended_min20,exploratory_cell_level_comparison; one_sample_per_tissue_condition; p_values_do_not_establish_biological_replicate_significance,False,False,False,False,-0.010466670214797302,False,True
global,global,ALL,all,Tumor_T2_vs_Control_Ctrl,7359,8173,Il1r1,1.788182,0.45399535,0.0737466387104558,0.1951578955953778,0.0085609457806767,0.0100105135,0.0073177186,0.0085609457806767,0.0061177046372201,False,False,False,True,True,passes_recommended_min20,exploratory_cell_level_comparison; one_sample_per_tissue_condition; p_values_do_not_establish_biological_replicate_significance,False,False,False,False,0.0024432411434566004,False,True
global,global,ALL,all,Tumor_T2_vs_Control_Ctrl,7359,8173,Ifng,-1.0369669,-0.055263747,0.2997512813178723,0.5039092831335445,0.2129365402908004,0.30745208,0.31773424,0.2129365402907926,0.218769117826999,False,False,False,True,True,passes_recommended_min20,exploratory_cell_level_comparison; one_sample_per_tissue_condition; p_values_do_not_establish_biological_replicate_significance,False,False,False,False,-0.005832577536206418,False,True
global,global,ALL,all,Tumor_T2_vs_Control_Ctrl,7359,8173,Cd8a,-0.8972483,0.032324385,0.3695864241269404,0.5723493679875841,0.0169860035330887,0.03545297,0.034680925,0.0169860035330887,0.0189648843753823,False,False,False,True,True,passes_recommended_min20,exploratory_cell_level_comparison; one_sample_per_tissue_condition; p_values_do_not_establish_biological_replicate_significance,False,False,False,False,-0.0019788808422935983,False,True
tissue__bone_marrow,tissue,ALL,bone_marrow,Tumor_T2_vs_Control_Ctrl,2731,3379,Junb,12.522212,0.6283568,5.644012521930655e-36,1.4688198441219534e-33,0.8022702306847309,1.6944805,1.3544832,0.8022702306847308,0.7170760580053155,False,True,False,True,True,passes_recommended_min20,exploratory_cell_level_comparison; one_sample_per_tissue_condition; p_values_do_not_establish_biological_replicate_significance,True,False,True,False,0.08519417267941531,True,True
tissue__bone_marrow,tissue,ALL,bone_marrow,Tumor_T2_vs_Control_Ctrl,2731,3379,Fosb,11.025678,0.898831,2.873469200353202e-28,5.196595994537063e-26,0.3372391065543756,0.5177538,0.31024706,0.3372391065543756,0.2163361941402756,False,True,False,True,True,passes_recommended_min20,exploratory_cell_level_comparison; one_sample_per_tissue_condition; p_values_do_not_establish_biological_replicate_significance,True,False,True,False,0.1209029124141,True,True
tissue__bone_marrow,tissue,ALL,bone_marrow,Tumor_T2_vs_Control_Ctrl,2731,3379,Dusp1,10.98684,0.82295877,4.42134062359065e-28,7.862617408952039e-26,0.4295129989015013,0.7049523,0.45660624,0.4295129989015012,0.3089671500443876,False,True,False,True,True,passes_recommended_min20,exploratory_cell_level_comparison; one_sample_per_tissue_condition; p_values_do_not_establish_biological_replicate_significance,True,False,True,False,0.12054584885711361,True,True
tissue__bone_marrow,tissue,ALL,bone_marrow,Tumor_T2_vs_Control_Ctrl,2731,3379,Fos,10.486843,0.90943456,9.929058861129736e-26,1.5134722578322042e-23,0.3233247894544123,0.546504,0.32725787,0.3233247894544123,0.209825392127846,False,True,False,True,True,passes_recommended_min20,exploratory_cell_level_comparison; one_sample_per_tissue_condition; p_values_do_not_establish_biological_replicate_significance,True,False,True,False,0.11349939732656628,True,True
tissue__bone_marrow,tissue,ALL,bone_marrow,Tumor_T2_vs_Control_Ctrl,2731,3379,Jun,9.058967,0.57437205,1.316924901219342e-19,1.6728081780964738e-17,0.5968509703405346,1.1820223,0.92362887,0.5968509703405346,0.5119857946137832,False,True,False,True,True,passes_recommended_min20,exploratory_cell_level_comparison; one_sample_per_tissue_condition; p_values_do_not_establish_biological_replicate_significance,True,False,False,False,0.08486517572675134,True,True
tissue__bone_marrow,tissue,ALL,bone_marrow,Tumor_T2_vs_Control_Ctrl,2731,3379,Fosl2,5.6204123,0.7346345,1.9050238747525973e-08,8.837654236352267e-07,0.1017942145734163,0.123163864,0.075820565,0.1017942145734163,0.0624445102101215,False,True,False,True,True,passes_recommended_min20,exploratory_cell_level_comparison; one_sample_per_tissue_condition; p_values_do_not_establish_biological_replicate_significance,True,False,True,False,0.039349704363294796,True,True
tissue__bone_marrow,tissue,ALL,bone_marrow,Tumor_T2_vs_Control_Ctrl,2731,3379,Nr4a1,4.1682625,0.71258307,3.069302611113142e-05,0.0007213537193959,0.0505309410472354,0.06086892,0.03758243,0.0505309410472354,0.0295945546019533,False,True,False,True,True,passes_recommended_min20,exploratory_cell_level_comparison; one_sample_per_tissue_condition; p_values_do_not_establish_biological_replicate_significance,True,False,True,False,0.0209363864452821,True,True
tissue__bone_marrow,tissue,ALL,bone_marrow,Tumor_T2_vs_Control_Ctrl,2731,3379,Stat1,-3.0363817,-0.16096729,0.0023943595425083,0.0265569816201291,0.572683998535335,0.89391667,0.96134466,0.572683998535335,0.5978100029594461,False,False,False,True,True,passes_recommended_min20,exploratory_cell_level_comparison; one_sample_per_tissue_condition; p_values_do_not_establish_biological_replicate_significance,False,False,False,False,-0.02512600442411106,True,True
tissue__bone_marrow,tissue,ALL,bone_marrow,Tumor_T2_vs_Control_Ctrl,2731,3379,Ciita,2.5357308,0.9545631,0.0112212947235562,0.0827824342732327,0.0131819846210179,0.015875777,0.008223333,0.0131819846210179,0.0068067475584492,False,False,False,True,True,passes_recommended_min20,exploratory_cell_level_comparison; one_sample_per_tissue_condition; p_values_do_not_establish_biological_replicate_significance,False,False,True,False,0.006375237062568699,False,True
tissue__bone_marrow,tissue,ALL,bone_marrow,Tumor_T2_vs_Control_Ctrl,2731,3379,Il23r,2.0293622,0.7700776,0.0424214233861098,0.199048631279592,0.0109849871841816,0.012366602,0.0072701336,0.0109849871841816,0.0062148564664101,False,False,False,True,True,passes_recommended_min20,exploratory_cell_level_comparison; one_sample_per_tissue_condition; p_values_do_not_establish_biological_replicate_significance,False,False,True,False,0.0047701307177715,False,True
tissue__bone_marrow,tissue,ALL,bone_marrow,Tumor_T2_vs_Control_Ctrl,2731,3379,Cd8a,-1.5355142,-0.30273128,0.1246575664210643,0.3761584371359607,0.0179421457341633,0.029902505,0.03675717,0.0179421457341633,0.0236756436815626,False,False,False,True,True,passes_recommended_min20,exploratory_cell_level_comparison; one_sample_per_tissue_condition; p_values_do_not_establish_biological_replicate_significance,False,False,False,False,-0.005733497947399302,False,True
tissue__bone_marrow,tissue,ALL,bone_marrow,Tumor_T2_vs_Control_Ctrl,2731,3379,Il6ra,1.2567785,0.31172016,0.2088338438073574,0.4951682474276676,0.0329549615525448,0.041902345,0.03389619,0.0329549615525448,0.0275229357798165,False,False,False,True,True,passes_recommended_min20,exploratory_cell_level_comparison; one_sample_per_tissue_condition; p_values_do_not_establish_biological_replicate_significance,False,False,False,False,0.005432025772728298,False,True
tissue__bone_marrow,tissue,ALL,bone_marrow,Tumor_T2_vs_Control_Ctrl,2731,3379,Tbx21,0.9245019,0.066749334,0.3552250551441278,0.6515856169284376,0.4082753570120835,0.5448218,0.52564704,0.4082753570120834,0.3962710861201481,False,False,False,True,True,passes_recommended_min20,exploratory_cell_level_comparison; one_sample_per_tissue_condition; p_values_do_not_establish_biological_replicate_significance,False,False,False,False,0.012004270891935287,False,True
tissue__bone_marrow,tissue,ALL,bone_marrow,Tumor_T2_vs_Control_Ctrl,2731,3379,Rorc,0.88149196,0.19085187,0.3780515920378472,0.6705137112772324,0.0157451482973269,0.019055964,0.016714325,0.0157451482973269,0.0130216040248594,False,False,False,True,True,passes_recommended_min20,exploratory_cell_level_comparison; one_sample_per_tissue_condition; p_values_do_not_establish_biological_replicate_significance,False,False,False,False,0.0027235442724674996,False,True
tissue__bone_marrow,tissue,ALL,bone_marrow,Tumor_T2_vs_Control_Ctrl,2731,3379,Il1r1,0.87580144,0.3854531,0.3811379981473667,0.6736363160895151,0.0120834859025997,0.014549806,0.011157385,0.0120834859025997,0.0097662030186445,False,False,False,True,True,passes_recommended_min20,exploratory_cell_level_comparison; one_sample_per_tissue_condition; p_values_do_not_establish_biological_replicate_significance,False,False,False,False,0.0023172828839551993,False,True
tissue__bone_marrow,tissue,ALL,bone_marrow,Tumor_T2_vs_Control_Ctrl,2731,3379,Ifng,-0.7235828,-0.045383092,0.4693218896056244,0.7394661196237465,0.2255584035151959,0.31007078,0.318555,0.2255584035151958,0.2320213080793106,False,False,False,True,True,passes_recommended_min20,exploratory_cell_level_comparison; one_sample_per_tissue_condition; p_values_do_not_establish_biological_replicate_significance,False,False,False,False,-0.006462904564114802,False,True
tissue__spleen,tissue,ALL,spleen,Tumor_T2_vs_Control_Ctrl,3371,3422,Jun,20.1421,1.2091312,3.15665809954086e-90,1.981267171888293e-87,0.5932957579353307,1.0529144,0.5917203,0.5932957579353207,0.3813559322033986,True,True,False,True,True,passes_recommended_min20,exploratory_cell_level_comparison; one_sample_per_tissue_condition; p_values_do_not_establish_biological_replicate_significance,True,False,True,False,0.21193982573192216,True,True
tissue__spleen,tissue,ALL,spleen,Tumor_T2_vs_Control_Ctrl,3371,3422,Junb,15.984161,0.71783125,1.647688994497975e-57,6.0272399550597215e-55,0.7549688519727084,1.4243017,1.0709842,0.7549688519726953,0.6464056107539479,False,True,False,True,True,passes_recommended_min20,exploratory_cell_level_comparison; one_sample_per_tissue_condition; p_values_do_not_establish_biological_replicate_significance,True,False,True,False,0.10856324121874739,True,True
tissue__spleen,tissue,ALL,spleen,Tumor_T2_vs_Control_Ctrl,3371,3422,Fos,14.528285,1.7351803,8.02029011699086e-48,2.1394123887073116e-45,0.1711658261643429,0.23249194,0.07568187,0.171165826164341,0.0593220338983053,True,True,False,True,True,passes_recommended_min20,exploratory_cell_level_comparison; one_sample_per_tissue_condition; p_values_do_not_establish_biological_replicate_significance,True,False,True,False,0.1118437922660357,True,True
tissue__spleen,tissue,ALL,spleen,Tumor_T2_vs_Control_Ctrl,3371,3422,Fosb,14.208318,1.3531767,8.135673040473536e-46,2.018782124229131e-43,0.2352417680213586,0.3190814,0.13725787,0.2352417680213555,0.1069549970777321,True,True,False,True,True,passes_recommended_min20,exploratory_cell_level_comparison; one_sample_per_tissue_condition; p_values_do_not_establish_biological_replicate_significance,True,False,True,False,0.1282867709436234,True,True
tissue__spleen,tissue,ALL,spleen,Tumor_T2_vs_Control_Ctrl,3371,3422,Dusp1,7.122129,0.6106315,1.0627248131776844e-12,6.789984285392749e-11,0.2376149510530999,0.3163505,0.21809013,0.2376149510530967,0.16832261835184,False,True,False,True,True,passes_recommended_min20,exploratory_cell_level_comparison; one_sample_per_tissue_condition; p_values_do_not_establish_biological_replicate_significance,True,False,True,False,0.0692923327012567,True,True
tissue__spleen,tissue,ALL,spleen,Tumor_T2_vs_Control_Ctrl,3371,3422,Il6ra,3.9858148,0.76295686,6.724897570148932e-05,0.0011999106534028,0.0477603085137941,0.055418674,0.033027917,0.0477603085137942,0.0292226767971946,False,True,False,True,True,passes_recommended_min20,exploratory_cell_level_comparison; one_sample_per_tissue_condition; p_values_do_not_establish_biological_replicate_significance,True,False,True,False,0.0185376317165996,True,True
tissue__spleen,tissue,ALL,spleen,Tumor_T2_vs_Control_Ctrl,3371,3422,Stat1,-2.5210614,-0.11607216,0.0117001417400933,0.0746653782098064,0.6244437852269357,1.0190537,1.0712113,0.624443785226925,0.6487434248977232,False,False,False,True,True,passes_recommended_min20,exploratory_cell_level_comparison; one_sample_per_tissue_condition; p_values_do_not_establish_biological_replicate_significance,False,False,False,False,-0.02429963967079818,False,True
tissue__spleen,tissue,ALL,spleen,Tumor_T2_vs_Control_Ctrl,3371,3422,Fosl2,2.2716,0.40781784,0.0231106805315026,0.1187907366077686,0.0462770691189558,0.057113037,0.04334944,0.0462770691189559,0.0353594389246055,False,False,False,True,True,passes_recommended_min20,exploratory_cell_level_comparison; one_sample_per_tissue_condition; p_values_do_not_establish_biological_replicate_significance,False,False,False,False,0.010917630194350395,False,True
tissue__spleen,tissue,ALL,spleen,Tumor_T2_vs_Control_Ctrl,3371,3422,Il1r1,2.1577716,1.1722592,0.0309456020424638,0.1439361699185219,0.0056363097003856,0.0061306125,0.0027249507,0.0056363097003856,0.0023378141437755,True,False,False,True,True,passes_recommended_min20,exploratory_cell_level_comparison; one_sample_per_tissue_condition; p_values_do_not_establish_biological_replicate_significance,False,False,True,False,0.0032984955566101003,False,True
tissue__spleen,tissue,ALL,spleen,Tumor_T2_vs_Control_Ctrl,3371,3422,Tbx21,-2.0151002,-0.12643111,0.0438941549569109,0.1815023347891776,0.3346188074755265,0.44960406,0.48223254,0.3346188074755215,0.3506721215663417,False,False,False,True,True,passes_recommended_min20,exploratory_cell_level_comparison; one_sample_per_tissue_condition; p_values_do_not_establish_biological_replicate_significance,False,False,False,False,-0.016053314090820225,False,True
tissue__spleen,tissue,ALL,spleen,Tumor_T2_vs_Control_Ctrl,3371,3422,Rorc,1.7396977,0.4869376,0.0819121089100417,0.2720414211219736,0.0124592109166419,0.014090218,0.0100741545,0.0124592109166419,0.0081823495032144,False,False,False,True,True,passes_recommended_min20,exploratory_cell_level_comparison; one_sample_per_tissue_condition; p_values_do_not_establish_biological_replicate_significance,False,False,False,False,0.0042768614134275,False,True
tissue__spleen,tissue,ALL,spleen,Tumor_T2_vs_Control_Ctrl,3371,3422,Il23r,1.5309545,1.1114323,0.1257806577104024,0.3513297428717262,0.0032631266686443,0.0035633808,0.0016508328,0.0032631266686443,0.0014611338398597,False,False,False,True,True,passes_recommended_min20,exploratory_cell_level_comparison; one_sample_per_tissue_condition; p_values_do_not_establish_biological_replicate_significance,False,False,False,False,0.0018019928287845998,False,True
tissue__spleen,tissue,ALL,spleen,Tumor_T2_vs_Control_Ctrl,3371,3422,Ifng,-1.519955,-0.15423732,0.1285222640682089,0.3552675019709298,0.1415010382675763,0.19034255,0.20971043,0.141501038267575,0.1534190531852709,False,False,False,True,True,passes_recommended_min20,exploratory_cell_level_comparison; one_sample_per_tissue_condition; p_values_do_not_establish_biological_replicate_significance,False,False,False,False,-0.011918014917695896,False,True
tissue__spleen,tissue,ALL,spleen,Tumor_T2_vs_Control_Ctrl,3371,3422,Cd8a,-0.571563,-0.17683119,0.5676180707465757,0.7875698562437214,0.0086027884900622,0.014320647,0.016173013,0.0086027884900622,0.0099357101110461,False,False,False,True,True,passes_recommended_min20,exploratory_cell_level_comparison; one_sample_per_tissue_condition; p_values_do_not_establish_biological_replicate_significance,False,False,False,False,-0.0013329216209839005,False,True
tissue__spleen,tissue,ALL,spleen,Tumor_T2_vs_Control_Ctrl,3371,3422,Nr4a1,-0.15293953,-0.20509665,0.878445966860492,0.9534145525787254,0.0133491545535449,0.016718395,0.019247923,0.0133491545535449,0.0137346580946814,False,False,False,True,True,passes_recommended_min20,exploratory_cell_level_comparison; one_sample_per_tissue_condition; p_values_do_not_establish_biological_replicate_significance,False,False,False,False,-0.0003855035411365008,False,True
tissue__spleen,tissue,ALL,spleen,Tumor_T2_vs_Control_Ctrl,3371,3422,Ciita,-0.04861843,-0.038577408,0.961223382949936,0.9852988665656388,0.0124592109166419,0.014954179,0.015356347,0.0124592109166419,0.0125657510227936,False,False,False,True,True,passes_recommended_min20,exploratory_cell_level_comparison; one_sample_per_tissue_condition; p_values_do_not_establish_biological_replicate_significance,False,False,False,False,-0.00010654010615170073,False,True
tissue__thymus,tissue,ALL,thymus,Tumor_T2_vs_Control_Ctrl,1257,1372,Fos,5.041947,0.4841581,4.608193666585537e-07,4.469947856587971e-05,0.5910898965791567,1.2688282,1.0395026,0.5910898965791623,0.4897959183673541,False,True,False,True,True,passes_recommended_min20,exploratory_cell_level_comparison; one_sample_per_tissue_condition; p_values_do_not_establish_biological_replicate_significance,True,False,False,False,0.10129397821180824,True,True
tissue__thymus,tissue,ALL,thymus,Tumor_T2_vs_Control_Ctrl,1257,1372,Dusp1,4.108524,0.40000042,3.981957506005227e-05,0.0020624993489842,0.7191726332537789,1.7847719,1.5597506,0.7191726332537871,0.6428571428571551,False,True,False,True,True,passes_recommended_min20,exploratory_cell_level_comparison; one_sample_per_tissue_condition; p_values_do_not_establish_biological_replicate_significance,True,False,False,False,0.07631549039663199,True,True
tissue__thymus,tissue,ALL,thymus,Tumor_T2_vs_Control_Ctrl,1257,1372,Junb,3.4083788,0.34937924,0.0006535012267824,0.0204482641928707,0.8790771678599841,2.627477,2.4049108,0.8790771678599957,0.8221574344023507,False,True,False,True,True,passes_recommended_min20,exploratory_cell_level_comparison; one_sample_per_tissue_condition; p_values_do_not_establish_biological_replicate_significance,True,False,False,False,0.056919733457645005,True,True
tissue__thymus,tissue,ALL,thymus,Tumor_T2_vs_Control_Ctrl,1257,1372,Rorc,2.4163353,1.064036,0.0156776148215164,0.189064765967817,0.0198886237072394,0.027875952,0.013429835,0.0198886237072394,0.0087463556851311,True,False,False,True,True,passes_recommended_min20,exploratory_cell_level_comparison; one_sample_per_tissue_condition; p_values_do_not_establish_biological_replicate_significance,False,False,True,False,0.0111422680221083,False,True
tissue__thymus,tissue,ALL,thymus,Tumor_T2_vs_Control_Ctrl,1257,1372,Jun,2.2495942,0.20917563,0.0244747159625434,0.2385895456075818,0.5958631662688942,1.2292955,1.1289328,0.5958631662688999,0.5379008746355772,False,False,False,True,True,passes_recommended_min20,exploratory_cell_level_comparison; one_sample_per_tissue_condition; p_values_do_not_establish_biological_replicate_significance,False,False,False,False,0.05796229163332267,False,True
tissue__thymus,tissue,ALL,thymus,Tumor_T2_vs_Control_Ctrl,1257,1372,Fosl2,2.179212,0.24773298,0.0293159092399923,0.2610888489591981,0.2259347653142402,0.27914092,0.23995265,0.2259347653142391,0.1887755102040809,False,False,False,True,True,passes_recommended_min20,exploratory_cell_level_comparison; one_sample_per_tissue_condition; p_values_do_not_establish_biological_replicate_significance,False,False,False,False,0.03715925511015819,False,True
tissue__thymus,tissue,ALL,thymus,Tumor_T2_vs_Control_Ctrl,1257,1372,Tbx21,-2.1151874,-0.23926076,0.0344139696580327,0.2837285318099469,0.3261734287987271,0.39290857,0.449865,0.3261734287987272,0.3593294460641427,False,False,False,True,True,passes_recommended_min20,exploratory_cell_level_comparison; one_sample_per_tissue_condition; p_values_do_not_establish_biological_replicate_significance,False,False,False,False,-0.033156017265415505,False,True
tissue__thymus,tissue,ALL,thymus,Tumor_T2_vs_Control_Ctrl,1257,1372,Nr4a1,2.020743,0.20122172,0.0433063977632804,0.3191155139048355,0.173428798727128,0.22301057,0.19664253,0.1734287987271277,0.1435860058309033,False,False,False,True,True,passes_recommended_min20,exploratory_cell_level_comparison; one_sample_per_tissue_condition; p_values_do_not_establish_biological_replicate_significance,False,False,False,False,0.02984279289622438,False,True
tissue__thymus,tissue,ALL,thymus,Tumor_T2_vs_Control_Ctrl,1257,1372,Stat1,-1.5893816,-0.13965328,0.1119742834645442,0.4880578450027316,0.477326968973747,0.70350164,0.75357,0.4773269689737502,0.4978134110787246,False,False,False,True,True,passes_recommended_min20,exploratory_cell_level_comparison; one_sample_per_tissue_condition; p_values_do_not_establish_biological_replicate_significance,False,False,False,False,-0.02048644210497441,False,True
tissue__thymus,tissue,ALL,thymus,Tumor_T2_vs_Control_Ctrl,1257,1372,Il6ra,1.3944179,0.3167644,0.1631914412139935,0.5626018344921845,0.050914876690533,0.05971967,0.048225872,0.050914876690533,0.0393586005830903,False,False,False,True,True,passes_recommended_min20,exploratory_cell_level_comparison; one_sample_per_tissue_condition; p_values_do_not_establish_biological_replicate_significance,False,False,False,False,0.011556276107442698,False,True
tissue__thymus,tissue,ALL,thymus,Tumor_T2_vs_Control_Ctrl,1257,1372,Ifng,1.3261464,0.09805704,0.1847912034139928,0.5891177171635589,0.3770883054892601,0.6158249,0.58514476,0.3770883054892613,0.3491253644314893,False,False,False,True,True,passes_recommended_min20,exploratory_cell_level_comparison; one_sample_per_tissue_condition; p_values_do_not_establish_biological_replicate_significance,False,False,False,False,0.02796294105777203,False,True
tissue__thymus,tissue,ALL,thymus,Tumor_T2_vs_Control_Ctrl,1257,1372,Ciita,1.1461957,0.5852398,0.2517141875264568,0.6579287705262773,0.0143198090692124,0.015648944,0.010457793,0.0143198090692124,0.0094752186588921,False,False,False,True,True,passes_recommended_min20,exploratory_cell_level_comparison; one_sample_per_tissue_condition; p_values_do_not_establish_biological_replicate_significance,False,False,False,False,0.004844590410320301,False,True
tissue__thymus,tissue,ALL,thymus,Tumor_T2_vs_Control_Ctrl,1257,1372,Cd8a,1.0992069,0.48104832,0.2716778285969707,0.674767791231303,0.0373906125696101,0.10418434,0.075729325,0.0373906125696101,0.0298833819241982,False,False,False,True,True,passes_recommended_min20,exploratory_cell_level_comparison; one_sample_per_tissue_condition; p_values_do_not_establish_biological_replicate_significance,False,False,False,False,0.007507230645411898,False,True
tissue__thymus,tissue,ALL,thymus,Tumor_T2_vs_Control_Ctrl,1257,1372,Fosb,0.77150095,0.039970815,0.4404100464657471,0.7983963904844181,0.294351630867144,0.42024598,0.41082597,0.2943516308671434,0.2755102040816325,False,False,False,True,True,passes_recommended_min20,exploratory_cell_level_comparison; one_sample_per_tissue_condition; p_values_do_not_establish_biological_replicate_significance,False,False,False,False,0.018841426785510873,False,True
tissue__thymus,tissue,ALL,thymus,Tumor_T2_vs_Control_Ctrl,1257,1372,Il1r1,0.6394631,0.18074729,0.5225216801393795,0.8379410710978681,0.0087509944311853,0.010553352,0.009316421,0.0087509944311853,0.0065597667638483,False,False,False,True,True,passes_recommended_min20,exploratory_cell_level_comparison; one_sample_per_tissue_condition; p_values_do_not_establish_biological_replicate_significance,False,False,False,False,0.002191227667337001,False,True
tissue__thymus,tissue,ALL,thymus,Tumor_T2_vs_Control_Ctrl,1257,1372,Il23r,-0.2873808,-0.33115527,0.7738207460714901,0.9356273360882894,0.0063643595863166,0.007789839,0.009789968,0.0063643595863166,0.0072886297376093,False,False,False,True,True,passes_recommended_min20,exploratory_cell_level_comparison; one_sample_per_tissue_condition; p_values_do_not_establish_biological_replicate_significance,False,False,False,False,-0.0009242701512926993,False,True
