gene,C5-1__bone_marrow,C5-1__spleen,C5-2__bone_marrow,C5-2__spleen,n_sets,intersection
Atp5e,False,True,False,False,1,C5-1__spleen
Cd52,False,True,False,False,1,C5-1__spleen
Cirbp,False,True,False,False,1,C5-1__spleen
Cox6c,False,True,False,False,1,C5-1__spleen
Cox7c,False,False,True,False,1,C5-2__bone_marrow
Ctdp1,False,True,False,False,1,C5-1__spleen
Gm10076,False,True,True,False,2,C5-1__spleen&C5-2__bone_marrow
Grcc10,False,True,False,False,1,C5-1__spleen
H3f3b,False,True,False,False,1,C5-1__spleen
Hcst,False,True,False,False,1,C5-1__spleen
Hspa1b,False,True,False,False,1,C5-1__spleen
Il7r,False,True,False,False,1,C5-1__spleen
Jun,False,True,False,False,1,C5-1__spleen
Junb,False,True,False,False,1,C5-1__spleen
Kctd13,False,True,False,False,1,C5-1__spleen
Ndufa13,False,True,False,False,1,C5-1__spleen
Ndufb1-ps,False,True,False,False,1,C5-1__spleen
Ndufv3,False,True,False,False,1,C5-1__spleen
Nop10,False,True,False,False,1,C5-1__spleen
Pdk1,False,True,False,False,1,C5-1__spleen
Rpl22,False,True,True,False,2,C5-1__spleen&C5-2__bone_marrow
Rpl26,False,False,True,False,1,C5-2__bone_marrow
Rpl34,False,False,True,False,1,C5-2__bone_marrow
Rpl35,False,True,False,False,1,C5-1__spleen
Rpl35a,False,True,True,False,2,C5-1__spleen&C5-2__bone_marrow
Rpl36,True,True,True,False,3,C5-1__bone_marrow&C5-1__spleen&C5-2__bone_marrow
Rpl36a,False,True,False,False,1,C5-1__spleen
Rpl37,False,False,True,False,1,C5-2__bone_marrow
Rpl37a,True,True,True,False,3,C5-1__bone_marrow&C5-1__spleen&C5-2__bone_marrow
Rpl38,False,True,True,False,2,C5-1__spleen&C5-2__bone_marrow
Rpl39,False,True,True,False,2,C5-1__spleen&C5-2__bone_marrow
Rpl41,False,True,True,False,2,C5-1__spleen&C5-2__bone_marrow
Rplp2,False,False,True,False,1,C5-2__bone_marrow
Rps15a,False,True,True,False,2,C5-1__spleen&C5-2__bone_marrow
Rps21,False,True,False,False,1,C5-1__spleen
Rps26,False,True,False,False,1,C5-1__spleen
Rps27,False,True,False,False,1,C5-1__spleen
Rps28,False,False,True,False,1,C5-2__bone_marrow
S100a11,False,True,False,False,1,C5-1__spleen
Serf2,False,True,False,False,1,C5-1__spleen
Spty2d1,False,True,False,False,1,C5-1__spleen
Srsf5,False,True,False,False,1,C5-1__spleen
Tmsb10,True,True,True,False,3,C5-1__bone_marrow&C5-1__spleen&C5-2__bone_marrow
mt-Co3,True,True,False,False,2,C5-1__bone_marrow&C5-1__spleen
mt-Cytb,True,True,False,False,2,C5-1__bone_marrow&C5-1__spleen
mt-Nd1,False,True,False,False,1,C5-1__spleen
mt-Nd2,True,True,False,False,2,C5-1__bone_marrow&C5-1__spleen
mt-Nd3,False,True,False,False,1,C5-1__spleen
