child_GO,parent_GO,child_module,parent_module,path_length,path,relations,interpretation
GO:0002181,GO:0006412,G02,G02,1,GO:0002181;GO:0006412,is_a,ontology ancestry; child to parent; not a causal or regulatory edge
GO:0002181,GO:0160307,G02,G02,2,GO:0002181;GO:0006412;GO:0160307,is_a;part_of,ontology ancestry; child to parent; not a causal or regulatory edge
GO:0006119,GO:0006091,G04,G04,4,GO:0006119;GO:0009060;GO:0045333;GO:0015980;GO:0006091,is_a;is_a;is_a;is_a,ontology ancestry; child to parent; not a causal or regulatory edge
GO:0006119,GO:0009060,G04,G04,1,GO:0006119;GO:0009060,is_a,ontology ancestry; child to parent; not a causal or regulatory edge
GO:0006119,GO:0015980,G04,G04,3,GO:0006119;GO:0009060;GO:0045333;GO:0015980,is_a;is_a;is_a,ontology ancestry; child to parent; not a causal or regulatory edge
GO:0006119,GO:0045333,G04,G04,2,GO:0006119;GO:0009060;GO:0045333,is_a;is_a,ontology ancestry; child to parent; not a causal or regulatory edge
GO:0006120,GO:0006091,G04,G04,4,GO:0006120;GO:0019646;GO:0022904;GO:0022900;GO:0006091,is_a;is_a;is_a;is_a,ontology ancestry; child to parent; not a causal or regulatory edge
GO:0006120,GO:0006119,G04,G04,2,GO:0006120;GO:0019646;GO:0006119,is_a;part_of,ontology ancestry; child to parent; not a causal or regulatory edge
GO:0006120,GO:0009060,G04,G04,2,GO:0006120;GO:0019646;GO:0009060,is_a;is_a,ontology ancestry; child to parent; not a causal or regulatory edge
GO:0006120,GO:0015980,G04,G04,4,GO:0006120;GO:0019646;GO:0009060;GO:0045333;GO:0015980,is_a;is_a;is_a;is_a,ontology ancestry; child to parent; not a causal or regulatory edge
GO:0006120,GO:0019646,G04,G04,1,GO:0006120;GO:0019646,is_a,ontology ancestry; child to parent; not a causal or regulatory edge
GO:0006120,GO:0022900,G04,G04,3,GO:0006120;GO:0019646;GO:0022904;GO:0022900,is_a;is_a;is_a,ontology ancestry; child to parent; not a causal or regulatory edge
GO:0006120,GO:0022904,G04,G04,2,GO:0006120;GO:0019646;GO:0022904,is_a;is_a,ontology ancestry; child to parent; not a causal or regulatory edge
GO:0006120,GO:0042773,G04,G04,2,GO:0006120;GO:0042775;GO:0042773,part_of;is_a,ontology ancestry; child to parent; not a causal or regulatory edge
GO:0006120,GO:0042775,G04,G04,1,GO:0006120;GO:0042775,part_of,ontology ancestry; child to parent; not a causal or regulatory edge
GO:0006120,GO:0045333,G04,G04,3,GO:0006120;GO:0019646;GO:0009060;GO:0045333,is_a;is_a;is_a,ontology ancestry; child to parent; not a causal or regulatory edge
GO:0006122,GO:0006091,G05,G04,4,GO:0006122;GO:0019646;GO:0022904;GO:0022900;GO:0006091,is_a;is_a;is_a;is_a,ontology ancestry; child to parent; not a causal or regulatory edge
GO:0006122,GO:0006119,G05,G04,2,GO:0006122;GO:0019646;GO:0006119,is_a;part_of,ontology ancestry; child to parent; not a causal or regulatory edge
GO:0006122,GO:0009060,G05,G04,2,GO:0006122;GO:0019646;GO:0009060,is_a;is_a,ontology ancestry; child to parent; not a causal or regulatory edge
GO:0006122,GO:0015980,G05,G04,4,GO:0006122;GO:0019646;GO:0009060;GO:0045333;GO:0015980,is_a;is_a;is_a;is_a,ontology ancestry; child to parent; not a causal or regulatory edge
GO:0006122,GO:0019646,G05,G04,1,GO:0006122;GO:0019646,is_a,ontology ancestry; child to parent; not a causal or regulatory edge
GO:0006122,GO:0022900,G05,G04,3,GO:0006122;GO:0019646;GO:0022904;GO:0022900,is_a;is_a;is_a,ontology ancestry; child to parent; not a causal or regulatory edge
GO:0006122,GO:0022904,G05,G04,2,GO:0006122;GO:0019646;GO:0022904,is_a;is_a,ontology ancestry; child to parent; not a causal or regulatory edge
GO:0006122,GO:0042773,G05,G04,2,GO:0006122;GO:0042775;GO:0042773,part_of;is_a,ontology ancestry; child to parent; not a causal or regulatory edge
GO:0006122,GO:0042775,G05,G04,1,GO:0006122;GO:0042775,part_of,ontology ancestry; child to parent; not a causal or regulatory edge
GO:0006122,GO:0045333,G05,G04,3,GO:0006122;GO:0019646;GO:0009060;GO:0045333,is_a;is_a;is_a,ontology ancestry; child to parent; not a causal or regulatory edge
GO:0006123,GO:0006091,G05,G04,4,GO:0006123;GO:0019646;GO:0022904;GO:0022900;GO:0006091,is_a;is_a;is_a;is_a,ontology ancestry; child to parent; not a causal or regulatory edge
GO:0006123,GO:0006119,G05,G04,2,GO:0006123;GO:0019646;GO:0006119,is_a;part_of,ontology ancestry; child to parent; not a causal or regulatory edge
GO:0006123,GO:0009060,G05,G04,2,GO:0006123;GO:0019646;GO:0009060,is_a;is_a,ontology ancestry; child to parent; not a causal or regulatory edge
GO:0006123,GO:0015980,G05,G04,4,GO:0006123;GO:0019646;GO:0009060;GO:0045333;GO:0015980,is_a;is_a;is_a;is_a,ontology ancestry; child to parent; not a causal or regulatory edge
GO:0006123,GO:0019646,G05,G04,1,GO:0006123;GO:0019646,is_a,ontology ancestry; child to parent; not a causal or regulatory edge
GO:0006123,GO:0022900,G05,G04,3,GO:0006123;GO:0019646;GO:0022904;GO:0022900,is_a;is_a;is_a,ontology ancestry; child to parent; not a causal or regulatory edge
GO:0006123,GO:0022904,G05,G04,2,GO:0006123;GO:0019646;GO:0022904,is_a;is_a,ontology ancestry; child to parent; not a causal or regulatory edge
GO:0006123,GO:0042773,G05,G04,2,GO:0006123;GO:0042775;GO:0042773,part_of;is_a,ontology ancestry; child to parent; not a causal or regulatory edge
GO:0006123,GO:0042775,G05,G04,1,GO:0006123;GO:0042775,part_of,ontology ancestry; child to parent; not a causal or regulatory edge
GO:0006123,GO:0045333,G05,G04,3,GO:0006123;GO:0019646;GO:0009060;GO:0045333,is_a;is_a;is_a,ontology ancestry; child to parent; not a causal or regulatory edge
GO:0006163,GO:0006753,G06,G06,2,GO:0006163;GO:0009117;GO:0006753,is_a;is_a,ontology ancestry; child to parent; not a causal or regulatory edge
GO:0006163,GO:0009117,G06,G06,1,GO:0006163;GO:0009117,is_a,ontology ancestry; child to parent; not a causal or regulatory edge
GO:0006163,GO:0055086,G06,G06,3,GO:0006163;GO:0009117;GO:0006753;GO:0055086,is_a;is_a;is_a,ontology ancestry; child to parent; not a causal or regulatory edge
GO:0006163,GO:0072521,G06,G06,1,GO:0006163;GO:0072521,is_a,ontology ancestry; child to parent; not a causal or regulatory edge
GO:0006164,GO:0006163,G06,G06,1,GO:0006164;GO:0006163,is_a,ontology ancestry; child to parent; not a causal or regulatory edge
GO:0006164,GO:0006753,G06,G06,3,GO:0006164;GO:0006163;GO:0009117;GO:0006753,is_a;is_a;is_a,ontology ancestry; child to parent; not a causal or regulatory edge
GO:0006164,GO:0009117,G06,G06,2,GO:0006164;GO:0006163;GO:0009117,is_a;is_a,ontology ancestry; child to parent; not a causal or regulatory edge
GO:0006164,GO:0009165,G06,G06,1,GO:0006164;GO:0009165,is_a,ontology ancestry; child to parent; not a causal or regulatory edge
GO:0006164,GO:0055086,G06,G06,4,GO:0006164;GO:0006163;GO:0009117;GO:0006753;GO:0055086,is_a;is_a;is_a;is_a,ontology ancestry; child to parent; not a causal or regulatory edge
GO:0006164,GO:0072521,G06,G06,2,GO:0006164;GO:0006163;GO:0072521,is_a;is_a,ontology ancestry; child to parent; not a causal or regulatory edge
GO:0006164,GO:0072522,G06,G06,1,GO:0006164;GO:0072522,is_a,ontology ancestry; child to parent; not a causal or regulatory edge
GO:0006164,GO:0090407,G06,G06,3,GO:0006164;GO:0009165;GO:1901293;GO:0090407,is_a;is_a;is_a,ontology ancestry; child to parent; not a causal or regulatory edge
GO:0006164,GO:1901293,G06,G06,2,GO:0006164;GO:0009165;GO:1901293,is_a;is_a,ontology ancestry; child to parent; not a causal or regulatory edge
GO:0006364,GO:0016072,G02,G02,1,GO:0006364;GO:0016072,is_a,ontology ancestry; child to parent; not a causal or regulatory edge
GO:0006364,GO:0022613,G02,G02,2,GO:0006364;GO:0042254;GO:0022613,part_of;is_a,ontology ancestry; child to parent; not a causal or regulatory edge
GO:0006364,GO:0042254,G02,G02,1,GO:0006364;GO:0042254,part_of,ontology ancestry; child to parent; not a causal or regulatory edge
GO:0006412,GO:0160307,G02,G02,1,GO:0006412;GO:0160307,part_of,ontology ancestry; child to parent; not a causal or regulatory edge
GO:0006753,GO:0055086,G06,G06,1,GO:0006753;GO:0055086,is_a,ontology ancestry; child to parent; not a causal or regulatory edge
GO:0006754,GO:0006163,G04,G06,3,GO:0006754;GO:0009152;GO:0006164;GO:0006163,is_a;is_a;is_a,ontology ancestry; child to parent; not a causal or regulatory edge
GO:0006754,GO:0006164,G04,G06,2,GO:0006754;GO:0009152;GO:0006164,is_a;is_a,ontology ancestry; child to parent; not a causal or regulatory edge
GO:0006754,GO:0006753,G04,G06,4,GO:0006754;GO:0009206;GO:0009145;GO:0009144;GO:0006753,is_a;is_a;is_a;is_a,ontology ancestry; child to parent; not a causal or regulatory edge
GO:0006754,GO:0009117,G04,G06,4,GO:0006754;GO:0009152;GO:0006164;GO:0006163;GO:0009117,is_a;is_a;is_a;is_a,ontology ancestry; child to parent; not a causal or regulatory edge
GO:0006754,GO:0009141,G04,G06,2,GO:0006754;GO:0009142;GO:0009141,is_a;is_a,ontology ancestry; child to parent; not a causal or regulatory edge
GO:0006754,GO:0009142,G04,G06,1,GO:0006754;GO:0009142,is_a,ontology ancestry; child to parent; not a causal or regulatory edge
GO:0006754,GO:0009144,G04,G06,3,GO:0006754;GO:0009206;GO:0009145;GO:0009144,is_a;is_a;is_a,ontology ancestry; child to parent; not a causal or regulatory edge
GO:0006754,GO:0009145,G04,G06,2,GO:0006754;GO:0009206;GO:0009145,is_a;is_a,ontology ancestry; child to parent; not a causal or regulatory edge
GO:0006754,GO:0009150,G04,G06,2,GO:0006754;GO:0009152;GO:0009150,is_a;is_a,ontology ancestry; child to parent; not a causal or regulatory edge
GO:0006754,GO:0009152,G04,G06,1,GO:0006754;GO:0009152,is_a,ontology ancestry; child to parent; not a causal or regulatory edge
GO:0006754,GO:0009165,G04,G06,3,GO:0006754;GO:0009152;GO:0006164;GO:0009165,is_a;is_a;is_a,ontology ancestry; child to parent; not a causal or regulatory edge
GO:0006754,GO:0009201,G04,G06,2,GO:0006754;GO:0009206;GO:0009201,is_a;is_a,ontology ancestry; child to parent; not a causal or regulatory edge
GO:0006754,GO:0009205,G04,G06,2,GO:0006754;GO:0009206;GO:0009205,is_a;is_a,ontology ancestry; child to parent; not a causal or regulatory edge
GO:0006754,GO:0009206,G04,G06,1,GO:0006754;GO:0009206,is_a,ontology ancestry; child to parent; not a causal or regulatory edge
GO:0006754,GO:0009259,G04,G06,3,GO:0006754;GO:0009152;GO:0009150;GO:0009259,is_a;is_a;is_a,ontology ancestry; child to parent; not a causal or regulatory edge
GO:0006754,GO:0009260,G04,G06,2,GO:0006754;GO:0009152;GO:0009260,is_a;is_a,ontology ancestry; child to parent; not a causal or regulatory edge
GO:0006754,GO:0019693,G04,G06,4,GO:0006754;GO:0009152;GO:0009150;GO:0009259;GO:0019693,is_a;is_a;is_a;is_a,ontology ancestry; child to parent; not a causal or regulatory edge
GO:0006754,GO:0046034,G04,G04,1,GO:0006754;GO:0046034,is_a,ontology ancestry; child to parent; not a causal or regulatory edge
GO:0006754,GO:0046390,G04,G06,3,GO:0006754;GO:0009152;GO:0009260;GO:0046390,is_a;is_a;is_a,ontology ancestry; child to parent; not a causal or regulatory edge
GO:0006754,GO:0055086,G04,G06,5,GO:0006754;GO:0009206;GO:0009145;GO:0009144;GO:0006753;GO:0055086,is_a;is_a;is_a;is_a;is_a,ontology ancestry; child to parent; not a causal or regulatory edge
GO:0006754,GO:0072521,G04,G06,4,GO:0006754;GO:0009152;GO:0006164;GO:0006163;GO:0072521,is_a;is_a;is_a;is_a,ontology ancestry; child to parent; not a causal or regulatory edge
GO:0006754,GO:0072522,G04,G06,3,GO:0006754;GO:0009152;GO:0006164;GO:0072522,is_a;is_a;is_a,ontology ancestry; child to parent; not a causal or regulatory edge
GO:0006754,GO:0090407,G04,G06,4,GO:0006754;GO:0009152;GO:0009260;GO:0046390;GO:0090407,is_a;is_a;is_a;is_a,ontology ancestry; child to parent; not a causal or regulatory edge
GO:0006754,GO:1901137,G04,G06,4,GO:0006754;GO:0009152;GO:0009260;GO:0046390;GO:1901137,is_a;is_a;is_a;is_a,ontology ancestry; child to parent; not a causal or regulatory edge
GO:0006754,GO:1901293,G04,G06,3,GO:0006754;GO:0009206;GO:0009145;GO:1901293,is_a;is_a;is_a,ontology ancestry; child to parent; not a causal or regulatory edge
GO:0006936,GO:0003012,G03,G03,1,GO:0006936;GO:0003012,is_a,ontology ancestry; child to parent; not a causal or regulatory edge
GO:0006941,GO:0003012,G03,G03,2,GO:0006941;GO:0006936;GO:0003012,is_a;is_a,ontology ancestry; child to parent; not a causal or regulatory edge
GO:0006941,GO:0006936,G03,G03,1,GO:0006941;GO:0006936,is_a,ontology ancestry; child to parent; not a causal or regulatory edge
GO:0007276,GO:0048609,G01,G01,1,GO:0007276;GO:0048609,is_a,ontology ancestry; child to parent; not a causal or regulatory edge
GO:0007283,GO:0003006,G01,G01,1,GO:0007283;GO:0003006,is_a,ontology ancestry; child to parent; not a causal or regulatory edge
GO:0007283,GO:0007276,G01,G01,2,GO:0007283;GO:0048232;GO:0007276,is_a;is_a,ontology ancestry; child to parent; not a causal or regulatory edge
GO:0007283,GO:0048232,G01,G01,1,GO:0007283;GO:0048232,is_a,ontology ancestry; child to parent; not a causal or regulatory edge
GO:0007283,GO:0048609,G01,G01,3,GO:0007283;GO:0048232;GO:0007276;GO:0048609,is_a;is_a;is_a,ontology ancestry; child to parent; not a causal or regulatory edge
GO:0008535,GO:0017004,G05,G05,1,GO:0008535;GO:0017004,is_a,ontology ancestry; child to parent; not a causal or regulatory edge
GO:0008584,GO:0003006,G01,G01,3,GO:0008584;GO:0008406;GO:0048608;GO:0003006,is_a;is_a;is_a,ontology ancestry; child to parent; not a causal or regulatory edge
GO:0008584,GO:0046546,G01,G01,1,GO:0008584;GO:0046546,part_of,ontology ancestry; child to parent; not a causal or regulatory edge
GO:0008584,GO:0046661,G01,G01,2,GO:0008584;GO:0046546;GO:0046661,part_of;part_of,ontology ancestry; child to parent; not a causal or regulatory edge
GO:0009060,GO:0006091,G04,G04,3,GO:0009060;GO:0045333;GO:0015980;GO:0006091,is_a;is_a;is_a,ontology ancestry; child to parent; not a causal or regulatory edge
GO:0009060,GO:0015980,G04,G04,2,GO:0009060;GO:0045333;GO:0015980,is_a;is_a,ontology ancestry; child to parent; not a causal or regulatory edge
GO:0009060,GO:0045333,G04,G04,1,GO:0009060;GO:0045333,is_a,ontology ancestry; child to parent; not a causal or regulatory edge
GO:0009117,GO:0006753,G06,G06,1,GO:0009117;GO:0006753,is_a,ontology ancestry; child to parent; not a causal or regulatory edge
GO:0009117,GO:0055086,G06,G06,2,GO:0009117;GO:0006753;GO:0055086,is_a;is_a,ontology ancestry; child to parent; not a causal or regulatory edge
GO:0009142,GO:0009141,G06,G06,1,GO:0009142;GO:0009141,is_a,ontology ancestry; child to parent; not a causal or regulatory edge
GO:0009144,GO:0006753,G06,G06,1,GO:0009144;GO:0006753,is_a,ontology ancestry; child to parent; not a causal or regulatory edge
GO:0009144,GO:0055086,G06,G06,2,GO:0009144;GO:0006753;GO:0055086,is_a;is_a,ontology ancestry; child to parent; not a causal or regulatory edge
GO:0009145,GO:0006753,G06,G06,2,GO:0009145;GO:0009144;GO:0006753,is_a;is_a,ontology ancestry; child to parent; not a causal or regulatory edge
GO:0009145,GO:0009144,G06,G06,1,GO:0009145;GO:0009144,is_a,ontology ancestry; child to parent; not a causal or regulatory edge
GO:0009145,GO:0055086,G06,G06,3,GO:0009145;GO:0009144;GO:0006753;GO:0055086,is_a;is_a;is_a,ontology ancestry; child to parent; not a causal or regulatory edge
GO:0009145,GO:0090407,G06,G06,2,GO:0009145;GO:1901293;GO:0090407,is_a;is_a,ontology ancestry; child to parent; not a causal or regulatory edge
GO:0009145,GO:1901293,G06,G06,1,GO:0009145;GO:1901293,is_a,ontology ancestry; child to parent; not a causal or regulatory edge
GO:0009150,GO:0006163,G06,G06,1,GO:0009150;GO:0006163,is_a,ontology ancestry; child to parent; not a causal or regulatory edge
GO:0009150,GO:0006753,G06,G06,3,GO:0009150;GO:0006163;GO:0009117;GO:0006753,is_a;is_a;is_a,ontology ancestry; child to parent; not a causal or regulatory edge
GO:0009150,GO:0009117,G06,G06,2,GO:0009150;GO:0006163;GO:0009117,is_a;is_a,ontology ancestry; child to parent; not a causal or regulatory edge
GO:0009150,GO:0009259,G06,G06,1,GO:0009150;GO:0009259,is_a,ontology ancestry; child to parent; not a causal or regulatory edge
GO:0009150,GO:0019693,G06,G06,2,GO:0009150;GO:0009259;GO:0019693,is_a;is_a,ontology ancestry; child to parent; not a causal or regulatory edge
GO:0009150,GO:0055086,G06,G06,4,GO:0009150;GO:0006163;GO:0009117;GO:0006753;GO:0055086,is_a;is_a;is_a;is_a,ontology ancestry; child to parent; not a causal or regulatory edge
GO:0009150,GO:0072521,G06,G06,2,GO:0009150;GO:0006163;GO:0072521,is_a;is_a,ontology ancestry; child to parent; not a causal or regulatory edge
GO:0009152,GO:0006163,G06,G06,2,GO:0009152;GO:0006164;GO:0006163,is_a;is_a,ontology ancestry; child to parent; not a causal or regulatory edge
GO:0009152,GO:0006164,G06,G06,1,GO:0009152;GO:0006164,is_a,ontology ancestry; child to parent; not a causal or regulatory edge
GO:0009152,GO:0006753,G06,G06,4,GO:0009152;GO:0006164;GO:0006163;GO:0009117;GO:0006753,is_a;is_a;is_a;is_a,ontology ancestry; child to parent; not a causal or regulatory edge
GO:0009152,GO:0009117,G06,G06,3,GO:0009152;GO:0006164;GO:0006163;GO:0009117,is_a;is_a;is_a,ontology ancestry; child to parent; not a causal or regulatory edge
GO:0009152,GO:0009150,G06,G06,1,GO:0009152;GO:0009150,is_a,ontology ancestry; child to parent; not a causal or regulatory edge
GO:0009152,GO:0009165,G06,G06,2,GO:0009152;GO:0006164;GO:0009165,is_a;is_a,ontology ancestry; child to parent; not a causal or regulatory edge
GO:0009152,GO:0009259,G06,G06,2,GO:0009152;GO:0009150;GO:0009259,is_a;is_a,ontology ancestry; child to parent; not a causal or regulatory edge
GO:0009152,GO:0009260,G06,G06,1,GO:0009152;GO:0009260,is_a,ontology ancestry; child to parent; not a causal or regulatory edge
GO:0009152,GO:0019693,G06,G06,3,GO:0009152;GO:0009150;GO:0009259;GO:0019693,is_a;is_a;is_a,ontology ancestry; child to parent; not a causal or regulatory edge
GO:0009152,GO:0046390,G06,G06,2,GO:0009152;GO:0009260;GO:0046390,is_a;is_a,ontology ancestry; child to parent; not a causal or regulatory edge
GO:0009152,GO:0055086,G06,G06,5,GO:0009152;GO:0006164;GO:0006163;GO:0009117;GO:0006753;GO:0055086,is_a;is_a;is_a;is_a;is_a,ontology ancestry; child to parent; not a causal or regulatory edge
GO:0009152,GO:0072521,G06,G06,3,GO:0009152;GO:0006164;GO:0006163;GO:0072521,is_a;is_a;is_a,ontology ancestry; child to parent; not a causal or regulatory edge
GO:0009152,GO:0072522,G06,G06,2,GO:0009152;GO:0006164;GO:0072522,is_a;is_a,ontology ancestry; child to parent; not a causal or regulatory edge
GO:0009152,GO:0090407,G06,G06,3,GO:0009152;GO:0009260;GO:0046390;GO:0090407,is_a;is_a;is_a,ontology ancestry; child to parent; not a causal or regulatory edge
GO:0009152,GO:1901137,G06,G06,3,GO:0009152;GO:0009260;GO:0046390;GO:1901137,is_a;is_a;is_a,ontology ancestry; child to parent; not a causal or regulatory edge
GO:0009152,GO:1901293,G06,G06,3,GO:0009152;GO:0006164;GO:0009165;GO:1901293,is_a;is_a;is_a,ontology ancestry; child to parent; not a causal or regulatory edge
GO:0009165,GO:0006753,G06,G06,2,GO:0009165;GO:0009117;GO:0006753,is_a;is_a,ontology ancestry; child to parent; not a causal or regulatory edge
GO:0009165,GO:0009117,G06,G06,1,GO:0009165;GO:0009117,is_a,ontology ancestry; child to parent; not a causal or regulatory edge
GO:0009165,GO:0055086,G06,G06,3,GO:0009165;GO:0009117;GO:0006753;GO:0055086,is_a;is_a;is_a,ontology ancestry; child to parent; not a causal or regulatory edge
GO:0009165,GO:0090407,G06,G06,2,GO:0009165;GO:1901293;GO:0090407,is_a;is_a,ontology ancestry; child to parent; not a causal or regulatory edge
GO:0009165,GO:1901293,G06,G06,1,GO:0009165;GO:1901293,is_a,ontology ancestry; child to parent; not a causal or regulatory edge
GO:0009201,GO:0006753,G06,G06,2,GO:0009201;GO:1901293;GO:0006753,is_a;is_a,ontology ancestry; child to parent; not a causal or regulatory edge
GO:0009201,GO:0055086,G06,G06,3,GO:0009201;GO:1901293;GO:0006753;GO:0055086,is_a;is_a;is_a,ontology ancestry; child to parent; not a causal or regulatory edge
GO:0009201,GO:0090407,G06,G06,2,GO:0009201;GO:1901293;GO:0090407,is_a;is_a,ontology ancestry; child to parent; not a causal or regulatory edge
GO:0009201,GO:1901293,G06,G06,1,GO:0009201;GO:1901293,is_a,ontology ancestry; child to parent; not a causal or regulatory edge
GO:0009205,GO:0006753,G06,G06,2,GO:0009205;GO:0009144;GO:0006753,is_a;is_a,ontology ancestry; child to parent; not a causal or regulatory edge
GO:0009205,GO:0009144,G06,G06,1,GO:0009205;GO:0009144,is_a,ontology ancestry; child to parent; not a causal or regulatory edge
GO:0009205,GO:0055086,G06,G06,3,GO:0009205;GO:0009144;GO:0006753;GO:0055086,is_a;is_a;is_a,ontology ancestry; child to parent; not a causal or regulatory edge
GO:0009206,GO:0006753,G06,G06,3,GO:0009206;GO:0009145;GO:0009144;GO:0006753,is_a;is_a;is_a,ontology ancestry; child to parent; not a causal or regulatory edge
GO:0009206,GO:0009144,G06,G06,2,GO:0009206;GO:0009145;GO:0009144,is_a;is_a,ontology ancestry; child to parent; not a causal or regulatory edge
GO:0009206,GO:0009145,G06,G06,1,GO:0009206;GO:0009145,is_a,ontology ancestry; child to parent; not a causal or regulatory edge
GO:0009206,GO:0009201,G06,G06,1,GO:0009206;GO:0009201,is_a,ontology ancestry; child to parent; not a causal or regulatory edge
GO:0009206,GO:0009205,G06,G06,1,GO:0009206;GO:0009205,is_a,ontology ancestry; child to parent; not a causal or regulatory edge
GO:0009206,GO:0055086,G06,G06,4,GO:0009206;GO:0009145;GO:0009144;GO:0006753;GO:0055086,is_a;is_a;is_a;is_a,ontology ancestry; child to parent; not a causal or regulatory edge
GO:0009206,GO:0090407,G06,G06,3,GO:0009206;GO:0009145;GO:1901293;GO:0090407,is_a;is_a;is_a,ontology ancestry; child to parent; not a causal or regulatory edge
GO:0009206,GO:1901293,G06,G06,2,GO:0009206;GO:0009145;GO:1901293,is_a;is_a,ontology ancestry; child to parent; not a causal or regulatory edge
GO:0009259,GO:0006753,G06,G06,2,GO:0009259;GO:0009117;GO:0006753,is_a;is_a,ontology ancestry; child to parent; not a causal or regulatory edge
GO:0009259,GO:0009117,G06,G06,1,GO:0009259;GO:0009117,is_a,ontology ancestry; child to parent; not a causal or regulatory edge
GO:0009259,GO:0019693,G06,G06,1,GO:0009259;GO:0019693,is_a,ontology ancestry; child to parent; not a causal or regulatory edge
GO:0009259,GO:0055086,G06,G06,3,GO:0009259;GO:0009117;GO:0006753;GO:0055086,is_a;is_a;is_a,ontology ancestry; child to parent; not a causal or regulatory edge
GO:0009260,GO:0006753,G06,G06,3,GO:0009260;GO:0009165;GO:0009117;GO:0006753,is_a;is_a;is_a,ontology ancestry; child to parent; not a causal or regulatory edge
GO:0009260,GO:0009117,G06,G06,2,GO:0009260;GO:0009165;GO:0009117,is_a;is_a,ontology ancestry; child to parent; not a causal or regulatory edge
GO:0009260,GO:0009165,G06,G06,1,GO:0009260;GO:0009165,is_a,ontology ancestry; child to parent; not a causal or regulatory edge
GO:0009260,GO:0009259,G06,G06,1,GO:0009260;GO:0009259,is_a,ontology ancestry; child to parent; not a causal or regulatory edge
GO:0009260,GO:0019693,G06,G06,2,GO:0009260;GO:0009259;GO:0019693,is_a;is_a,ontology ancestry; child to parent; not a causal or regulatory edge
GO:0009260,GO:0046390,G06,G06,1,GO:0009260;GO:0046390,is_a,ontology ancestry; child to parent; not a causal or regulatory edge
GO:0009260,GO:0055086,G06,G06,4,GO:0009260;GO:0009165;GO:0009117;GO:0006753;GO:0055086,is_a;is_a;is_a;is_a,ontology ancestry; child to parent; not a causal or regulatory edge
GO:0009260,GO:0090407,G06,G06,2,GO:0009260;GO:0046390;GO:0090407,is_a;is_a,ontology ancestry; child to parent; not a causal or regulatory edge
GO:0009260,GO:1901137,G06,G06,2,GO:0009260;GO:0046390;GO:1901137,is_a;is_a,ontology ancestry; child to parent; not a causal or regulatory edge
GO:0009260,GO:1901293,G06,G06,2,GO:0009260;GO:0009165;GO:1901293,is_a;is_a,ontology ancestry; child to parent; not a causal or regulatory edge
GO:0015980,GO:0006091,G04,G04,1,GO:0015980;GO:0006091,is_a,ontology ancestry; child to parent; not a causal or regulatory edge
GO:0015986,GO:0006163,G04,G06,4,GO:0015986;GO:0006754;GO:0009152;GO:0006164;GO:0006163,is_a;is_a;is_a;is_a,ontology ancestry; child to parent; not a causal or regulatory edge
GO:0015986,GO:0006164,G04,G06,3,GO:0015986;GO:0006754;GO:0009152;GO:0006164,is_a;is_a;is_a,ontology ancestry; child to parent; not a causal or regulatory edge
GO:0015986,GO:0006753,G04,G06,5,GO:0015986;GO:0006754;GO:0009206;GO:0009145;GO:0009144;GO:0006753,is_a;is_a;is_a;is_a;is_a,ontology ancestry; child to parent; not a causal or regulatory edge
GO:0015986,GO:0006754,G04,G04,1,GO:0015986;GO:0006754,is_a,ontology ancestry; child to parent; not a causal or regulatory edge
GO:0015986,GO:0009117,G04,G06,5,GO:0015986;GO:0006754;GO:0009152;GO:0006164;GO:0006163;GO:0009117,is_a;is_a;is_a;is_a;is_a,ontology ancestry; child to parent; not a causal or regulatory edge
GO:0015986,GO:0009141,G04,G06,3,GO:0015986;GO:0006754;GO:0009142;GO:0009141,is_a;is_a;is_a,ontology ancestry; child to parent; not a causal or regulatory edge
GO:0015986,GO:0009142,G04,G06,2,GO:0015986;GO:0006754;GO:0009142,is_a;is_a,ontology ancestry; child to parent; not a causal or regulatory edge
GO:0015986,GO:0009144,G04,G06,4,GO:0015986;GO:0006754;GO:0009206;GO:0009145;GO:0009144,is_a;is_a;is_a;is_a,ontology ancestry; child to parent; not a causal or regulatory edge
GO:0015986,GO:0009145,G04,G06,3,GO:0015986;GO:0006754;GO:0009206;GO:0009145,is_a;is_a;is_a,ontology ancestry; child to parent; not a causal or regulatory edge
GO:0015986,GO:0009150,G04,G06,3,GO:0015986;GO:0006754;GO:0009152;GO:0009150,is_a;is_a;is_a,ontology ancestry; child to parent; not a causal or regulatory edge
GO:0015986,GO:0009152,G04,G06,2,GO:0015986;GO:0006754;GO:0009152,is_a;is_a,ontology ancestry; child to parent; not a causal or regulatory edge
GO:0015986,GO:0009165,G04,G06,4,GO:0015986;GO:0006754;GO:0009152;GO:0006164;GO:0009165,is_a;is_a;is_a;is_a,ontology ancestry; child to parent; not a causal or regulatory edge
GO:0015986,GO:0009201,G04,G06,3,GO:0015986;GO:0006754;GO:0009206;GO:0009201,is_a;is_a;is_a,ontology ancestry; child to parent; not a causal or regulatory edge
GO:0015986,GO:0009205,G04,G06,3,GO:0015986;GO:0006754;GO:0009206;GO:0009205,is_a;is_a;is_a,ontology ancestry; child to parent; not a causal or regulatory edge
GO:0015986,GO:0009206,G04,G06,2,GO:0015986;GO:0006754;GO:0009206,is_a;is_a,ontology ancestry; child to parent; not a causal or regulatory edge
GO:0015986,GO:0009259,G04,G06,4,GO:0015986;GO:0006754;GO:0009152;GO:0009150;GO:0009259,is_a;is_a;is_a;is_a,ontology ancestry; child to parent; not a causal or regulatory edge
GO:0015986,GO:0009260,G04,G06,3,GO:0015986;GO:0006754;GO:0009152;GO:0009260,is_a;is_a;is_a,ontology ancestry; child to parent; not a causal or regulatory edge
GO:0015986,GO:0019693,G04,G06,5,GO:0015986;GO:0006754;GO:0009152;GO:0009150;GO:0009259;GO:0019693,is_a;is_a;is_a;is_a;is_a,ontology ancestry; child to parent; not a causal or regulatory edge
GO:0015986,GO:0046034,G04,G04,2,GO:0015986;GO:0006754;GO:0046034,is_a;is_a,ontology ancestry; child to parent; not a causal or regulatory edge
GO:0015986,GO:0046390,G04,G06,4,GO:0015986;GO:0006754;GO:0009152;GO:0009260;GO:0046390,is_a;is_a;is_a;is_a,ontology ancestry; child to parent; not a causal or regulatory edge
GO:0015986,GO:0055086,G04,G06,6,GO:0015986;GO:0006754;GO:0009206;GO:0009145;GO:0009144;GO:0006753;GO:0055086,is_a;is_a;is_a;is_a;is_a;is_a,ontology ancestry; child to parent; not a causal or regulatory edge
GO:0015986,GO:0072521,G04,G06,5,GO:0015986;GO:0006754;GO:0009152;GO:0006164;GO:0006163;GO:0072521,is_a;is_a;is_a;is_a;is_a,ontology ancestry; child to parent; not a causal or regulatory edge
GO:0015986,GO:0072522,G04,G06,4,GO:0015986;GO:0006754;GO:0009152;GO:0006164;GO:0072522,is_a;is_a;is_a;is_a,ontology ancestry; child to parent; not a causal or regulatory edge
GO:0015986,GO:0090407,G04,G06,5,GO:0015986;GO:0006754;GO:0009152;GO:0009260;GO:0046390;GO:0090407,is_a;is_a;is_a;is_a;is_a,ontology ancestry; child to parent; not a causal or regulatory edge
GO:0015986,GO:1901137,G04,G06,5,GO:0015986;GO:0006754;GO:0009152;GO:0009260;GO:0046390;GO:1901137,is_a;is_a;is_a;is_a;is_a,ontology ancestry; child to parent; not a causal or regulatory edge
GO:0015986,GO:1901293,G04,G06,4,GO:0015986;GO:0006754;GO:0009206;GO:0009145;GO:1901293,is_a;is_a;is_a;is_a,ontology ancestry; child to parent; not a causal or regulatory edge
GO:0019646,GO:0006091,G04,G04,3,GO:0019646;GO:0022904;GO:0022900;GO:0006091,is_a;is_a;is_a,ontology ancestry; child to parent; not a causal or regulatory edge
GO:0019646,GO:0006119,G04,G04,1,GO:0019646;GO:0006119,part_of,ontology ancestry; child to parent; not a causal or regulatory edge
GO:0019646,GO:0009060,G04,G04,1,GO:0019646;GO:0009060,is_a,ontology ancestry; child to parent; not a causal or regulatory edge
GO:0019646,GO:0015980,G04,G04,3,GO:0019646;GO:0009060;GO:0045333;GO:0015980,is_a;is_a;is_a,ontology ancestry; child to parent; not a causal or regulatory edge
GO:0019646,GO:0022900,G04,G04,2,GO:0019646;GO:0022904;GO:0022900,is_a;is_a,ontology ancestry; child to parent; not a causal or regulatory edge
GO:0019646,GO:0022904,G04,G04,1,GO:0019646;GO:0022904,is_a,ontology ancestry; child to parent; not a causal or regulatory edge
GO:0019646,GO:0045333,G04,G04,2,GO:0019646;GO:0009060;GO:0045333,is_a;is_a,ontology ancestry; child to parent; not a causal or regulatory edge
GO:0022900,GO:0006091,G04,G04,1,GO:0022900;GO:0006091,is_a,ontology ancestry; child to parent; not a causal or regulatory edge
GO:0022904,GO:0006091,G04,G04,2,GO:0022904;GO:0022900;GO:0006091,is_a;is_a,ontology ancestry; child to parent; not a causal or regulatory edge
GO:0022904,GO:0015980,G04,G04,2,GO:0022904;GO:0045333;GO:0015980,part_of;is_a,ontology ancestry; child to parent; not a causal or regulatory edge
GO:0022904,GO:0022900,G04,G04,1,GO:0022904;GO:0022900,is_a,ontology ancestry; child to parent; not a causal or regulatory edge
GO:0022904,GO:0045333,G04,G04,1,GO:0022904;GO:0045333,part_of,ontology ancestry; child to parent; not a causal or regulatory edge
GO:0032981,GO:0007005,G05,G05,2,GO:0032981;GO:0033108;GO:0007005,is_a;part_of,ontology ancestry; child to parent; not a causal or regulatory edge
GO:0032981,GO:0010257,G05,G05,1,GO:0032981;GO:0010257,is_a,ontology ancestry; child to parent; not a causal or regulatory edge
GO:0032981,GO:0033108,G05,G05,1,GO:0032981;GO:0033108,is_a,ontology ancestry; child to parent; not a causal or regulatory edge
GO:0033108,GO:0007005,G05,G05,1,GO:0033108;GO:0007005,part_of,ontology ancestry; child to parent; not a causal or regulatory edge
GO:0033617,GO:0007005,G05,G05,2,GO:0033617;GO:0033108;GO:0007005,is_a;part_of,ontology ancestry; child to parent; not a causal or regulatory edge
GO:0033617,GO:0008535,G05,G05,1,GO:0033617;GO:0008535,is_a,ontology ancestry; child to parent; not a causal or regulatory edge
GO:0033617,GO:0017004,G05,G05,2,GO:0033617;GO:0008535;GO:0017004,is_a;is_a,ontology ancestry; child to parent; not a causal or regulatory edge
GO:0033617,GO:0033108,G05,G05,1,GO:0033617;GO:0033108,is_a,ontology ancestry; child to parent; not a causal or regulatory edge
GO:0034220,GO:0006811,G07,G07,1,GO:0034220;GO:0006811,is_a,ontology ancestry; child to parent; not a causal or regulatory edge
GO:0034242,GO:0060142,G03,G03,1,GO:0034242;GO:0060142,is_a,ontology ancestry; child to parent; not a causal or regulatory edge
GO:0034605,GO:0009408,G01,G01,1,GO:0034605;GO:0009408,is_a,ontology ancestry; child to parent; not a causal or regulatory edge
GO:0042254,GO:0022613,G02,G02,1,GO:0042254;GO:0022613,is_a,ontology ancestry; child to parent; not a causal or regulatory edge
GO:0042274,GO:0022613,G02,G02,1,GO:0042274;GO:0022613,is_a,ontology ancestry; child to parent; not a causal or regulatory edge
GO:0042274,GO:0042254,G02,G02,1,GO:0042274;GO:0042254,part_of,ontology ancestry; child to parent; not a causal or regulatory edge
GO:0042773,GO:0006091,G04,G04,3,GO:0042773;GO:0022904;GO:0022900;GO:0006091,is_a;is_a;is_a,ontology ancestry; child to parent; not a causal or regulatory edge
GO:0042773,GO:0006119,G04,G04,1,GO:0042773;GO:0006119,part_of,ontology ancestry; child to parent; not a causal or regulatory edge
GO:0042773,GO:0009060,G04,G04,2,GO:0042773;GO:0006119;GO:0009060,part_of;is_a,ontology ancestry; child to parent; not a causal or regulatory edge
GO:0042773,GO:0015980,G04,G04,3,GO:0042773;GO:0022904;GO:0045333;GO:0015980,is_a;part_of;is_a,ontology ancestry; child to parent; not a causal or regulatory edge
GO:0042773,GO:0022900,G04,G04,2,GO:0042773;GO:0022904;GO:0022900,is_a;is_a,ontology ancestry; child to parent; not a causal or regulatory edge
GO:0042773,GO:0022904,G04,G04,1,GO:0042773;GO:0022904,is_a,ontology ancestry; child to parent; not a causal or regulatory edge
GO:0042773,GO:0045333,G04,G04,2,GO:0042773;GO:0022904;GO:0045333,is_a;part_of,ontology ancestry; child to parent; not a causal or regulatory edge
GO:0042775,GO:0006091,G04,G04,4,GO:0042775;GO:0042773;GO:0022904;GO:0022900;GO:0006091,is_a;is_a;is_a;is_a,ontology ancestry; child to parent; not a causal or regulatory edge
GO:0042775,GO:0006119,G04,G04,2,GO:0042775;GO:0042773;GO:0006119,is_a;part_of,ontology ancestry; child to parent; not a causal or regulatory edge
GO:0042775,GO:0009060,G04,G04,3,GO:0042775;GO:0042773;GO:0006119;GO:0009060,is_a;part_of;is_a,ontology ancestry; child to parent; not a causal or regulatory edge
GO:0042775,GO:0015980,G04,G04,4,GO:0042775;GO:0042773;GO:0022904;GO:0045333;GO:0015980,is_a;is_a;part_of;is_a,ontology ancestry; child to parent; not a causal or regulatory edge
GO:0042775,GO:0022900,G04,G04,3,GO:0042775;GO:0042773;GO:0022904;GO:0022900,is_a;is_a;is_a,ontology ancestry; child to parent; not a causal or regulatory edge
GO:0042775,GO:0022904,G04,G04,2,GO:0042775;GO:0042773;GO:0022904,is_a;is_a,ontology ancestry; child to parent; not a causal or regulatory edge
GO:0042775,GO:0042773,G04,G04,1,GO:0042775;GO:0042773,is_a,ontology ancestry; child to parent; not a causal or regulatory edge
GO:0042775,GO:0045333,G04,G04,3,GO:0042775;GO:0042773;GO:0022904;GO:0045333,is_a;is_a;part_of,ontology ancestry; child to parent; not a causal or regulatory edge
GO:0042776,GO:0006091,G04,G04,5,GO:0042776;GO:0006119;GO:0009060;GO:0045333;GO:0015980;GO:0006091,part_of;is_a;is_a;is_a;is_a,ontology ancestry; child to parent; not a causal or regulatory edge
GO:0042776,GO:0006119,G04,G04,1,GO:0042776;GO:0006119,part_of,ontology ancestry; child to parent; not a causal or regulatory edge
GO:0042776,GO:0006163,G04,G06,5,GO:0042776;GO:0015986;GO:0006754;GO:0009152;GO:0006164;GO:0006163,is_a;is_a;is_a;is_a;is_a,ontology ancestry; child to parent; not a causal or regulatory edge
GO:0042776,GO:0006164,G04,G06,4,GO:0042776;GO:0015986;GO:0006754;GO:0009152;GO:0006164,is_a;is_a;is_a;is_a,ontology ancestry; child to parent; not a causal or regulatory edge
GO:0042776,GO:0006753,G04,G06,6,GO:0042776;GO:0015986;GO:0006754;GO:0009206;GO:0009145;GO:0009144;GO:0006753,is_a;is_a;is_a;is_a;is_a;is_a,ontology ancestry; child to parent; not a causal or regulatory edge
GO:0042776,GO:0006754,G04,G04,2,GO:0042776;GO:0015986;GO:0006754,is_a;is_a,ontology ancestry; child to parent; not a causal or regulatory edge
GO:0042776,GO:0009060,G04,G04,2,GO:0042776;GO:0006119;GO:0009060,part_of;is_a,ontology ancestry; child to parent; not a causal or regulatory edge
GO:0042776,GO:0009117,G04,G06,6,GO:0042776;GO:0015986;GO:0006754;GO:0009152;GO:0006164;GO:0006163;GO:0009117,is_a;is_a;is_a;is_a;is_a;is_a,ontology ancestry; child to parent; not a causal or regulatory edge
GO:0042776,GO:0009141,G04,G06,4,GO:0042776;GO:0015986;GO:0006754;GO:0009142;GO:0009141,is_a;is_a;is_a;is_a,ontology ancestry; child to parent; not a causal or regulatory edge
GO:0042776,GO:0009142,G04,G06,3,GO:0042776;GO:0015986;GO:0006754;GO:0009142,is_a;is_a;is_a,ontology ancestry; child to parent; not a causal or regulatory edge
GO:0042776,GO:0009144,G04,G06,5,GO:0042776;GO:0015986;GO:0006754;GO:0009206;GO:0009145;GO:0009144,is_a;is_a;is_a;is_a;is_a,ontology ancestry; child to parent; not a causal or regulatory edge
GO:0042776,GO:0009145,G04,G06,4,GO:0042776;GO:0015986;GO:0006754;GO:0009206;GO:0009145,is_a;is_a;is_a;is_a,ontology ancestry; child to parent; not a causal or regulatory edge
GO:0042776,GO:0009150,G04,G06,4,GO:0042776;GO:0015986;GO:0006754;GO:0009152;GO:0009150,is_a;is_a;is_a;is_a,ontology ancestry; child to parent; not a causal or regulatory edge
GO:0042776,GO:0009152,G04,G06,3,GO:0042776;GO:0015986;GO:0006754;GO:0009152,is_a;is_a;is_a,ontology ancestry; child to parent; not a causal or regulatory edge
GO:0042776,GO:0009165,G04,G06,5,GO:0042776;GO:0015986;GO:0006754;GO:0009152;GO:0006164;GO:0009165,is_a;is_a;is_a;is_a;is_a,ontology ancestry; child to parent; not a causal or regulatory edge
GO:0042776,GO:0009201,G04,G06,4,GO:0042776;GO:0015986;GO:0006754;GO:0009206;GO:0009201,is_a;is_a;is_a;is_a,ontology ancestry; child to parent; not a causal or regulatory edge
GO:0042776,GO:0009205,G04,G06,4,GO:0042776;GO:0015986;GO:0006754;GO:0009206;GO:0009205,is_a;is_a;is_a;is_a,ontology ancestry; child to parent; not a causal or regulatory edge
GO:0042776,GO:0009206,G04,G06,3,GO:0042776;GO:0015986;GO:0006754;GO:0009206,is_a;is_a;is_a,ontology ancestry; child to parent; not a causal or regulatory edge
GO:0042776,GO:0009259,G04,G06,5,GO:0042776;GO:0015986;GO:0006754;GO:0009152;GO:0009150;GO:0009259,is_a;is_a;is_a;is_a;is_a,ontology ancestry; child to parent; not a causal or regulatory edge
GO:0042776,GO:0009260,G04,G06,4,GO:0042776;GO:0015986;GO:0006754;GO:0009152;GO:0009260,is_a;is_a;is_a;is_a,ontology ancestry; child to parent; not a causal or regulatory edge
GO:0042776,GO:0015980,G04,G04,4,GO:0042776;GO:0006119;GO:0009060;GO:0045333;GO:0015980,part_of;is_a;is_a;is_a,ontology ancestry; child to parent; not a causal or regulatory edge
GO:0042776,GO:0015986,G04,G04,1,GO:0042776;GO:0015986,is_a,ontology ancestry; child to parent; not a causal or regulatory edge
GO:0042776,GO:0019693,G04,G06,6,GO:0042776;GO:0015986;GO:0006754;GO:0009152;GO:0009150;GO:0009259;GO:0019693,is_a;is_a;is_a;is_a;is_a;is_a,ontology ancestry; child to parent; not a causal or regulatory edge
GO:0042776,GO:0045333,G04,G04,3,GO:0042776;GO:0006119;GO:0009060;GO:0045333,part_of;is_a;is_a,ontology ancestry; child to parent; not a causal or regulatory edge
GO:0042776,GO:0046034,G04,G04,3,GO:0042776;GO:0015986;GO:0006754;GO:0046034,is_a;is_a;is_a,ontology ancestry; child to parent; not a causal or regulatory edge
GO:0042776,GO:0046390,G04,G06,5,GO:0042776;GO:0015986;GO:0006754;GO:0009152;GO:0009260;GO:0046390,is_a;is_a;is_a;is_a;is_a,ontology ancestry; child to parent; not a causal or regulatory edge
GO:0042776,GO:0055086,G04,G06,7,GO:0042776;GO:0015986;GO:0006754;GO:0009206;GO:0009145;GO:0009144;GO:0006753;GO:0055086,is_a;is_a;is_a;is_a;is_a;is_a;is_a,ontology ancestry; child to parent; not a causal or regulatory edge
GO:0042776,GO:0072521,G04,G06,6,GO:0042776;GO:0015986;GO:0006754;GO:0009152;GO:0006164;GO:0006163;GO:0072521,is_a;is_a;is_a;is_a;is_a;is_a,ontology ancestry; child to parent; not a causal or regulatory edge
GO:0042776,GO:0072522,G04,G06,5,GO:0042776;GO:0015986;GO:0006754;GO:0009152;GO:0006164;GO:0072522,is_a;is_a;is_a;is_a;is_a,ontology ancestry; child to parent; not a causal or regulatory edge
GO:0042776,GO:0090407,G04,G06,6,GO:0042776;GO:0015986;GO:0006754;GO:0009152;GO:0009260;GO:0046390;GO:0090407,is_a;is_a;is_a;is_a;is_a;is_a,ontology ancestry; child to parent; not a causal or regulatory edge
GO:0042776,GO:1901137,G04,G06,6,GO:0042776;GO:0015986;GO:0006754;GO:0009152;GO:0009260;GO:0046390;GO:1901137,is_a;is_a;is_a;is_a;is_a;is_a,ontology ancestry; child to parent; not a causal or regulatory edge
GO:0042776,GO:1901293,G04,G06,5,GO:0042776;GO:0015986;GO:0006754;GO:0009206;GO:0009145;GO:1901293,is_a;is_a;is_a;is_a;is_a,ontology ancestry; child to parent; not a causal or regulatory edge
GO:0045333,GO:0006091,G04,G04,2,GO:0045333;GO:0015980;GO:0006091,is_a;is_a,ontology ancestry; child to parent; not a causal or regulatory edge
GO:0045333,GO:0015980,G04,G04,1,GO:0045333;GO:0015980,is_a,ontology ancestry; child to parent; not a causal or regulatory edge
GO:0045471,GO:0097305,G01,G01,1,GO:0045471;GO:0097305,is_a,ontology ancestry; child to parent; not a causal or regulatory edge
GO:0046034,GO:0006163,G04,G06,2,GO:0046034;GO:0009150;GO:0006163,is_a;is_a,ontology ancestry; child to parent; not a causal or regulatory edge
GO:0046034,GO:0006753,G04,G06,3,GO:0046034;GO:0009205;GO:0009144;GO:0006753,is_a;is_a;is_a,ontology ancestry; child to parent; not a causal or regulatory edge
GO:0046034,GO:0009117,G04,G06,3,GO:0046034;GO:0009150;GO:0006163;GO:0009117,is_a;is_a;is_a,ontology ancestry; child to parent; not a causal or regulatory edge
GO:0046034,GO:0009141,G04,G06,1,GO:0046034;GO:0009141,is_a,ontology ancestry; child to parent; not a causal or regulatory edge
GO:0046034,GO:0009144,G04,G06,2,GO:0046034;GO:0009205;GO:0009144,is_a;is_a,ontology ancestry; child to parent; not a causal or regulatory edge
GO:0046034,GO:0009150,G04,G06,1,GO:0046034;GO:0009150,is_a,ontology ancestry; child to parent; not a causal or regulatory edge
GO:0046034,GO:0009205,G04,G06,1,GO:0046034;GO:0009205,is_a,ontology ancestry; child to parent; not a causal or regulatory edge
GO:0046034,GO:0009259,G04,G06,2,GO:0046034;GO:0009150;GO:0009259,is_a;is_a,ontology ancestry; child to parent; not a causal or regulatory edge
GO:0046034,GO:0019693,G04,G06,3,GO:0046034;GO:0009150;GO:0009259;GO:0019693,is_a;is_a;is_a,ontology ancestry; child to parent; not a causal or regulatory edge
GO:0046034,GO:0055086,G04,G06,4,GO:0046034;GO:0009205;GO:0009144;GO:0006753;GO:0055086,is_a;is_a;is_a;is_a,ontology ancestry; child to parent; not a causal or regulatory edge
GO:0046034,GO:0072521,G04,G06,3,GO:0046034;GO:0009150;GO:0006163;GO:0072521,is_a;is_a;is_a,ontology ancestry; child to parent; not a causal or regulatory edge
GO:0046390,GO:0019693,G06,G06,1,GO:0046390;GO:0019693,is_a,ontology ancestry; child to parent; not a causal or regulatory edge
GO:0046390,GO:0090407,G06,G06,1,GO:0046390;GO:0090407,is_a,ontology ancestry; child to parent; not a causal or regulatory edge
GO:0046390,GO:1901137,G06,G06,1,GO:0046390;GO:1901137,is_a,ontology ancestry; child to parent; not a causal or regulatory edge
GO:0046546,GO:0003006,G01,G01,2,GO:0046546;GO:0045137;GO:0003006,is_a;is_a,ontology ancestry; child to parent; not a causal or regulatory edge
GO:0046546,GO:0046661,G01,G01,1,GO:0046546;GO:0046661,part_of,ontology ancestry; child to parent; not a causal or regulatory edge
GO:0046661,GO:0003006,G01,G01,2,GO:0046661;GO:0007548;GO:0003006,is_a;is_a,ontology ancestry; child to parent; not a causal or regulatory edge
GO:0048232,GO:0007276,G01,G01,1,GO:0048232;GO:0007276,is_a,ontology ancestry; child to parent; not a causal or regulatory edge
GO:0048232,GO:0048609,G01,G01,2,GO:0048232;GO:0007276;GO:0048609,is_a;is_a,ontology ancestry; child to parent; not a causal or regulatory edge
GO:0061844,GO:0019730,G01,G01,1,GO:0061844;GO:0019730,is_a,ontology ancestry; child to parent; not a causal or regulatory edge
GO:0072522,GO:0072521,G06,G06,1,GO:0072522;GO:0072521,is_a,ontology ancestry; child to parent; not a causal or regulatory edge
GO:0095500,GO:1905145,G01,G01,1,GO:0095500;GO:1905145,part_of,ontology ancestry; child to parent; not a causal or regulatory edge
GO:0098655,GO:0006811,G07,G07,2,GO:0098655;GO:0006812;GO:0006811,is_a;is_a,ontology ancestry; child to parent; not a causal or regulatory edge
GO:0098655,GO:0034220,G07,G07,1,GO:0098655;GO:0034220,is_a,ontology ancestry; child to parent; not a causal or regulatory edge
GO:0140236,GO:0006412,G03,G02,2,GO:0140236;GO:0140241;GO:0006412,is_a;is_a,ontology ancestry; child to parent; not a causal or regulatory edge
GO:0140236,GO:0140241,G03,G03,1,GO:0140236;GO:0140241,is_a,ontology ancestry; child to parent; not a causal or regulatory edge
GO:0140236,GO:0160307,G03,G02,3,GO:0140236;GO:0140241;GO:0006412;GO:0160307,is_a;is_a;part_of,ontology ancestry; child to parent; not a causal or regulatory edge
GO:0140241,GO:0006412,G03,G02,1,GO:0140241;GO:0006412,is_a,ontology ancestry; child to parent; not a causal or regulatory edge
GO:0140241,GO:0160307,G03,G02,2,GO:0140241;GO:0006412;GO:0160307,is_a;part_of,ontology ancestry; child to parent; not a causal or regulatory edge
GO:0140242,GO:0006412,G03,G02,2,GO:0140242;GO:0140241;GO:0006412,is_a;is_a,ontology ancestry; child to parent; not a causal or regulatory edge
GO:0140242,GO:0140241,G03,G03,1,GO:0140242;GO:0140241,is_a,ontology ancestry; child to parent; not a causal or regulatory edge
GO:0140242,GO:0160307,G03,G02,3,GO:0140242;GO:0140241;GO:0006412;GO:0160307,is_a;is_a;part_of,ontology ancestry; child to parent; not a causal or regulatory edge
GO:1901293,GO:0006753,G06,G06,1,GO:1901293;GO:0006753,is_a,ontology ancestry; child to parent; not a causal or regulatory edge
GO:1901293,GO:0055086,G06,G06,2,GO:1901293;GO:0006753;GO:0055086,is_a;is_a,ontology ancestry; child to parent; not a causal or regulatory edge
GO:1901293,GO:0090407,G06,G06,1,GO:1901293;GO:0090407,is_a,ontology ancestry; child to parent; not a causal or regulatory edge
GO:1901739,GO:0060142,G03,G03,1,GO:1901739;GO:0060142,is_a,ontology ancestry; child to parent; not a causal or regulatory edge
GO:1901740,GO:0034242,G03,G03,1,GO:1901740;GO:0034242,is_a,ontology ancestry; child to parent; not a causal or regulatory edge
GO:1901740,GO:0060142,G03,G03,2,GO:1901740;GO:0034242;GO:0060142,is_a;is_a,ontology ancestry; child to parent; not a causal or regulatory edge
GO:1901740,GO:1901739,G03,G03,1,GO:1901740;GO:1901739,is_a,ontology ancestry; child to parent; not a causal or regulatory edge
GO:1902600,GO:0006811,G07,G07,3,GO:1902600;GO:0098655;GO:0006812;GO:0006811,is_a;is_a;is_a,ontology ancestry; child to parent; not a causal or regulatory edge
GO:1902600,GO:0034220,G07,G07,2,GO:1902600;GO:0098655;GO:0034220,is_a;is_a,ontology ancestry; child to parent; not a causal or regulatory edge
GO:1902600,GO:0098655,G07,G07,1,GO:1902600;GO:0098655,is_a,ontology ancestry; child to parent; not a causal or regulatory edge
GO:1905323,GO:0022613,G01,G02,2,GO:1905323;GO:0022618;GO:0022613,is_a;part_of,ontology ancestry; child to parent; not a causal or regulatory edge
GO:2001252,GO:0033044,G01,G01,1,GO:2001252;GO:0033044,is_a,ontology ancestry; child to parent; not a causal or regulatory edge
