unit_id,scope,cluster,tissue,contrast,n_tumor,n_control,gene,scores,logfoldchanges,pvals,pvals_adj,pct_nz_group,mean_log1p_expression_tumor,mean_log1p_expression_control,pct_expressing_tumor,pct_expressing_control,paper_venn_tumor_up,robust_tumor_up,robust_control_up,passes_recommended_min20,strict_estimable_min20,sample_size_note,statistical_unit_warning,passes_global_same_rule
cluster_tissue__C5-2__bone_marrow,cluster_tissue,C5-2,bone_marrow,Tumor_T2_vs_Control_Ctrl,96,104,Rpl39,5.750233,0.3769867,8.912046319698461e-09,9.509153423118258e-05,1.0,3.5620298,3.3091626,0.9999999999999986,0.9999999999999988,False,True,False,True,True,passes_recommended_min20,exploratory_cell_level_comparison; one_sample_per_tissue_condition; p_values_do_not_establish_biological_replicate_significance,True
cluster_tissue__C5-2__bone_marrow,cluster_tissue,C5-2,bone_marrow,Tumor_T2_vs_Control_Ctrl,96,104,Rpl34,5.5240364,0.37716314,3.312986015716849e-08,0.0001767478039384,1.0,3.5412114,3.2884037,0.9999999999999986,0.990384615384614,False,True,False,True,True,passes_recommended_min20,exploratory_cell_level_comparison; one_sample_per_tissue_condition; p_values_do_not_establish_biological_replicate_significance,True
cluster_tissue__C5-2__bone_marrow,cluster_tissue,C5-2,bone_marrow,Tumor_T2_vs_Control_Ctrl,96,104,Rplp2,5.361423,0.31331673,8.256891747206032e-08,0.0002936701164756,1.0,3.5606444,3.3503408,0.9999999999999986,0.9999999999999988,False,True,False,True,True,passes_recommended_min20,exploratory_cell_level_comparison; one_sample_per_tissue_condition; p_values_do_not_establish_biological_replicate_significance,False
cluster_tissue__C5-2__bone_marrow,cluster_tissue,C5-2,bone_marrow,Tumor_T2_vs_Control_Ctrl,96,104,Rpl36,5.244046,0.3891332,1.5709270887123918e-07,0.0003274139077652,1.0,3.176958,2.9200637,0.9999999999999986,0.990384615384614,False,True,False,True,True,passes_recommended_min20,exploratory_cell_level_comparison; one_sample_per_tissue_condition; p_values_do_not_establish_biological_replicate_significance,True
cluster_tissue__C5-2__bone_marrow,cluster_tissue,C5-2,bone_marrow,Tumor_T2_vs_Control_Ctrl,96,104,Rps15a,5.214702,0.3119659,1.8411278787175802e-07,0.0003274139077652,0.9895833333333334,3.8483193,3.6372128,0.989583333333332,0.9999999999999988,False,True,False,True,True,passes_recommended_min20,exploratory_cell_level_comparison; one_sample_per_tissue_condition; p_values_do_not_establish_biological_replicate_significance,True
cluster_tissue__C5-2__bone_marrow,cluster_tissue,C5-2,bone_marrow,Tumor_T2_vs_Control_Ctrl,96,104,Tmsb10,5.245269,0.34734744,1.560544516796063e-07,0.0003274139077652,0.9895833333333334,3.6253865,3.3918493,0.989583333333332,0.9999999999999988,False,True,False,True,True,passes_recommended_min20,exploratory_cell_level_comparison; one_sample_per_tissue_condition; p_values_do_not_establish_biological_replicate_significance,True
cluster_tissue__C5-2__bone_marrow,cluster_tissue,C5-2,bone_marrow,Tumor_T2_vs_Control_Ctrl,96,104,Rpl37a,5.006848,0.28712055,5.532866929640477e-07,0.0007379461267407,1.0,3.6715038,3.4780734,0.9999999999999986,0.9999999999999988,False,True,False,True,True,passes_recommended_min20,exploratory_cell_level_comparison; one_sample_per_tissue_condition; p_values_do_not_establish_biological_replicate_significance,True
cluster_tissue__C5-2__bone_marrow,cluster_tissue,C5-2,bone_marrow,Tumor_T2_vs_Control_Ctrl,96,104,Sfpq,-4.831979,-1.2365645,1.3518280487289703e-06,0.0014424005279938,0.5104166666666666,0.64068395,1.1363882,0.510416666666667,0.7884615384615379,False,False,True,True,True,passes_recommended_min20,exploratory_cell_level_comparison; one_sample_per_tissue_condition; p_values_do_not_establish_biological_replicate_significance,True
cluster_tissue__C5-2__bone_marrow,cluster_tissue,C5-2,bone_marrow,Tumor_T2_vs_Control_Ctrl,96,104,Dynll1,-4.185198,-0.8576215,2.849176518004627e-05,0.0178827726159466,0.6666666666666666,0.86236155,1.2471007,0.6666666666666664,0.7980769230769225,False,False,True,True,True,passes_recommended_min20,exploratory_cell_level_comparison; one_sample_per_tissue_condition; p_values_do_not_establish_biological_replicate_significance,True
cluster_tissue__C5-2__bone_marrow,cluster_tissue,C5-2,bone_marrow,Tumor_T2_vs_Control_Ctrl,96,104,Shld1,-3.9813826,-1.9108474,6.851557728084936e-05,0.0308223888621354,0.1145833333333333,0.11523955,0.37795085,0.1145833333333333,0.3461538461538462,False,False,True,True,True,passes_recommended_min20,exploratory_cell_level_comparison; one_sample_per_tissue_condition; p_values_do_not_establish_biological_replicate_significance,False
