cluster,tissue,control_cluster_frequency_pct,tumor_cluster_frequency_pct,control_count,tumor_count,control_share_within_tissue_cluster_pct,tumor_share_within_tissue_cluster_pct,tumor_minus_control_percentage_points,tumor_share_zero_delta_baseline_pct,tumor_share_minus_zero_delta_baseline_pp,signs_reconcile
C0,bone_marrow,74.96300680674756,76.52874404979862,2533,2090,54.79126108587498,45.20873891412503,1.5657372430510603,44.69721767594108,0.5115212381839456,True
C1,bone_marrow,1.361349511689849,1.171731966312706,46,32,58.97435897435898,41.02564102564102,-0.1896175453771431,44.69721767594108,-3.671576650300061,True
C2,bone_marrow,2.3083752589523527,2.4533138044672285,78,67,53.79310344827586,46.206896551724135,0.1449385455148757,44.69721767594108,1.5096788757830524,True
C3,bone_marrow,6.9843148860609645,4.210911753936287,236,115,67.23646723646723,32.763532763532766,-2.773403132124677,44.69721767594108,-11.933684912408316,True
C4,bone_marrow,7.221071322876591,8.165507140241669,244,223,52.24839400428265,47.75160599571734,0.9444358173650782,44.69721767594108,3.0543883197762582,True
C5-1,bone_marrow,3.669724770642202,3.112413035518125,124,85,59.33014354066985,40.66985645933015,-0.5573117351240766,44.69721767594108,-4.027361216610935,True
C5-2,bone_marrow,3.0778336786031373,3.515195898938118,104,96,52.0,48.0,0.4373622203349807,44.69721767594108,3.302782324058917,True
C6,bone_marrow,0.4143237644273453,0.8421823507872574,14,23,37.83783783783784,62.16216216216216,0.4278585863599121,44.69721767594108,17.46494448622108,True
C7,bone_marrow,0.0,0.0,0,0,,,0.0,44.69721767594108,,True
