bitmask,sets,count,label_x,label_y
1,C5-1__bone_marrow,293,0.19198664440734559,0.38731218697829717
2,C5-1__spleen,138,0.3772954924874791,0.7078464106844742
3,C5-1__bone_marrow & C5-1__spleen,11,0.2570951585976628,0.5926544240400667
4,C5-2__bone_marrow,162,0.6227045075125209,0.7078464106844742
5,C5-1__bone_marrow & C5-2__bone_marrow,3,0.31719532554257096,0.2904841402337229
6,C5-1__spleen & C5-2__bone_marrow,4,0.4991652754590985,0.6293823038397329
7,C5-1__bone_marrow & C5-1__spleen & C5-2__bone_marrow,1,0.3989983305509182,0.5225375626043406
8,C5-2__spleen,130,0.8080133555926544,0.38731218697829717
9,C5-1__bone_marrow & C5-2__spleen,4,0.4958263772954925,0.1669449081803005
10,C5-1__spleen & C5-2__spleen,1,0.6828046744574291,0.2904841402337229
11,C5-1__bone_marrow & C5-1__spleen & C5-2__spleen,0,0.6043405676126878,0.24373956594323873
12,C5-2__bone_marrow & C5-2__spleen,2,0.7429048414023373,0.5926544240400667
13,C5-1__bone_marrow & C5-2__bone_marrow & C5-2__spleen,0,0.3939899833055092,0.24373956594323873
14,C5-1__spleen & C5-2__bone_marrow & C5-2__spleen,0,0.6010016694490818,0.5225375626043406
15,C5-1__bone_marrow & C5-1__spleen & C5-2__bone_marrow & C5-2__spleen,0,0.4991652754590985,0.35058430717863104
