paper_term,unit_id,sensitivity,paper_KEGG_ID,paper_p,paper_fdr,in_Fig3E,matched_term,status,Tumor_ORA_p,Tumor_ORA_fdr,Tumor_ORA_drivers,Control_ORA_p,Control_ORA_fdr,Control_ORA_drivers,GSEA_NES,GSEA_q,GSEA_p,GSEA_drivers,paper_score,current_score
Hematopoietic cell lineage,cluster_tissue__C0__bone_marrow,full,path:mmu04640,6.46551e-11,2.21767e-08,True,Hematopoietic cell lineage,tested,0.0224410479244563,0.4179645175929986,Cd8a;Il1r1;Il6ra,0.4739639680186108,1.0,Cd8b1,1.0104608990937245,0.8773607393731153,0.4298245614035088,Flt3l;Cd3e;Cd8a;Il6ra;Tnf;Il1r1;Cd3d;Il4ra,23.462,3.7968635004671882
Antigen processing and presentation,cluster_tissue__C0__bone_marrow,full,path:mmu04612,9.89956e-07,0.000169777,True,Antigen processing and presentation,tested,0.0014665811574602,0.1121486038375974,Cd8a;Ciita;Hspa1a;Hspa1b;Hspa2,0.2199303148557333,1.0,Cd74;Cd8b1,-1.6822908231445943,0.1883078717309107,0.005156411137848,Hspa8;H2-K1;B2m;Hsp90ab1;Tap2;H2-D1;H2-Q4;Cd74;H2-T23;Psme2;Cd8b1;Hspa5;Rfxap;H2-M3;Creb1;Hspa4;Psme1;H2-T22;Lgmn,13.8256,6.524821330157325
Type I diabetes mellitus,cluster_tissue__C0__bone_marrow,full,path:mmu04940,8.05938e-06,0.000785135,True,Type I diabetes mellitus,tested,1.0,1.0,,1.0,1.0,,-1.663274541408985,0.1907132642530209,0.0118137595552467,H2-K1;Hspd1;H2-D1;H2-Q4;H2-T23;H2-M3;Cd28;H2-T22,11.7287,-0.0
Cytokine-cytokine receptor interaction,cluster_tissue__C0__bone_marrow,full,path:mmu04060,1.02264e-05,0.000785135,True,Cytokine-cytokine receptor interaction,tested,0.1572461055827969,1.0,Il1r1;Il6ra;Osm,0.1732896393313775,1.0,Il1rap;Tnfsf8;Tnfsf9,-0.8834266579034624,0.8838707791271787,0.7017719826145102,Cxcr3;Ltb;Tnfrsf25;Il16;Tnfsf8;Tnfsf9;Cd27;Il1rap;Il17ra;Il3ra;Ccr10;Il7r;Il27ra;Bmpr2;Cd4;Clcf1;Ccr9;Il2;Il12rb1;Relt;Il2rb;Tnfrsf1a;Ccl5;Il17re;Fasl;Tnfsf11,11.4905,1.849943149477441
Toxoplasmosis,cluster_tissue__C0__bone_marrow,full,path:mmu05145,1.14451e-05,0.000785135,True,Toxoplasmosis,tested,0.0051877742569345,0.2656635505232224,Ciita;Hspa1a;Hspa1b;Hspa2;Ldlr,1.0,1.0,,1.0305073967980745,0.843870303393934,0.3840544482255712,Hspa1b;Hspa1a;Cd40lg;Cycs;Birc3;Lamb3;Tnf;Ldlr;Nfkbia;Map3k7;Hspa2;Ifngr1;Ciita,11.3779,5.261450526016176
Rheumatoid arthritis,cluster_tissue__C0__bone_marrow,full,path:mmu05323,1.9608e-05,0.00112092,True,Rheumatoid arthritis,tested,0.0209487065164053,0.4161809694592536,Atp6v0a1;Fos;Jun,1.0,1.0,,1.2454413170279277,0.6973293463536135,0.1804073714839961,Fos;Jun;Itgb2;Atp6v0a1;Tnf,10.8396,3.86567837598044
Graft-versus-host disease,cluster_tissue__C0__bone_marrow,full,path:mmu05332,3.25305e-05,0.00125648,True,Graft-versus-host disease,tested,1.0,1.0,,1.0,1.0,,-1.3690498635802046,0.5464839325594679,0.0950570342205323,H2-K1;H2-D1;H2-Q4;H2-T23;H2-M3;Cd28;H2-T22;Klra1;Il2,10.3333,-0.0
Asthma,cluster_tissue__C0__bone_marrow,full,path:mmu05310,3.2969e-05,0.00125648,True,Asthma,tested,1.0,1.0,,1.0,1.0,,1.5784910484660932,0.2605652472119257,0.0507921714818266,Cd40lg;Tnf,10.3199,-0.0
Th17 cell differentiation,cluster_tissue__C0__bone_marrow,full,path:mmu04659,6.18651e-05,0.00212197,True,Th17 cell differentiation,tested,0.0084992708825762,0.2800172274087362,Ahr;Fos;Il1r1;Il6ra;Jun,0.7373277112270102,1.0,Il1rap,1.3947661050460871,0.5286045547902234,0.054240631163708,Fos;Jun;Hif1a;Runx1;Cd3e;Ahr;Il6ra;Ppp3r1;Nfkbia;Il1r1;Ifngr1;Cd3d;Il4ra;Rara;Hsp90aa1;Jak3;Il6st;Stat5a;Mapk8;Ppp3cc;Rxra;Ppp3cb,9.69055,4.767774897685501
IL-17 signaling pathway,cluster_tissue__C0__bone_marrow,full,path:mmu04657,0.000641566,0.0122254,True,IL-17 signaling pathway,tested,0.0515228212930973,0.8080947760706847,Fos;Fosb;Jun,0.2199303148557333,1.0,S100a8;S100a9,1.2994033106777243,0.6495630046040156,0.1167953667953668,Fos;Fosb;Jun;Jund;Tnfaip3;Cebpb;Tnf;Nfkbia;Map3k7,7.3516,2.9657304375615916
Autoimmune thyroid disease,cluster_tissue__C0__bone_marrow,full,path:mmu05320,0.00180441,0.0239942,True,Autoimmune thyroid disease,tested,1.0,1.0,,1.0,1.0,,-1.4244787755413617,0.5077377100592408,0.0780437044745057,H2-K1;H2-D1;H2-Q4;H2-T23;H2-M3;Cd28;H2-T22;Il2;Ctla4,6.31752,-0.0
NF-kappa B signaling pathway,cluster_tissue__C0__bone_marrow,full,path:mmu04064,0.00268246,0.031727,True,NF-kappa B signaling pathway,tested,0.6622349733997928,1.0,Il1r1,1.0,1.0,,0.9910005981668008,0.9102057201959464,0.4548479087452471,Cd40lg;Tnfaip3;Birc3;Gadd45b;Ticam1;Relb;Tnf;Csnk2a1;Nfkbia;Il1r1;Map3k7;Cflar;Myd88;Bcl2a1d,5.92102,0.41213484131042344
Osteoclast differentiation,cluster_tissue__C0__bone_marrow,full,path:mmu04380,0.00301316,0.0344505,True,Osteoclast differentiation,tested,0.0015053503870818,0.1121486038375974,Fos;Fosb;Fosl2;Il1r1;Jun;Junb,1.0,1.0,,1.7437945068141605,0.1082361992563877,0.0029821073558648,Junb;Fos;Fosb;Jun;Fosl2;Jund;Pik3cd;Socs3;Relb;Tnf;Ppp3r1;Nfkbia;Il1r1;Map3k7;Ifngr1;Map2k1,5.80476,6.498729592541839
Cell adhesion molecules,cluster_tissue__C0__bone_marrow,full,path:mmu04514,0.00335683,0.0371417,True,Cell adhesion molecules (CAMs),tested,0.1768491416166617,1.0,Cd8a;Sdc4,0.554020614850506,1.0,Cd8b1,-1.331498167378515,0.5881616018569512,0.0973420780117362,H2-K1;Itgb1;H2-D1;Cd226;H2-Q4;H2-T23;Glg1;Icos;Cd2;Cd8b1;Itga4;Itgav;H2-M3;Cd28;Vsir;H2-T22;Icam2,5.69676,1.7324582170791432
Measles,cluster_tissue__C0__bone_marrow,full,path:mmu05162,0.00428569,0.0459372,True,Measles,tested,0.0053489305474474,0.2656635505232224,Fos;Hspa1a;Hspa1b;Hspa2;Jun;Tlr7,0.5031787963055112,1.0,Bbc3;Oas2,-1.2013374686647649,0.6123629408489165,0.1459731543624161,Hspa8;Rack1;Ccnd2;Cdkn1b;Bbc3;Trp53;Eif3h;Tab2;Bax;Eif2s1;Nfkbib;Stat1;Oas2;Bcl2;Akt3;Gsk3b;Stat2;Eif2ak4;Tradd;Cd28;Rab9;Csnk2a2;Eif2ak2;Cdk2;Irf3;Ddx58;Tyk2;Rchy1;Jak1;Msn;Il2;Ikbkb;Cd3g;Ikbke,5.45247,5.230858635729808
Systemic lupus erythematosus,cluster_tissue__C0__bone_marrow,full,path:mmu05322,0.0057626,0.0598961,True,Systemic lupus erythematosus,tested,0.143951887402335,1.0,Hist1h3f;Hist2h4,1.0,1.0,,1.5871421670608985,0.2659786720745095,0.0237651444547996,H3f3b;H2afj;H2afy;Cd40lg;Hist2h4;Tnf;Hist1h3f;Hist1h2ap,5.15637,1.9382761504966388
JAK-STAT signaling pathway,cluster_tissue__C0__bone_marrow,full,path:mmu04630,0.0076894,0.0746765,True,JAK-STAT signaling pathway,tested,0.3712785395905494,1.0,Il6ra;Osm,1.0,1.0,,-1.2520327766285602,0.5688640507781949,0.1205018157807857,Ccnd2;Mcl1;Grb2;Ep300;Stam2;Stat1;Ptpn6;Bcl2;Akt3;Socs2;Sos1;Pim1;Stat2;Socs4;Il3ra;Crebbp;Il7r;Raf1;Il27ra;Tyk2;Socs5;Ptpn11;Jak1;Il2;Il12rb1;Il2rb;Stat6;Irf9;Ccnd3;Pias1;Pik3r2,4.86791,0.9908027175019284
