module,unit_id,direction,prior,prior_source,shared_significant_genes,n_shared,prior_term_q_family,interpretation
G01,cluster_tissue__C3__spleen,Ctrl_up,AP1_transcription_factor_complex,GO:0035976,,0,1.0,shared observed genes only; prior GO significance is separate; marker panels are not GO enrichment tests
G01,cluster_tissue__C3__spleen,Ctrl_up,MAPK_cascade,GO:0000165,Map2k7;Ywhae,2,1.0,shared observed genes only; prior GO significance is separate; marker panels are not GO enrichment tests
G01,cluster_tissue__C3__spleen,Ctrl_up,iNKT17_identity_prior,expert_marker_panel,,0,,shared observed genes only; prior GO significance is separate; marker panels are not GO enrichment tests
G01,cluster_tissue__C3__spleen,Ctrl_up,cytotoxic_core_prior,existing_PAGER_core,,0,,shared observed genes only; prior GO significance is separate; marker panels are not GO enrichment tests
G01,cluster_tissue__C3__spleen,T2_up,AP1_transcription_factor_complex,GO:0035976,Fos;Jun;Junb;Jund,4,0.0001932283887253,shared observed genes only; prior GO significance is separate; marker panels are not GO enrichment tests
G01,cluster_tissue__C3__spleen,T2_up,MAPK_cascade,GO:0000165,Dusp1;Jun,2,1.0,shared observed genes only; prior GO significance is separate; marker panels are not GO enrichment tests
G01,cluster_tissue__C3__spleen,T2_up,iNKT17_identity_prior,expert_marker_panel,,0,,shared observed genes only; prior GO significance is separate; marker panels are not GO enrichment tests
G01,cluster_tissue__C3__spleen,T2_up,cytotoxic_core_prior,existing_PAGER_core,,0,,shared observed genes only; prior GO significance is separate; marker panels are not GO enrichment tests
G01,cluster_tissue__C4__bone_marrow,T2_up,AP1_transcription_factor_complex,GO:0035976,Fos;Junb,2,0.0350588237030336,shared observed genes only; prior GO significance is separate; marker panels are not GO enrichment tests
G01,cluster_tissue__C4__bone_marrow,T2_up,MAPK_cascade,GO:0000165,Dusp1,1,1.0,shared observed genes only; prior GO significance is separate; marker panels are not GO enrichment tests
G01,cluster_tissue__C4__bone_marrow,T2_up,iNKT17_identity_prior,expert_marker_panel,,0,,shared observed genes only; prior GO significance is separate; marker panels are not GO enrichment tests
G01,cluster_tissue__C4__bone_marrow,T2_up,cytotoxic_core_prior,existing_PAGER_core,,0,,shared observed genes only; prior GO significance is separate; marker panels are not GO enrichment tests
G01,cluster_tissue__C4__spleen,T2_up,AP1_transcription_factor_complex,GO:0035976,Jun,1,0.8235418418839408,shared observed genes only; prior GO significance is separate; marker panels are not GO enrichment tests
G01,cluster_tissue__C4__spleen,T2_up,MAPK_cascade,GO:0000165,Jun,1,1.0,shared observed genes only; prior GO significance is separate; marker panels are not GO enrichment tests
G01,cluster_tissue__C4__spleen,T2_up,iNKT17_identity_prior,expert_marker_panel,,0,,shared observed genes only; prior GO significance is separate; marker panels are not GO enrichment tests
G01,cluster_tissue__C4__spleen,T2_up,cytotoxic_core_prior,existing_PAGER_core,,0,,shared observed genes only; prior GO significance is separate; marker panels are not GO enrichment tests
G01,cluster_tissue__C5-2__bone_marrow,T2_up,AP1_transcription_factor_complex,GO:0035976,,0,1.0,shared observed genes only; prior GO significance is separate; marker panels are not GO enrichment tests
G01,cluster_tissue__C5-2__bone_marrow,T2_up,MAPK_cascade,GO:0000165,,0,1.0,shared observed genes only; prior GO significance is separate; marker panels are not GO enrichment tests
G01,cluster_tissue__C5-2__bone_marrow,T2_up,iNKT17_identity_prior,expert_marker_panel,,0,,shared observed genes only; prior GO significance is separate; marker panels are not GO enrichment tests
G01,cluster_tissue__C5-2__bone_marrow,T2_up,cytotoxic_core_prior,existing_PAGER_core,,0,,shared observed genes only; prior GO significance is separate; marker panels are not GO enrichment tests
G01,cluster_tissue__C6__thymus,T2_up,AP1_transcription_factor_complex,GO:0035976,,0,0.9657670930902358,shared observed genes only; prior GO significance is separate; marker panels are not GO enrichment tests
G01,cluster_tissue__C6__thymus,T2_up,MAPK_cascade,GO:0000165,,0,1.0,shared observed genes only; prior GO significance is separate; marker panels are not GO enrichment tests
G01,cluster_tissue__C6__thymus,T2_up,iNKT17_identity_prior,expert_marker_panel,,0,,shared observed genes only; prior GO significance is separate; marker panels are not GO enrichment tests
G01,cluster_tissue__C6__thymus,T2_up,cytotoxic_core_prior,existing_PAGER_core,,0,,shared observed genes only; prior GO significance is separate; marker panels are not GO enrichment tests
G01,tissue__bone_marrow,T2_up,AP1_transcription_factor_complex,GO:0035976,,0,0.0010525875383537,shared observed genes only; prior GO significance is separate; marker panels are not GO enrichment tests
G01,tissue__bone_marrow,T2_up,MAPK_cascade,GO:0000165,,0,1.0,shared observed genes only; prior GO significance is separate; marker panels are not GO enrichment tests
G01,tissue__bone_marrow,T2_up,iNKT17_identity_prior,expert_marker_panel,,0,,shared observed genes only; prior GO significance is separate; marker panels are not GO enrichment tests
G01,tissue__bone_marrow,T2_up,cytotoxic_core_prior,existing_PAGER_core,,0,,shared observed genes only; prior GO significance is separate; marker panels are not GO enrichment tests
G01,tissue__spleen,Ctrl_up,AP1_transcription_factor_complex,GO:0035976,,0,1.0,shared observed genes only; prior GO significance is separate; marker panels are not GO enrichment tests
G01,tissue__spleen,Ctrl_up,MAPK_cascade,GO:0000165,Ywhae,1,1.0,shared observed genes only; prior GO significance is separate; marker panels are not GO enrichment tests
G01,tissue__spleen,Ctrl_up,iNKT17_identity_prior,expert_marker_panel,,0,,shared observed genes only; prior GO significance is separate; marker panels are not GO enrichment tests
G01,tissue__spleen,Ctrl_up,cytotoxic_core_prior,existing_PAGER_core,,0,,shared observed genes only; prior GO significance is separate; marker panels are not GO enrichment tests
G01,tissue__thymus,Ctrl_up,AP1_transcription_factor_complex,GO:0035976,,0,1.0,shared observed genes only; prior GO significance is separate; marker panels are not GO enrichment tests
G01,tissue__thymus,Ctrl_up,MAPK_cascade,GO:0000165,Ccl5,1,1.0,shared observed genes only; prior GO significance is separate; marker panels are not GO enrichment tests
G01,tissue__thymus,Ctrl_up,iNKT17_identity_prior,expert_marker_panel,,0,,shared observed genes only; prior GO significance is separate; marker panels are not GO enrichment tests
G01,tissue__thymus,Ctrl_up,cytotoxic_core_prior,existing_PAGER_core,,0,,shared observed genes only; prior GO significance is separate; marker panels are not GO enrichment tests
G01,tissue__thymus,T2_up,AP1_transcription_factor_complex,GO:0035976,,0,0.1436861128161539,shared observed genes only; prior GO significance is separate; marker panels are not GO enrichment tests
G01,tissue__thymus,T2_up,MAPK_cascade,GO:0000165,,0,1.0,shared observed genes only; prior GO significance is separate; marker panels are not GO enrichment tests
G01,tissue__thymus,T2_up,iNKT17_identity_prior,expert_marker_panel,,0,,shared observed genes only; prior GO significance is separate; marker panels are not GO enrichment tests
G01,tissue__thymus,T2_up,cytotoxic_core_prior,existing_PAGER_core,,0,,shared observed genes only; prior GO significance is separate; marker panels are not GO enrichment tests
G02,cluster_tissue__C3__bone_marrow,T2_up,AP1_transcription_factor_complex,GO:0035976,,0,1.0,shared observed genes only; prior GO significance is separate; marker panels are not GO enrichment tests
G02,cluster_tissue__C3__bone_marrow,T2_up,MAPK_cascade,GO:0000165,,0,1.0,shared observed genes only; prior GO significance is separate; marker panels are not GO enrichment tests
G02,cluster_tissue__C3__bone_marrow,T2_up,iNKT17_identity_prior,expert_marker_panel,,0,,shared observed genes only; prior GO significance is separate; marker panels are not GO enrichment tests
G02,cluster_tissue__C3__bone_marrow,T2_up,cytotoxic_core_prior,existing_PAGER_core,,0,,shared observed genes only; prior GO significance is separate; marker panels are not GO enrichment tests
G02,cluster_tissue__C3__spleen,T2_up,AP1_transcription_factor_complex,GO:0035976,,0,0.0001932283887253,shared observed genes only; prior GO significance is separate; marker panels are not GO enrichment tests
G02,cluster_tissue__C3__spleen,T2_up,MAPK_cascade,GO:0000165,,0,1.0,shared observed genes only; prior GO significance is separate; marker panels are not GO enrichment tests
G02,cluster_tissue__C3__spleen,T2_up,iNKT17_identity_prior,expert_marker_panel,,0,,shared observed genes only; prior GO significance is separate; marker panels are not GO enrichment tests
G02,cluster_tissue__C3__spleen,T2_up,cytotoxic_core_prior,existing_PAGER_core,,0,,shared observed genes only; prior GO significance is separate; marker panels are not GO enrichment tests
G02,cluster_tissue__C4__spleen,T2_up,AP1_transcription_factor_complex,GO:0035976,,0,0.8235418418839408,shared observed genes only; prior GO significance is separate; marker panels are not GO enrichment tests
G02,cluster_tissue__C4__spleen,T2_up,MAPK_cascade,GO:0000165,,0,1.0,shared observed genes only; prior GO significance is separate; marker panels are not GO enrichment tests
G02,cluster_tissue__C4__spleen,T2_up,iNKT17_identity_prior,expert_marker_panel,,0,,shared observed genes only; prior GO significance is separate; marker panels are not GO enrichment tests
G02,cluster_tissue__C4__spleen,T2_up,cytotoxic_core_prior,existing_PAGER_core,,0,,shared observed genes only; prior GO significance is separate; marker panels are not GO enrichment tests
G02,cluster_tissue__C5-1__spleen,T2_up,AP1_transcription_factor_complex,GO:0035976,,0,0.014484166287265,shared observed genes only; prior GO significance is separate; marker panels are not GO enrichment tests
G02,cluster_tissue__C5-1__spleen,T2_up,MAPK_cascade,GO:0000165,,0,1.0,shared observed genes only; prior GO significance is separate; marker panels are not GO enrichment tests
G02,cluster_tissue__C5-1__spleen,T2_up,iNKT17_identity_prior,expert_marker_panel,,0,,shared observed genes only; prior GO significance is separate; marker panels are not GO enrichment tests
G02,cluster_tissue__C5-1__spleen,T2_up,cytotoxic_core_prior,existing_PAGER_core,,0,,shared observed genes only; prior GO significance is separate; marker panels are not GO enrichment tests
G02,cluster_tissue__C5-2__bone_marrow,T2_up,AP1_transcription_factor_complex,GO:0035976,,0,1.0,shared observed genes only; prior GO significance is separate; marker panels are not GO enrichment tests
G02,cluster_tissue__C5-2__bone_marrow,T2_up,MAPK_cascade,GO:0000165,,0,1.0,shared observed genes only; prior GO significance is separate; marker panels are not GO enrichment tests
G02,cluster_tissue__C5-2__bone_marrow,T2_up,iNKT17_identity_prior,expert_marker_panel,,0,,shared observed genes only; prior GO significance is separate; marker panels are not GO enrichment tests
G02,cluster_tissue__C5-2__bone_marrow,T2_up,cytotoxic_core_prior,existing_PAGER_core,,0,,shared observed genes only; prior GO significance is separate; marker panels are not GO enrichment tests
G02,cluster_tissue__C6__thymus,T2_up,AP1_transcription_factor_complex,GO:0035976,,0,0.9657670930902358,shared observed genes only; prior GO significance is separate; marker panels are not GO enrichment tests
G02,cluster_tissue__C6__thymus,T2_up,MAPK_cascade,GO:0000165,,0,1.0,shared observed genes only; prior GO significance is separate; marker panels are not GO enrichment tests
G02,cluster_tissue__C6__thymus,T2_up,iNKT17_identity_prior,expert_marker_panel,,0,,shared observed genes only; prior GO significance is separate; marker panels are not GO enrichment tests
G02,cluster_tissue__C6__thymus,T2_up,cytotoxic_core_prior,existing_PAGER_core,,0,,shared observed genes only; prior GO significance is separate; marker panels are not GO enrichment tests
G02,tissue__spleen,Ctrl_up,AP1_transcription_factor_complex,GO:0035976,,0,1.0,shared observed genes only; prior GO significance is separate; marker panels are not GO enrichment tests
G02,tissue__spleen,Ctrl_up,MAPK_cascade,GO:0000165,Ywhae,1,1.0,shared observed genes only; prior GO significance is separate; marker panels are not GO enrichment tests
G02,tissue__spleen,Ctrl_up,iNKT17_identity_prior,expert_marker_panel,,0,,shared observed genes only; prior GO significance is separate; marker panels are not GO enrichment tests
G02,tissue__spleen,Ctrl_up,cytotoxic_core_prior,existing_PAGER_core,,0,,shared observed genes only; prior GO significance is separate; marker panels are not GO enrichment tests
G02,tissue__spleen,T2_up,AP1_transcription_factor_complex,GO:0035976,,0,0.0004425792121528,shared observed genes only; prior GO significance is separate; marker panels are not GO enrichment tests
G02,tissue__spleen,T2_up,MAPK_cascade,GO:0000165,,0,1.0,shared observed genes only; prior GO significance is separate; marker panels are not GO enrichment tests
G02,tissue__spleen,T2_up,iNKT17_identity_prior,expert_marker_panel,,0,,shared observed genes only; prior GO significance is separate; marker panels are not GO enrichment tests
G02,tissue__spleen,T2_up,cytotoxic_core_prior,existing_PAGER_core,,0,,shared observed genes only; prior GO significance is separate; marker panels are not GO enrichment tests
G02,tissue__thymus,T2_up,AP1_transcription_factor_complex,GO:0035976,,0,0.1436861128161539,shared observed genes only; prior GO significance is separate; marker panels are not GO enrichment tests
G02,tissue__thymus,T2_up,MAPK_cascade,GO:0000165,,0,1.0,shared observed genes only; prior GO significance is separate; marker panels are not GO enrichment tests
G02,tissue__thymus,T2_up,iNKT17_identity_prior,expert_marker_panel,,0,,shared observed genes only; prior GO significance is separate; marker panels are not GO enrichment tests
G02,tissue__thymus,T2_up,cytotoxic_core_prior,existing_PAGER_core,,0,,shared observed genes only; prior GO significance is separate; marker panels are not GO enrichment tests
G03,cluster_tissue__C0__bone_marrow,T2_up,AP1_transcription_factor_complex,GO:0035976,,0,0.0002605570446049,shared observed genes only; prior GO significance is separate; marker panels are not GO enrichment tests
G03,cluster_tissue__C0__bone_marrow,T2_up,MAPK_cascade,GO:0000165,,0,1.0,shared observed genes only; prior GO significance is separate; marker panels are not GO enrichment tests
G03,cluster_tissue__C0__bone_marrow,T2_up,iNKT17_identity_prior,expert_marker_panel,,0,,shared observed genes only; prior GO significance is separate; marker panels are not GO enrichment tests
G03,cluster_tissue__C0__bone_marrow,T2_up,cytotoxic_core_prior,existing_PAGER_core,,0,,shared observed genes only; prior GO significance is separate; marker panels are not GO enrichment tests
G03,cluster_tissue__C0__spleen,T2_up,AP1_transcription_factor_complex,GO:0035976,,0,1.0,shared observed genes only; prior GO significance is separate; marker panels are not GO enrichment tests
G03,cluster_tissue__C0__spleen,T2_up,MAPK_cascade,GO:0000165,,0,1.0,shared observed genes only; prior GO significance is separate; marker panels are not GO enrichment tests
G03,cluster_tissue__C0__spleen,T2_up,iNKT17_identity_prior,expert_marker_panel,,0,,shared observed genes only; prior GO significance is separate; marker panels are not GO enrichment tests
G03,cluster_tissue__C0__spleen,T2_up,cytotoxic_core_prior,existing_PAGER_core,,0,,shared observed genes only; prior GO significance is separate; marker panels are not GO enrichment tests
G03,cluster_tissue__C3__bone_marrow,T2_up,AP1_transcription_factor_complex,GO:0035976,,0,1.0,shared observed genes only; prior GO significance is separate; marker panels are not GO enrichment tests
G03,cluster_tissue__C3__bone_marrow,T2_up,MAPK_cascade,GO:0000165,,0,1.0,shared observed genes only; prior GO significance is separate; marker panels are not GO enrichment tests
G03,cluster_tissue__C3__bone_marrow,T2_up,iNKT17_identity_prior,expert_marker_panel,,0,,shared observed genes only; prior GO significance is separate; marker panels are not GO enrichment tests
G03,cluster_tissue__C3__bone_marrow,T2_up,cytotoxic_core_prior,existing_PAGER_core,,0,,shared observed genes only; prior GO significance is separate; marker panels are not GO enrichment tests
G03,cluster_tissue__C3__spleen,T2_up,AP1_transcription_factor_complex,GO:0035976,,0,0.0001932283887253,shared observed genes only; prior GO significance is separate; marker panels are not GO enrichment tests
G03,cluster_tissue__C3__spleen,T2_up,MAPK_cascade,GO:0000165,,0,1.0,shared observed genes only; prior GO significance is separate; marker panels are not GO enrichment tests
G03,cluster_tissue__C3__spleen,T2_up,iNKT17_identity_prior,expert_marker_panel,,0,,shared observed genes only; prior GO significance is separate; marker panels are not GO enrichment tests
G03,cluster_tissue__C3__spleen,T2_up,cytotoxic_core_prior,existing_PAGER_core,,0,,shared observed genes only; prior GO significance is separate; marker panels are not GO enrichment tests
G03,cluster_tissue__C4__bone_marrow,T2_up,AP1_transcription_factor_complex,GO:0035976,,0,0.0350588237030336,shared observed genes only; prior GO significance is separate; marker panels are not GO enrichment tests
G03,cluster_tissue__C4__bone_marrow,T2_up,MAPK_cascade,GO:0000165,,0,1.0,shared observed genes only; prior GO significance is separate; marker panels are not GO enrichment tests
G03,cluster_tissue__C4__bone_marrow,T2_up,iNKT17_identity_prior,expert_marker_panel,,0,,shared observed genes only; prior GO significance is separate; marker panels are not GO enrichment tests
G03,cluster_tissue__C4__bone_marrow,T2_up,cytotoxic_core_prior,existing_PAGER_core,,0,,shared observed genes only; prior GO significance is separate; marker panels are not GO enrichment tests
G03,cluster_tissue__C4__spleen,T2_up,AP1_transcription_factor_complex,GO:0035976,,0,0.8235418418839408,shared observed genes only; prior GO significance is separate; marker panels are not GO enrichment tests
G03,cluster_tissue__C4__spleen,T2_up,MAPK_cascade,GO:0000165,,0,1.0,shared observed genes only; prior GO significance is separate; marker panels are not GO enrichment tests
G03,cluster_tissue__C4__spleen,T2_up,iNKT17_identity_prior,expert_marker_panel,,0,,shared observed genes only; prior GO significance is separate; marker panels are not GO enrichment tests
G03,cluster_tissue__C4__spleen,T2_up,cytotoxic_core_prior,existing_PAGER_core,,0,,shared observed genes only; prior GO significance is separate; marker panels are not GO enrichment tests
G03,cluster_tissue__C5-1__spleen,T2_up,AP1_transcription_factor_complex,GO:0035976,,0,0.014484166287265,shared observed genes only; prior GO significance is separate; marker panels are not GO enrichment tests
G03,cluster_tissue__C5-1__spleen,T2_up,MAPK_cascade,GO:0000165,,0,1.0,shared observed genes only; prior GO significance is separate; marker panels are not GO enrichment tests
G03,cluster_tissue__C5-1__spleen,T2_up,iNKT17_identity_prior,expert_marker_panel,,0,,shared observed genes only; prior GO significance is separate; marker panels are not GO enrichment tests
G03,cluster_tissue__C5-1__spleen,T2_up,cytotoxic_core_prior,existing_PAGER_core,,0,,shared observed genes only; prior GO significance is separate; marker panels are not GO enrichment tests
G03,cluster_tissue__C5-2__bone_marrow,T2_up,AP1_transcription_factor_complex,GO:0035976,,0,1.0,shared observed genes only; prior GO significance is separate; marker panels are not GO enrichment tests
G03,cluster_tissue__C5-2__bone_marrow,T2_up,MAPK_cascade,GO:0000165,,0,1.0,shared observed genes only; prior GO significance is separate; marker panels are not GO enrichment tests
G03,cluster_tissue__C5-2__bone_marrow,T2_up,iNKT17_identity_prior,expert_marker_panel,,0,,shared observed genes only; prior GO significance is separate; marker panels are not GO enrichment tests
G03,cluster_tissue__C5-2__bone_marrow,T2_up,cytotoxic_core_prior,existing_PAGER_core,,0,,shared observed genes only; prior GO significance is separate; marker panels are not GO enrichment tests
G03,cluster_tissue__C6__thymus,T2_up,AP1_transcription_factor_complex,GO:0035976,,0,0.9657670930902358,shared observed genes only; prior GO significance is separate; marker panels are not GO enrichment tests
G03,cluster_tissue__C6__thymus,T2_up,MAPK_cascade,GO:0000165,,0,1.0,shared observed genes only; prior GO significance is separate; marker panels are not GO enrichment tests
G03,cluster_tissue__C6__thymus,T2_up,iNKT17_identity_prior,expert_marker_panel,,0,,shared observed genes only; prior GO significance is separate; marker panels are not GO enrichment tests
G03,cluster_tissue__C6__thymus,T2_up,cytotoxic_core_prior,existing_PAGER_core,,0,,shared observed genes only; prior GO significance is separate; marker panels are not GO enrichment tests
G03,tissue__bone_marrow,T2_up,AP1_transcription_factor_complex,GO:0035976,,0,0.0010525875383537,shared observed genes only; prior GO significance is separate; marker panels are not GO enrichment tests
G03,tissue__bone_marrow,T2_up,MAPK_cascade,GO:0000165,,0,1.0,shared observed genes only; prior GO significance is separate; marker panels are not GO enrichment tests
G03,tissue__bone_marrow,T2_up,iNKT17_identity_prior,expert_marker_panel,,0,,shared observed genes only; prior GO significance is separate; marker panels are not GO enrichment tests
G03,tissue__bone_marrow,T2_up,cytotoxic_core_prior,existing_PAGER_core,,0,,shared observed genes only; prior GO significance is separate; marker panels are not GO enrichment tests
G03,tissue__spleen,T2_up,AP1_transcription_factor_complex,GO:0035976,,0,0.0004425792121528,shared observed genes only; prior GO significance is separate; marker panels are not GO enrichment tests
G03,tissue__spleen,T2_up,MAPK_cascade,GO:0000165,,0,1.0,shared observed genes only; prior GO significance is separate; marker panels are not GO enrichment tests
G03,tissue__spleen,T2_up,iNKT17_identity_prior,expert_marker_panel,,0,,shared observed genes only; prior GO significance is separate; marker panels are not GO enrichment tests
G03,tissue__spleen,T2_up,cytotoxic_core_prior,existing_PAGER_core,,0,,shared observed genes only; prior GO significance is separate; marker panels are not GO enrichment tests
G03,tissue__thymus,T2_up,AP1_transcription_factor_complex,GO:0035976,,0,0.1436861128161539,shared observed genes only; prior GO significance is separate; marker panels are not GO enrichment tests
G03,tissue__thymus,T2_up,MAPK_cascade,GO:0000165,,0,1.0,shared observed genes only; prior GO significance is separate; marker panels are not GO enrichment tests
G03,tissue__thymus,T2_up,iNKT17_identity_prior,expert_marker_panel,,0,,shared observed genes only; prior GO significance is separate; marker panels are not GO enrichment tests
G03,tissue__thymus,T2_up,cytotoxic_core_prior,existing_PAGER_core,,0,,shared observed genes only; prior GO significance is separate; marker panels are not GO enrichment tests
G04,cluster_tissue__C0__bone_marrow,T2_up,AP1_transcription_factor_complex,GO:0035976,,0,0.0002605570446049,shared observed genes only; prior GO significance is separate; marker panels are not GO enrichment tests
G04,cluster_tissue__C0__bone_marrow,T2_up,MAPK_cascade,GO:0000165,,0,1.0,shared observed genes only; prior GO significance is separate; marker panels are not GO enrichment tests
G04,cluster_tissue__C0__bone_marrow,T2_up,iNKT17_identity_prior,expert_marker_panel,,0,,shared observed genes only; prior GO significance is separate; marker panels are not GO enrichment tests
G04,cluster_tissue__C0__bone_marrow,T2_up,cytotoxic_core_prior,existing_PAGER_core,,0,,shared observed genes only; prior GO significance is separate; marker panels are not GO enrichment tests
G04,cluster_tissue__C3__spleen,T2_up,AP1_transcription_factor_complex,GO:0035976,,0,0.0001932283887253,shared observed genes only; prior GO significance is separate; marker panels are not GO enrichment tests
G04,cluster_tissue__C3__spleen,T2_up,MAPK_cascade,GO:0000165,,0,1.0,shared observed genes only; prior GO significance is separate; marker panels are not GO enrichment tests
G04,cluster_tissue__C3__spleen,T2_up,iNKT17_identity_prior,expert_marker_panel,,0,,shared observed genes only; prior GO significance is separate; marker panels are not GO enrichment tests
G04,cluster_tissue__C3__spleen,T2_up,cytotoxic_core_prior,existing_PAGER_core,,0,,shared observed genes only; prior GO significance is separate; marker panels are not GO enrichment tests
G04,cluster_tissue__C4__bone_marrow,T2_up,AP1_transcription_factor_complex,GO:0035976,,0,0.0350588237030336,shared observed genes only; prior GO significance is separate; marker panels are not GO enrichment tests
G04,cluster_tissue__C4__bone_marrow,T2_up,MAPK_cascade,GO:0000165,,0,1.0,shared observed genes only; prior GO significance is separate; marker panels are not GO enrichment tests
G04,cluster_tissue__C4__bone_marrow,T2_up,iNKT17_identity_prior,expert_marker_panel,,0,,shared observed genes only; prior GO significance is separate; marker panels are not GO enrichment tests
G04,cluster_tissue__C4__bone_marrow,T2_up,cytotoxic_core_prior,existing_PAGER_core,,0,,shared observed genes only; prior GO significance is separate; marker panels are not GO enrichment tests
G04,cluster_tissue__C5-1__bone_marrow,T2_up,AP1_transcription_factor_complex,GO:0035976,,0,1.0,shared observed genes only; prior GO significance is separate; marker panels are not GO enrichment tests
G04,cluster_tissue__C5-1__bone_marrow,T2_up,MAPK_cascade,GO:0000165,,0,1.0,shared observed genes only; prior GO significance is separate; marker panels are not GO enrichment tests
G04,cluster_tissue__C5-1__bone_marrow,T2_up,iNKT17_identity_prior,expert_marker_panel,,0,,shared observed genes only; prior GO significance is separate; marker panels are not GO enrichment tests
G04,cluster_tissue__C5-1__bone_marrow,T2_up,cytotoxic_core_prior,existing_PAGER_core,,0,,shared observed genes only; prior GO significance is separate; marker panels are not GO enrichment tests
G04,cluster_tissue__C5-1__spleen,T2_up,AP1_transcription_factor_complex,GO:0035976,,0,0.014484166287265,shared observed genes only; prior GO significance is separate; marker panels are not GO enrichment tests
G04,cluster_tissue__C5-1__spleen,T2_up,MAPK_cascade,GO:0000165,,0,1.0,shared observed genes only; prior GO significance is separate; marker panels are not GO enrichment tests
G04,cluster_tissue__C5-1__spleen,T2_up,iNKT17_identity_prior,expert_marker_panel,,0,,shared observed genes only; prior GO significance is separate; marker panels are not GO enrichment tests
G04,cluster_tissue__C5-1__spleen,T2_up,cytotoxic_core_prior,existing_PAGER_core,,0,,shared observed genes only; prior GO significance is separate; marker panels are not GO enrichment tests
G04,cluster_tissue__C6__thymus,T2_up,AP1_transcription_factor_complex,GO:0035976,,0,0.9657670930902358,shared observed genes only; prior GO significance is separate; marker panels are not GO enrichment tests
G04,cluster_tissue__C6__thymus,T2_up,MAPK_cascade,GO:0000165,,0,1.0,shared observed genes only; prior GO significance is separate; marker panels are not GO enrichment tests
G04,cluster_tissue__C6__thymus,T2_up,iNKT17_identity_prior,expert_marker_panel,,0,,shared observed genes only; prior GO significance is separate; marker panels are not GO enrichment tests
G04,cluster_tissue__C6__thymus,T2_up,cytotoxic_core_prior,existing_PAGER_core,,0,,shared observed genes only; prior GO significance is separate; marker panels are not GO enrichment tests
G04,tissue__bone_marrow,T2_up,AP1_transcription_factor_complex,GO:0035976,,0,0.0010525875383537,shared observed genes only; prior GO significance is separate; marker panels are not GO enrichment tests
G04,tissue__bone_marrow,T2_up,MAPK_cascade,GO:0000165,,0,1.0,shared observed genes only; prior GO significance is separate; marker panels are not GO enrichment tests
G04,tissue__bone_marrow,T2_up,iNKT17_identity_prior,expert_marker_panel,,0,,shared observed genes only; prior GO significance is separate; marker panels are not GO enrichment tests
G04,tissue__bone_marrow,T2_up,cytotoxic_core_prior,existing_PAGER_core,,0,,shared observed genes only; prior GO significance is separate; marker panels are not GO enrichment tests
G04,tissue__spleen,T2_up,AP1_transcription_factor_complex,GO:0035976,,0,0.0004425792121528,shared observed genes only; prior GO significance is separate; marker panels are not GO enrichment tests
G04,tissue__spleen,T2_up,MAPK_cascade,GO:0000165,,0,1.0,shared observed genes only; prior GO significance is separate; marker panels are not GO enrichment tests
G04,tissue__spleen,T2_up,iNKT17_identity_prior,expert_marker_panel,,0,,shared observed genes only; prior GO significance is separate; marker panels are not GO enrichment tests
G04,tissue__spleen,T2_up,cytotoxic_core_prior,existing_PAGER_core,,0,,shared observed genes only; prior GO significance is separate; marker panels are not GO enrichment tests
G04,tissue__thymus,T2_up,AP1_transcription_factor_complex,GO:0035976,,0,0.1436861128161539,shared observed genes only; prior GO significance is separate; marker panels are not GO enrichment tests
G04,tissue__thymus,T2_up,MAPK_cascade,GO:0000165,,0,1.0,shared observed genes only; prior GO significance is separate; marker panels are not GO enrichment tests
G04,tissue__thymus,T2_up,iNKT17_identity_prior,expert_marker_panel,,0,,shared observed genes only; prior GO significance is separate; marker panels are not GO enrichment tests
G04,tissue__thymus,T2_up,cytotoxic_core_prior,existing_PAGER_core,,0,,shared observed genes only; prior GO significance is separate; marker panels are not GO enrichment tests
G05,cluster_tissue__C0__bone_marrow,T2_up,AP1_transcription_factor_complex,GO:0035976,,0,0.0002605570446049,shared observed genes only; prior GO significance is separate; marker panels are not GO enrichment tests
G05,cluster_tissue__C0__bone_marrow,T2_up,MAPK_cascade,GO:0000165,,0,1.0,shared observed genes only; prior GO significance is separate; marker panels are not GO enrichment tests
G05,cluster_tissue__C0__bone_marrow,T2_up,iNKT17_identity_prior,expert_marker_panel,,0,,shared observed genes only; prior GO significance is separate; marker panels are not GO enrichment tests
G05,cluster_tissue__C0__bone_marrow,T2_up,cytotoxic_core_prior,existing_PAGER_core,,0,,shared observed genes only; prior GO significance is separate; marker panels are not GO enrichment tests
G05,cluster_tissue__C3__spleen,T2_up,AP1_transcription_factor_complex,GO:0035976,Jun,1,0.0001932283887253,shared observed genes only; prior GO significance is separate; marker panels are not GO enrichment tests
G05,cluster_tissue__C3__spleen,T2_up,MAPK_cascade,GO:0000165,Jun,1,1.0,shared observed genes only; prior GO significance is separate; marker panels are not GO enrichment tests
G05,cluster_tissue__C3__spleen,T2_up,iNKT17_identity_prior,expert_marker_panel,,0,,shared observed genes only; prior GO significance is separate; marker panels are not GO enrichment tests
G05,cluster_tissue__C3__spleen,T2_up,cytotoxic_core_prior,existing_PAGER_core,,0,,shared observed genes only; prior GO significance is separate; marker panels are not GO enrichment tests
G05,cluster_tissue__C4__bone_marrow,T2_up,AP1_transcription_factor_complex,GO:0035976,,0,0.0350588237030336,shared observed genes only; prior GO significance is separate; marker panels are not GO enrichment tests
G05,cluster_tissue__C4__bone_marrow,T2_up,MAPK_cascade,GO:0000165,,0,1.0,shared observed genes only; prior GO significance is separate; marker panels are not GO enrichment tests
G05,cluster_tissue__C4__bone_marrow,T2_up,iNKT17_identity_prior,expert_marker_panel,,0,,shared observed genes only; prior GO significance is separate; marker panels are not GO enrichment tests
G05,cluster_tissue__C4__bone_marrow,T2_up,cytotoxic_core_prior,existing_PAGER_core,,0,,shared observed genes only; prior GO significance is separate; marker panels are not GO enrichment tests
G05,tissue__bone_marrow,T2_up,AP1_transcription_factor_complex,GO:0035976,Jun,1,0.0010525875383537,shared observed genes only; prior GO significance is separate; marker panels are not GO enrichment tests
G05,tissue__bone_marrow,T2_up,MAPK_cascade,GO:0000165,Jun,1,1.0,shared observed genes only; prior GO significance is separate; marker panels are not GO enrichment tests
G05,tissue__bone_marrow,T2_up,iNKT17_identity_prior,expert_marker_panel,,0,,shared observed genes only; prior GO significance is separate; marker panels are not GO enrichment tests
G05,tissue__bone_marrow,T2_up,cytotoxic_core_prior,existing_PAGER_core,,0,,shared observed genes only; prior GO significance is separate; marker panels are not GO enrichment tests
G05,tissue__spleen,T2_up,AP1_transcription_factor_complex,GO:0035976,Jun,1,0.0004425792121528,shared observed genes only; prior GO significance is separate; marker panels are not GO enrichment tests
G05,tissue__spleen,T2_up,MAPK_cascade,GO:0000165,Jun,1,1.0,shared observed genes only; prior GO significance is separate; marker panels are not GO enrichment tests
G05,tissue__spleen,T2_up,iNKT17_identity_prior,expert_marker_panel,,0,,shared observed genes only; prior GO significance is separate; marker panels are not GO enrichment tests
G05,tissue__spleen,T2_up,cytotoxic_core_prior,existing_PAGER_core,,0,,shared observed genes only; prior GO significance is separate; marker panels are not GO enrichment tests
G05,tissue__thymus,T2_up,AP1_transcription_factor_complex,GO:0035976,,0,0.1436861128161539,shared observed genes only; prior GO significance is separate; marker panels are not GO enrichment tests
G05,tissue__thymus,T2_up,MAPK_cascade,GO:0000165,,0,1.0,shared observed genes only; prior GO significance is separate; marker panels are not GO enrichment tests
G05,tissue__thymus,T2_up,iNKT17_identity_prior,expert_marker_panel,,0,,shared observed genes only; prior GO significance is separate; marker panels are not GO enrichment tests
G05,tissue__thymus,T2_up,cytotoxic_core_prior,existing_PAGER_core,,0,,shared observed genes only; prior GO significance is separate; marker panels are not GO enrichment tests
G06,cluster_tissue__C0__bone_marrow,T2_up,AP1_transcription_factor_complex,GO:0035976,,0,0.0002605570446049,shared observed genes only; prior GO significance is separate; marker panels are not GO enrichment tests
G06,cluster_tissue__C0__bone_marrow,T2_up,MAPK_cascade,GO:0000165,Itpkb,1,1.0,shared observed genes only; prior GO significance is separate; marker panels are not GO enrichment tests
G06,cluster_tissue__C0__bone_marrow,T2_up,iNKT17_identity_prior,expert_marker_panel,,0,,shared observed genes only; prior GO significance is separate; marker panels are not GO enrichment tests
G06,cluster_tissue__C0__bone_marrow,T2_up,cytotoxic_core_prior,existing_PAGER_core,,0,,shared observed genes only; prior GO significance is separate; marker panels are not GO enrichment tests
G06,cluster_tissue__C3__spleen,T2_up,AP1_transcription_factor_complex,GO:0035976,,0,0.0001932283887253,shared observed genes only; prior GO significance is separate; marker panels are not GO enrichment tests
G06,cluster_tissue__C3__spleen,T2_up,MAPK_cascade,GO:0000165,,0,1.0,shared observed genes only; prior GO significance is separate; marker panels are not GO enrichment tests
G06,cluster_tissue__C3__spleen,T2_up,iNKT17_identity_prior,expert_marker_panel,,0,,shared observed genes only; prior GO significance is separate; marker panels are not GO enrichment tests
G06,cluster_tissue__C3__spleen,T2_up,cytotoxic_core_prior,existing_PAGER_core,,0,,shared observed genes only; prior GO significance is separate; marker panels are not GO enrichment tests
G06,cluster_tissue__C4__bone_marrow,T2_up,AP1_transcription_factor_complex,GO:0035976,,0,0.0350588237030336,shared observed genes only; prior GO significance is separate; marker panels are not GO enrichment tests
G06,cluster_tissue__C4__bone_marrow,T2_up,MAPK_cascade,GO:0000165,,0,1.0,shared observed genes only; prior GO significance is separate; marker panels are not GO enrichment tests
G06,cluster_tissue__C4__bone_marrow,T2_up,iNKT17_identity_prior,expert_marker_panel,,0,,shared observed genes only; prior GO significance is separate; marker panels are not GO enrichment tests
G06,cluster_tissue__C4__bone_marrow,T2_up,cytotoxic_core_prior,existing_PAGER_core,,0,,shared observed genes only; prior GO significance is separate; marker panels are not GO enrichment tests
G06,cluster_tissue__C5-1__spleen,T2_up,AP1_transcription_factor_complex,GO:0035976,,0,0.014484166287265,shared observed genes only; prior GO significance is separate; marker panels are not GO enrichment tests
G06,cluster_tissue__C5-1__spleen,T2_up,MAPK_cascade,GO:0000165,,0,1.0,shared observed genes only; prior GO significance is separate; marker panels are not GO enrichment tests
G06,cluster_tissue__C5-1__spleen,T2_up,iNKT17_identity_prior,expert_marker_panel,,0,,shared observed genes only; prior GO significance is separate; marker panels are not GO enrichment tests
G06,cluster_tissue__C5-1__spleen,T2_up,cytotoxic_core_prior,existing_PAGER_core,,0,,shared observed genes only; prior GO significance is separate; marker panels are not GO enrichment tests
G06,cluster_tissue__C6__thymus,T2_up,AP1_transcription_factor_complex,GO:0035976,,0,0.9657670930902358,shared observed genes only; prior GO significance is separate; marker panels are not GO enrichment tests
G06,cluster_tissue__C6__thymus,T2_up,MAPK_cascade,GO:0000165,,0,1.0,shared observed genes only; prior GO significance is separate; marker panels are not GO enrichment tests
G06,cluster_tissue__C6__thymus,T2_up,iNKT17_identity_prior,expert_marker_panel,,0,,shared observed genes only; prior GO significance is separate; marker panels are not GO enrichment tests
G06,cluster_tissue__C6__thymus,T2_up,cytotoxic_core_prior,existing_PAGER_core,,0,,shared observed genes only; prior GO significance is separate; marker panels are not GO enrichment tests
G06,tissue__bone_marrow,T2_up,AP1_transcription_factor_complex,GO:0035976,,0,0.0010525875383537,shared observed genes only; prior GO significance is separate; marker panels are not GO enrichment tests
G06,tissue__bone_marrow,T2_up,MAPK_cascade,GO:0000165,,0,1.0,shared observed genes only; prior GO significance is separate; marker panels are not GO enrichment tests
G06,tissue__bone_marrow,T2_up,iNKT17_identity_prior,expert_marker_panel,,0,,shared observed genes only; prior GO significance is separate; marker panels are not GO enrichment tests
G06,tissue__bone_marrow,T2_up,cytotoxic_core_prior,existing_PAGER_core,,0,,shared observed genes only; prior GO significance is separate; marker panels are not GO enrichment tests
G06,tissue__spleen,T2_up,AP1_transcription_factor_complex,GO:0035976,,0,0.0004425792121528,shared observed genes only; prior GO significance is separate; marker panels are not GO enrichment tests
G06,tissue__spleen,T2_up,MAPK_cascade,GO:0000165,,0,1.0,shared observed genes only; prior GO significance is separate; marker panels are not GO enrichment tests
G06,tissue__spleen,T2_up,iNKT17_identity_prior,expert_marker_panel,,0,,shared observed genes only; prior GO significance is separate; marker panels are not GO enrichment tests
G06,tissue__spleen,T2_up,cytotoxic_core_prior,existing_PAGER_core,,0,,shared observed genes only; prior GO significance is separate; marker panels are not GO enrichment tests
G06,tissue__thymus,T2_up,AP1_transcription_factor_complex,GO:0035976,,0,0.1436861128161539,shared observed genes only; prior GO significance is separate; marker panels are not GO enrichment tests
G06,tissue__thymus,T2_up,MAPK_cascade,GO:0000165,,0,1.0,shared observed genes only; prior GO significance is separate; marker panels are not GO enrichment tests
G06,tissue__thymus,T2_up,iNKT17_identity_prior,expert_marker_panel,,0,,shared observed genes only; prior GO significance is separate; marker panels are not GO enrichment tests
G06,tissue__thymus,T2_up,cytotoxic_core_prior,existing_PAGER_core,,0,,shared observed genes only; prior GO significance is separate; marker panels are not GO enrichment tests
G07,cluster_tissue__C3__spleen,T2_up,AP1_transcription_factor_complex,GO:0035976,,0,0.0001932283887253,shared observed genes only; prior GO significance is separate; marker panels are not GO enrichment tests
G07,cluster_tissue__C3__spleen,T2_up,MAPK_cascade,GO:0000165,,0,1.0,shared observed genes only; prior GO significance is separate; marker panels are not GO enrichment tests
G07,cluster_tissue__C3__spleen,T2_up,iNKT17_identity_prior,expert_marker_panel,,0,,shared observed genes only; prior GO significance is separate; marker panels are not GO enrichment tests
G07,cluster_tissue__C3__spleen,T2_up,cytotoxic_core_prior,existing_PAGER_core,,0,,shared observed genes only; prior GO significance is separate; marker panels are not GO enrichment tests
G07,cluster_tissue__C4__bone_marrow,T2_up,AP1_transcription_factor_complex,GO:0035976,,0,0.0350588237030336,shared observed genes only; prior GO significance is separate; marker panels are not GO enrichment tests
G07,cluster_tissue__C4__bone_marrow,T2_up,MAPK_cascade,GO:0000165,,0,1.0,shared observed genes only; prior GO significance is separate; marker panels are not GO enrichment tests
G07,cluster_tissue__C4__bone_marrow,T2_up,iNKT17_identity_prior,expert_marker_panel,,0,,shared observed genes only; prior GO significance is separate; marker panels are not GO enrichment tests
G07,cluster_tissue__C4__bone_marrow,T2_up,cytotoxic_core_prior,existing_PAGER_core,,0,,shared observed genes only; prior GO significance is separate; marker panels are not GO enrichment tests
G07,cluster_tissue__C5-1__bone_marrow,T2_up,AP1_transcription_factor_complex,GO:0035976,,0,1.0,shared observed genes only; prior GO significance is separate; marker panels are not GO enrichment tests
G07,cluster_tissue__C5-1__bone_marrow,T2_up,MAPK_cascade,GO:0000165,,0,1.0,shared observed genes only; prior GO significance is separate; marker panels are not GO enrichment tests
G07,cluster_tissue__C5-1__bone_marrow,T2_up,iNKT17_identity_prior,expert_marker_panel,,0,,shared observed genes only; prior GO significance is separate; marker panels are not GO enrichment tests
G07,cluster_tissue__C5-1__bone_marrow,T2_up,cytotoxic_core_prior,existing_PAGER_core,,0,,shared observed genes only; prior GO significance is separate; marker panels are not GO enrichment tests
G07,cluster_tissue__C5-1__spleen,T2_up,AP1_transcription_factor_complex,GO:0035976,,0,0.014484166287265,shared observed genes only; prior GO significance is separate; marker panels are not GO enrichment tests
G07,cluster_tissue__C5-1__spleen,T2_up,MAPK_cascade,GO:0000165,,0,1.0,shared observed genes only; prior GO significance is separate; marker panels are not GO enrichment tests
G07,cluster_tissue__C5-1__spleen,T2_up,iNKT17_identity_prior,expert_marker_panel,,0,,shared observed genes only; prior GO significance is separate; marker panels are not GO enrichment tests
G07,cluster_tissue__C5-1__spleen,T2_up,cytotoxic_core_prior,existing_PAGER_core,,0,,shared observed genes only; prior GO significance is separate; marker panels are not GO enrichment tests
G07,tissue__spleen,T2_up,AP1_transcription_factor_complex,GO:0035976,,0,0.0004425792121528,shared observed genes only; prior GO significance is separate; marker panels are not GO enrichment tests
G07,tissue__spleen,T2_up,MAPK_cascade,GO:0000165,,0,1.0,shared observed genes only; prior GO significance is separate; marker panels are not GO enrichment tests
G07,tissue__spleen,T2_up,iNKT17_identity_prior,expert_marker_panel,,0,,shared observed genes only; prior GO significance is separate; marker panels are not GO enrichment tests
G07,tissue__spleen,T2_up,cytotoxic_core_prior,existing_PAGER_core,,0,,shared observed genes only; prior GO significance is separate; marker panels are not GO enrichment tests
